category,family,n_variants,best_variant,pbo,is_sharpe_ann,oos_sharpe_ann,oos_active_rate,pass
higher_timeframe,h4_adx,2,h4_adx_20,0.0,0.005997391630194031,-0.020494374896303208,0.16432272390821615,False
higher_timeframe,h4_bb_width,2,h4_bb_width_20,0.0,-0.07577307622583189,-0.3312159177833707,0.24278312361213916,False
higher_timeframe,h4_choppiness_index,2,h4_choppiness_index_50,0.0,-0.13639717913485913,0.3410307778483793,0.2153960029607698,True
higher_timeframe,h4_efficiency_ratio,2,h4_efficiency_ratio_50,0.0,-0.06332796175672775,-0.07654832822274896,0.20873427091043673,False
mean_reversion,donchian_position,12,donchian_position_50,0.23809523809523808,0.7211434785084387,-0.04111289067614625,0.1991117690599556,False
mean_reversion,stochastic_k,12,stochastic_k_50,0.23809523809523808,0.7211434785084387,-0.04111289067614625,0.1991117690599556,False
mean_reversion,williams_r,12,williams_r_50,0.23809523809523808,0.7211434785084387,-0.04111289067614625,0.1991117690599556,False
mean_reversion,zscore_vs_ma,12,zscore_vs_ma_100_pctrank2000,0.40476190476190477,0.13415963189255997,0.053986561317375094,0.20355292376017764,True
mean_reversion,stochastic_d,12,stochastic_d_20_pctrank500,0.5515873015873016,0.4461460605969424,0.3338243908934368,0.18652849740932642,False
mean_reversion,rsi,12,rsi_20_pctrank500,0.6865079365079365,0.26658787743602586,-0.23196606729150201,0.20799407846039972,False
mean_reversion,cci,12,cci_50,0.9047619047619048,0.6606659377243943,-0.6809499667961605,0.19319022945965952,False
momentum,macd_hist,1,macd_hist,0.0,0.48201127474677763,0.24676558767732415,0.21835677276091783,True
momentum,autocorr_returns,12,autocorr_returns_50,0.10714285714285714,0.35443852724606406,0.13865875913986453,0.23612139156180606,True
momentum,aroon_down,12,aroon_down_20_pctrank2000,0.31746031746031744,0.535828158852924,0.21493460931251268,0.1991117690599556,True
momentum,roc,12,roc_50_pctrank2000,0.3333333333333333,0.5215743532833875,-0.4361139738375878,0.2146558105107328,False
momentum,aroon_up,12,aroon_up_50_pctrank500,0.49206349206349204,0.3395747841167282,-0.3119010110405461,0.20577350111028866,False
momentum,ma_slope,12,ma_slope_100,0.7619047619047619,0.005272011261443831,-0.15132621045037778,0.18134715025906736,False
other,hour,1,hour,0.0,0.2957818875326421,-0.19842010195884038,0.2161361954108068,False
price_action,streak_length,1,streak_length,0.0,-0.07885461715859918,0.3829595975030331,0.22205773501110287,True
price_action,dist_from_low,12,dist_from_low_20_pctrank500,0.14682539682539683,0.012489090933741618,-0.0037946772865441415,0.20873427091043673,False
price_action,dist_from_high,12,dist_from_high_10_pctrank500,0.2619047619047619,0.7512888990412764,-0.05198509642773605,0.19245003700962252,False
price_action,avg_gap,12,avg_gap_50_pctrank500,0.40476190476190477,0.5567409769892004,-0.20938648942287486,0.21391561806069578,False
price_action,kurt_returns,12,kurt_returns_10_pctrank500,0.45634920634920634,0.29652098631748464,0.49625487026106835,0.21317542561065878,True
price_action,skew_returns,12,skew_returns_10,0.8293650793650794,0.6532166065119173,-0.22257487794706293,0.1857883049592894,False
trend_strength,variance_ratio_2,12,variance_ratio_2_50,0.14285714285714285,0.4577210135568472,-0.022271208068239456,0.22723908216136196,False
trend_strength,adx,12,adx_20_pctrank500,0.23809523809523808,0.4892769229267964,0.1816392077427247,0.19541080680977055,True
trend_strength,choppiness_index,12,choppiness_index_10_pctrank500,0.32936507936507936,0.33081422156891555,0.04019052559611611,0.20355292376017764,True
trend_strength,linreg_r2,12,linreg_r2_10_pctrank2000,0.3333333333333333,0.3610704844778123,-0.03834270249034083,0.20281273131014063,False
trend_strength,adx_slope,12,adx_slope_10,0.4246031746031746,0.40494516637923916,0.024068322639969584,0.22131754256106587,True
trend_strength,efficiency_ratio,12,efficiency_ratio_20,0.8214285714285714,0.24934739242596582,-0.44106956055610935,0.20355292376017764,False
volatility,garman_klass_vol,12,garman_klass_vol_10_pctrank500,0.06349206349206349,0.5685828880529106,-0.30846163988233893,0.21021465581051074,False
volatility,parkinson_vol,12,parkinson_vol_10_pctrank500,0.17857142857142858,0.3393921871187746,-0.34129756524996396,0.1998519615099926,False
volatility,atr,12,atr_10_pctrank500,0.2222222222222222,0.5367892305260572,-0.8110889760953183,0.22057735011102886,False
volatility,bb_width,12,bb_width_10_pctrank500,0.23412698412698413,0.4632234344329338,0.23166061282595526,0.20873427091043673,True
volatility,keltner_width,12,keltner_width_10_pctrank500,0.3253968253968254,0.5325956339077823,-0.7610875086600911,0.20799407846039972,False
volatility,vol_of_vol,12,vol_of_vol_10_pctrank500,0.4722222222222222,0.383402418045865,-0.3200230972240179,0.19837157660991858,False
volatility,realized_vol,12,realized_vol_10_pctrank500,0.5198412698412699,0.27232440584620526,-0.4830399775297799,0.20947446336047373,False
volume,mfi,12,mfi_50_pctrank500,0.2222222222222222,0.23384886481159264,0.4609190821407647,0.20725388601036268,True
