horizon,rule,k,oos_sharpe_ann,activation_rate,folds_positive
4小时,单因子:均值回归,-,0.2533691023595574,0.19992968366903213,3/5
4小时,单因子:动量,-,0.48869379683850495,0.1998186578832934,5/5
4小时,单因子:波动率,-,0.17962192213291625,0.19967987565111997,4/5
4小时,单因子:价格行为,-,0.2082564104470694,0.20088265499662297,3/5
4小时,至少1/4票安全,1,0.4404902050569368,0.5479274611398963,4/5
4小时,至少2/4票安全,2,0.1400920199850214,0.19541080680977055,3/5
4小时,至少3/4票安全,3,0.34570842041767086,0.04837157660991858,4/5
4小时,至少4/4票安全,4,0.5884626743389424,0.0074389341228719465,5/5
8小时,单因子:均值回归,-,0.2502655361232752,0.19992968366903213,3/5
8小时,单因子:动量,-,0.07478464627920434,0.1998186578832934,3/5
8小时,单因子:波动率,-,0.14706604855670186,0.19967987565111997,2/5
8小时,单因子:价格行为,-,0.05426813655741246,0.20088265499662297,2/5
8小时,至少1/4票安全,1,0.03555957605094135,0.5437453737971872,3/5
8小时,至少2/4票安全,2,0.07616319405301435,0.19400444115470022,3/5
8小时,至少3/4票安全,3,0.32472559729005196,0.047224278312361215,4/5
8小时,至少4/4票安全,4,0.22955598556303014,0.007772020725388601,4/5
