variant,family,category,mode,n_active,n_long,n_short,sharpe,sharpe_long,sharpe_short,wf_oos_sharpe_all,wf_oos_sharpe_long,wf_oos_sharpe_short,wf_n_long,wf_n_short,wf_n_folds_positive,wf_n_folds_total
bb_width_100,bb_width,volatility,reversion,7862,4522,3340,0.02484685412205502,0.03940726024259353,0.008738941202800192,0.02266507616471807,0.03363521350788095,0.009083357556604695,3827,2578,3,5
ma_slope_100,ma_slope,momentum,reversion,4654,2294,2360,-0.024094800418869435,-0.04237108387035309,-0.009668000302905098,-0.020004692703469818,-0.043359747298461045,-0.003457556589005698,1899,1893,2,5
ma_slope_100_pctrank500,ma_slope,momentum,reversion,5991,2985,3006,-0.02383116205095356,-0.02686952820913114,-0.020852481389267784,-0.030166569964578765,-0.032270572529245097,-0.028054524627105924,2473,2484,2,5
avg_gap_50,avg_gap,price_action,reversion,15716,12016,3700,0.023596949694367115,0.025526221876369888,0.019952962084290985,-0.00047503960815551294,-0.0016310722669706209,0.016692097077743818,12473,481,2,5
stochastic_d_100_pctrank2000,stochastic_d,mean_reversion,reversion,42036,20620,21416,-0.022337365524601093,-0.008477083219524957,-0.037874188033686834,-0.024131896369757103,-0.013338274148165343,-0.036227169238575885,17143,17652,0,5
donchian_position_100,donchian_position,mean_reversion,reversion,71501,34900,36601,-0.021616075422237972,-0.016090617908241962,-0.02745105344231784,-0.028539375065386605,-0.020771941436728007,-0.03678218125427298,29103,29786,0,5
williams_r_100,williams_r,mean_reversion,reversion,71501,34900,36601,-0.021616075422237972,-0.016090617908241962,-0.02745105344231784,-0.028539375065386605,-0.020771941436728007,-0.03678218125427298,29103,29786,0,5
stochastic_k_100,stochastic_k,mean_reversion,reversion,71501,34900,36601,-0.021616075422237972,-0.016090617908241962,-0.02745105344231784,-0.028539375065386605,-0.020771941436728007,-0.03678218125427298,29103,29786,0,5
vol_of_vol_100,vol_of_vol,volatility,reversion,9550,5730,3820,0.02129416512437817,0.025959793678022963,0.01369419053621037,0.028427042562284326,0.028123021622854207,0.02909458321403751,5360,2457,5,5
atr_50,atr,volatility,reversion,7660,4635,3025,0.021105417285051754,0.04482761383505733,-0.006087006657652999,-0.0024885294287957105,0.030161472085592764,-0.03824143545932961,3787,3568,2,5
bb_width_100_pctrank500,bb_width,volatility,reversion,10859,6367,4492,0.020342765438818033,0.02817319007182979,0.00932239927579413,0.017212283671300854,0.020686277369648703,0.012401516001874979,5369,3750,4,5
ma_slope_50_pctrank500,ma_slope,momentum,reversion,10921,5441,5480,-0.019125634872414088,-0.009511027429561806,-0.029940254429805985,-0.00931443191555244,-0.006220972117427746,-0.01285459165166413,4497,4528,2,5
williams_r_100_pctrank2000,williams_r,mean_reversion,reversion,73187,35753,37434,-0.01861876706106329,-0.017186843354948095,-0.02024428422676599,-0.026272234799278506,-0.027863974605237166,-0.024633980074507893,29878,30867,0,5
stochastic_k_100_pctrank2000,stochastic_k,mean_reversion,reversion,73187,35753,37434,-0.01861876706106329,-0.017186843354948095,-0.02024428422676599,-0.026272234799278506,-0.027863974605237166,-0.024633980074507893,29878,30867,0,5
donchian_position_100_pctrank2000,donchian_position,mean_reversion,reversion,73187,35753,37434,-0.01861876706106329,-0.017186843354948095,-0.02024428422676599,-0.026272234799278506,-0.027863974605237166,-0.024633980074507893,29878,30867,0,5
garman_klass_vol_20_pctrank500,garman_klass_vol,volatility,reversion,24544,14219,10325,0.01818791739272487,0.023235992684772694,0.013060647841876495,0.016431527407149447,0.02205822652514529,0.0101945869032112,12257,8430,5,5
parkinson_vol_100_pctrank2000,parkinson_vol,volatility,reversion,8927,5225,3702,0.017957855688254202,0.026242184878196018,0.004481696378326864,0.016767408962064263,0.03311129163523628,-0.010968026179889522,4325,3010,4,5
adx_50_pctrank2000,adx,trend_strength,reversion,13056,7367,5689,0.017891866479118595,0.022691664263230944,0.011768327696365944,0.022723640524430377,0.03204634080887256,0.010835304112844783,6110,4745,3,5
parkinson_vol_20,parkinson_vol,volatility,reversion,18872,10383,8489,0.01771366815888938,0.015404805637236414,0.020207260839742787,-0.0005617021999098662,0.00418709561115034,-0.006133441443186762,9843,6458,2,5
stochastic_d_100,stochastic_d,mean_reversion,reversion,40781,19984,20797,-0.017602090764681423,-0.00472214914425149,-0.031272818460331704,-0.017795914642895424,-0.005174246939968928,-0.03136889957563179,16673,16916,0,5
parkinson_vol_20_pctrank500,parkinson_vol,volatility,reversion,25379,14825,10554,0.017508024257551724,0.022668032971766734,0.011967871759277486,0.01373526822256389,0.01751173197906379,0.009393623029187566,12616,8636,4,5
ma_slope_50_pctrank2000,ma_slope,momentum,reversion,9876,4926,4950,-0.01743238143285938,-0.01368831289109715,-0.02192050527060821,-0.011796478449194917,-0.0026059560626985733,-0.02245646693484326,4066,4130,0,5
hour,hour,other,momentum,285403,143033,142370,-0.017300457132401963,0.012062483572014494,-0.04669935948793659,-0.013333955130860243,0.018832820502804135,-0.04557064959325982,106222,105248,0,5
choppiness_index_100_pctrank2000,choppiness_index,trend_strength,reversion,20045,8742,11303,-0.017271439452982686,1.62254317424799e-05,-0.030550654494494633,-0.020871606142023772,-0.007797699336081122,-0.031134335916239382,7369,9517,1,5
garman_klass_vol_20,garman_klass_vol,volatility,reversion,18336,10107,8229,0.01692512443158253,0.019763415745822778,0.014860331181107989,0.0018861027520984618,0.004547233441111562,-0.0011506440010906399,9399,6281,4,5
