variant_a,family_a,mode_a,variant_b,family_b,mode_b,n_active,annual_rate,n_long,n_short,sharpe,sharpe_long,sharpe_short,wf_oos_sharpe_all,wf_oos_sharpe_long,wf_oos_sharpe_short,wf_n_long,wf_n_short,wf_n_folds_positive,wf_n_folds_total
vol_of_vol_100,vol_of_vol,reversion,autocorr_returns_50_pctrank2000,autocorr_returns,reversion,273,22.366459753105655,178,95,0.15015763592135745,0.15974742436288186,0.13007845863540565,0.018937553415908272,0.0007109248221348317,0.07938472084844914,134,41,2,5
stochastic_d_100_pctrank2000,stochastic_d,reversion,keltner_width_20,keltner_width,reversion,319,26.135167257291954,185,134,0.12444134968381225,0.03758057294505433,0.22442404144947503,0.024247421406939005,-0.04992486762610475,0.1591280965004866,186,101,3,5
avg_gap_50,avg_gap,reversion,garman_klass_vol_20_pctrank500,garman_klass_vol,reversion,266,21.792960785077305,231,35,0.1193855459046928,0.10232009970700934,0.20649706952708624,0.10606836602898773,0.08895604693453087,,292,5,4,5
williams_r_100,williams_r,reversion,parkinson_vol_100_pctrank2000,parkinson_vol,reversion,383,31.378586393551156,309,74,-0.11623206865160816,-0.11216822201902281,-0.1402297362870589,-0.08072244602399355,-0.08174251741676705,-0.07663174984332305,265,67,0,5
donchian_position_100,donchian_position,reversion,parkinson_vol_100_pctrank2000,parkinson_vol,reversion,383,31.378586393551156,309,74,-0.11623206865160816,-0.11216822201902281,-0.1402297362870589,-0.08072244602399355,-0.08174251741676705,-0.07663174984332305,265,67,0,5
stochastic_k_100,stochastic_k,reversion,parkinson_vol_100_pctrank2000,parkinson_vol,reversion,383,31.378586393551156,309,74,-0.11623206865160816,-0.11216822201902281,-0.1402297362870589,-0.08072244602399355,-0.08174251741676705,-0.07663174984332305,265,67,0,5
avg_gap_50,avg_gap,reversion,zscore_vs_ma_100_pctrank500,zscore_vs_ma,reversion,502,41.12806885003311,395,107,0.10826630843458578,0.13300502948581433,0.01888964562880488,0.04444909399636652,0.040868810511645044,0.1316736637324173,419,11,3,5
avg_gap_50,avg_gap,reversion,williams_r_100,williams_r,reversion,515,42.193138362085755,419,96,0.1065555877397569,0.13710500645570917,0.018390909815497056,-0.011747867758476227,0.0016484988892304883,-0.44733278443075597,406,12,3,5
avg_gap_50,avg_gap,reversion,stochastic_k_100,stochastic_k,reversion,515,42.193138362085755,419,96,0.1065555877397569,0.13710500645570917,0.018390909815497056,-0.011747867758476227,0.0016484988892304883,-0.44733278443075597,406,12,3,5
avg_gap_50,avg_gap,reversion,donchian_position_100,donchian_position,reversion,515,42.193138362085755,419,96,0.1065555877397569,0.13710500645570917,0.018390909815497056,-0.011747867758476227,0.0016484988892304883,-0.44733278443075597,406,12,3,5
adx_50_pctrank2000,adx,reversion,autocorr_returns_50_pctrank2000,autocorr_returns,reversion,292,23.923099809182602,162,130,0.10606522344996228,0.07189971480811871,0.14435258130345993,0.10817871358208576,0.14390846066031615,0.07896032250883349,138,114,4,5
realized_vol_100_pctrank2000,realized_vol,reversion,variance_ratio_2_50_pctrank2000,variance_ratio_2,reversion,311,25.479739865259553,184,127,0.10453433472793339,0.1577194782691248,0.01069812199237559,0.05493449103006525,0.1394377689074592,-0.10719485424564738,152,100,3,5
dist_from_low_100_pctrank2000,dist_from_low,reversion,mfi_10_pctrank2000,mfi,reversion,506,41.455782546049306,375,131,-0.10442696701542818,-0.08934218064959375,-0.16919575208037757,-0.12510847678315073,-0.12324070967743474,-0.142750512796121,333,126,0,5
choppiness_index_100_pctrank2000,choppiness_index,reversion,cci_100_pctrank500,cci,reversion,263,21.547175513065152,188,75,-0.10385498692416201,-0.07671575680304377,-0.1784451963435993,-0.13392898125097527,-0.10463793325519266,-0.1992075576607818,142,65,1,5
choppiness_index_100_pctrank2000,choppiness_index,reversion,dist_from_high_100,dist_from_high,reversion,654,53.58118929864871,353,301,-0.10230806247372441,-0.09055796997076405,-0.1155288359945367,-0.09026731540861313,-0.05420152807281192,-0.12272943908648788,304,247,1,5
keltner_width_20,keltner_width,reversion,rsi_100_pctrank500,rsi,reversion,393,32.197870633591656,280,113,0.10043052973952996,0.1257237722315327,0.07310569117421961,-0.010022007686959261,-0.011521976494955196,-0.005702623568140477,255,81,2,5
hour,hour,momentum,aroon_down_10,aroon_down,reversion,6129,502.13931072082255,0,6129,-0.09557679514309328,,-0.09557679514309328,-0.06865767356811245,-0.02504174935806959,-0.08359117094722286,1647,4351,0,5
bb_width_100,bb_width,reversion,variance_ratio_2_50_pctrank2000,variance_ratio_2,reversion,332,27.200236769344606,224,108,0.0932878243580714,0.0268535989902016,0.1689230178067164,0.05353647529292759,0.028610859471942775,0.08783029412878081,207,89,2,5
kurt_returns_100,kurt_returns,reversion,mean_reversion_speed_50_pctrank500,mean_reversion_speed,reversion,641,52.51611978659606,462,179,0.0925521462113718,0.09604769074790702,0.08636506061576033,0.07816816470439036,0.09333027477361518,0.01616138241455386,431,136,5,5
ma_slope_100,ma_slope,reversion,aroon_up_10_pctrank500,aroon_up,reversion,329,26.954451497332453,165,164,-0.09166326792983626,-0.13320196059570683,-0.04296948810505505,0.012083267614129757,-0.006901247265340374,0.03885733892295647,145,112,2,5
avg_gap_50,avg_gap,reversion,stochastic_d_100_pctrank2000,stochastic_d,reversion,254,20.809819697028704,200,54,0.09044267464878517,0.1049851687965005,0.03774576062655947,-0.012601799694811495,-0.01753017504188817,,222,7,3,5
mfi_10_pctrank2000,mfi,reversion,rsi_100_pctrank500,rsi,reversion,320,26.217095681296005,177,143,-0.08847863033802551,-0.12254287793394292,-0.020744252168359154,-0.05072818176661418,-0.08410014799668328,0.009171401020208646,147,130,1,5
stochastic_d_100_pctrank2000,stochastic_d,reversion,efficiency_ratio_20,efficiency_ratio,momentum,3118,255.45282604462795,1425,1693,-0.0822477661957832,-0.06842236294754016,-0.09518113158265783,-0.07904616741691257,-0.07201168357679708,-0.08598723634175238,1233,1393,0,5
realized_vol_100_pctrank2000,realized_vol,reversion,roc_10,roc,reversion,562,46.043774290276104,377,185,0.08207267552479867,0.06573030370401065,0.11042500816205411,0.06310878815318671,0.10530663209573575,0.0023095458554302823,317,151,4,5
ma_slope_100,ma_slope,reversion,linreg_r2_20_pctrank500,linreg_r2,momentum,490,40.144927761984505,246,244,-0.08059252174393719,-0.09794953485298225,-0.0691091127096154,-0.04497574967064647,-0.1531134789427433,0.03166204091451708,206,208,2,5
dist_from_low_100_pctrank2000,dist_from_low,reversion,ma_cross_count_50,ma_cross_count,reversion,530,43.42206472214651,470,60,-0.08045281294303985,-0.07137542419034135,-0.14100813598254497,-0.11100240872863072,-0.10464617742663254,-0.15709847711997013,409,49,0,5
hour,hour,momentum,realized_vol_100_pctrank2000,realized_vol,reversion,1133,92.82490439658866,122,1011,-0.07869492702594272,0.06003570394785483,-0.1111369949227856,-0.12010184261411709,0.13854705333462802,-0.14060411408991078,69,785,1,5
parkinson_vol_100_pctrank2000,parkinson_vol,reversion,aroon_down_10,aroon_down,reversion,252,20.645962849020602,0,252,0.07834037205214574,,0.07834037205214574,0.012798923786972224,-0.017939229347451534,0.03371654771814728,71,208,2,5
avg_gap_50,avg_gap,reversion,roc_10,roc,reversion,762,62.42945909108611,600,162,0.0779113019755209,0.10134828299654272,-0.007205926100321127,0.029817194855677426,0.026418282192688464,0.1010374687442232,671,24,3,5
parkinson_vol_100_pctrank2000,parkinson_vol,reversion,aroon_up_10_pctrank500,aroon_up,reversion,786,64.39574126718331,493,293,0.07608194887015042,0.08836519565851403,0.055582306334098115,0.04730498475447093,0.0749117382505943,-0.004443658250631275,405,225,4,5
