variant_a,family_a,mode_a,variant_b,family_b,mode_b,n_active,annual_rate,n_long,n_short,sharpe,sharpe_long,sharpe_short
bb_width_100,bb_width,reversion,hour,hour,momentum,900,73.73558160364502,180,720,0.007903541353768662,0.022643775375105105,0.004707686546684836
bb_width_100,bb_width,reversion,aroon_down_10,aroon_down,reversion,263,21.547175513065152,0,263,0.061040191844690346,,0.061040191844690346
bb_width_100,bb_width,reversion,aroon_up_10_pctrank500,aroon_up,reversion,594,48.66548385840571,364,230,0.07428043434437048,0.030639764057886078,0.12918774462655902
bb_width_100,bb_width,reversion,streak_length,streak_length,momentum,1022,83.73084933213912,658,364,0.03928747526430574,0.0326592147199495,0.04944313249769866
bb_width_100,bb_width,reversion,efficiency_ratio_20,efficiency_ratio,momentum,1371,112.32386930955256,1127,244,0.07204128605288992,0.07758247255690148,0.04955411658072296
bb_width_100,bb_width,reversion,linreg_r2_20_pctrank500,linreg_r2,momentum,1167,95.61047081272636,895,272,0.06684303892493593,0.08002948550903127,0.037787560506490125
bb_width_100,bb_width,reversion,roc_10,roc,reversion,347,28.429163129405353,152,195,0.003515272541487736,0.025465256793166993,-0.006265092289060461
bb_width_100,bb_width,reversion,variance_ratio_2_50_pctrank2000,variance_ratio_2,reversion,332,27.200236769344606,224,108,0.0932878243580714,0.0268535989902016,0.1689230178067164
bb_width_100,bb_width,reversion,macd_hist,macd_hist,momentum,1182,96.83939717278712,852,330,0.06510378154775728,0.0512049573461656,0.09192972859117071
ma_slope_100,ma_slope,reversion,hour,hour,momentum,455,37.27743292184276,243,212,-0.002646859046735931,-0.013057773983148693,0.006075664771234144
ma_slope_100,ma_slope,reversion,aroon_up_10_pctrank500,aroon_up,reversion,329,26.954451497332453,165,164,-0.09166326792983626,-0.13320196059570683,-0.04296948810505505
ma_slope_100,ma_slope,reversion,streak_length,streak_length,momentum,631,51.69683554655556,320,311,0.005695654838370586,0.014455041607302462,-0.0006566347774158822
ma_slope_100,ma_slope,reversion,efficiency_ratio_20,efficiency_ratio,momentum,536,43.91363526617081,273,263,-0.05242123311802072,-0.062325535290813146,-0.04284910012357789
ma_slope_100,ma_slope,reversion,linreg_r2_20_pctrank500,linreg_r2,momentum,490,40.144927761984505,246,244,-0.08059252174393719,-0.09794953485298225,-0.0691091127096154
ma_slope_100,ma_slope,reversion,macd_hist,macd_hist,momentum,523,42.848565754118155,309,214,-0.021356099016794413,-0.019605631617453816,-0.024245469998991694
avg_gap_50,avg_gap,reversion,stochastic_d_100_pctrank2000,stochastic_d,reversion,254,20.809819697028704,200,54,0.09044267464878517,0.1049851687965005,0.03774576062655947
avg_gap_50,avg_gap,reversion,williams_r_100,williams_r,reversion,515,42.193138362085755,419,96,0.1065555877397569,0.13710500645570917,0.018390909815497056
avg_gap_50,avg_gap,reversion,stochastic_k_100,stochastic_k,reversion,515,42.193138362085755,419,96,0.1065555877397569,0.13710500645570917,0.018390909815497056
avg_gap_50,avg_gap,reversion,donchian_position_100,donchian_position,reversion,515,42.193138362085755,419,96,0.1065555877397569,0.13710500645570917,0.018390909815497056
avg_gap_50,avg_gap,reversion,garman_klass_vol_20_pctrank500,garman_klass_vol,reversion,266,21.792960785077305,231,35,0.1193855459046928,0.10232009970700934,0.20649706952708624
avg_gap_50,avg_gap,reversion,hour,hour,momentum,1951,159.84235523190156,1557,394,0.017253667603208706,0.05702104160800915,-0.09336595869331794
avg_gap_50,avg_gap,reversion,aroon_down_10,aroon_down,reversion,250,20.482106001012504,0,250,0.064651748783128,,0.064651748783128
avg_gap_50,avg_gap,reversion,cci_100_pctrank500,cci,reversion,356,29.166518945441805,292,64,0.05661851199281993,0.04169942818280343,0.11098835700991283
avg_gap_50,avg_gap,reversion,aroon_up_10_pctrank500,aroon_up,reversion,1379,112.97929670158497,1118,261,0.018267244109327885,-0.007359072878314824,0.09699069065063083
avg_gap_50,avg_gap,reversion,streak_length,streak_length,momentum,1807,148.04466217531836,1394,413,0.01528617504707881,0.022501570066949757,-0.0014720839311184444
avg_gap_50,avg_gap,reversion,efficiency_ratio_20,efficiency_ratio,momentum,1644,134.69032906265824,1250,394,0.02262563599053953,0.020827491254889443,0.027781009466081617
avg_gap_50,avg_gap,reversion,dist_from_low_100_pctrank2000,dist_from_low,reversion,540,44.241348962187004,490,50,0.03492400272399802,0.04395704529853008,-0.07432741702371871
avg_gap_50,avg_gap,reversion,linreg_r2_20_pctrank500,linreg_r2,momentum,1610,131.9047626465205,1227,383,0.012106819847035408,0.012526044959678455,0.012243904236412707
avg_gap_50,avg_gap,reversion,autocorr_returns_50_pctrank2000,autocorr_returns,reversion,354,29.002662097433706,285,69,-0.019830404347211537,-0.032280563390958986,0.04138635078085913
avg_gap_50,avg_gap,reversion,skew_returns_20_pctrank2000,skew_returns,reversion,524,42.93049417812221,412,112,-0.020538247465918383,-0.0391297300580251,0.015457070302961734
avg_gap_50,avg_gap,reversion,zscore_vs_ma_100_pctrank500,zscore_vs_ma,reversion,502,41.12806885003311,395,107,0.10826630843458578,0.13300502948581433,0.01888964562880488
avg_gap_50,avg_gap,reversion,rsi_100_pctrank500,rsi,reversion,286,23.431529265158304,219,67,0.03936750777252316,0.047388158337374434,0.00466647799957691
avg_gap_50,avg_gap,reversion,roc_10,roc,reversion,762,62.42945909108611,600,162,0.0779113019755209,0.10134828299654272,-0.007205926100321127
avg_gap_50,avg_gap,reversion,variance_ratio_2_50_pctrank2000,variance_ratio_2,reversion,484,39.653357217960206,376,108,0.04185627296167773,0.035455693109719584,0.05975583992936886
avg_gap_50,avg_gap,reversion,mean_reversion_speed_50_pctrank500,mean_reversion_speed,reversion,529,43.340136298142454,372,157,0.004621886289155385,-0.011803236875324155,0.039055357721693745
avg_gap_50,avg_gap,reversion,macd_hist,macd_hist,momentum,1626,133.21561743058533,1282,344,0.013010631533599482,0.01909435199666811,-0.00535723764725806
stochastic_d_100_pctrank2000,stochastic_d,reversion,williams_r_100,williams_r,reversion,10623,870.3256481950233,5051,5572,-0.02682028263022019,-0.0016486211007835394,-0.050373602506233336
stochastic_d_100_pctrank2000,stochastic_d,reversion,stochastic_k_100,stochastic_k,reversion,10623,870.3256481950233,5051,5572,-0.02682028263022019,-0.0016486211007835394,-0.050373602506233336
stochastic_d_100_pctrank2000,stochastic_d,reversion,donchian_position_100,donchian_position,reversion,10623,870.3256481950233,5051,5572,-0.02682028263022019,-0.0016486211007835394,-0.050373602506233336
stochastic_d_100_pctrank2000,stochastic_d,reversion,garman_klass_vol_20_pctrank500,garman_klass_vol,reversion,405,33.18101172164025,246,159,-0.01278322169386725,-0.005923709286277878,-0.025749549267349944
stochastic_d_100_pctrank2000,stochastic_d,reversion,hour,hour,momentum,4996,409.31440632423386,2515,2481,-0.041881678338743844,-0.02329422049568939,-0.06274194723019233
stochastic_d_100_pctrank2000,stochastic_d,reversion,choppiness_index_100_pctrank2000,choppiness_index,reversion,296,24.250813505198803,213,83,-0.038180015192183586,-0.04942342949179338,-0.004087532146343203
stochastic_d_100_pctrank2000,stochastic_d,reversion,aroon_down_10,aroon_down,reversion,1117,91.51404961252386,0,1117,-0.05100900852533695,,-0.05100900852533695
stochastic_d_100_pctrank2000,stochastic_d,reversion,keltner_width_20,keltner_width,reversion,319,26.135167257291954,185,134,0.12444134968381225,0.03758057294505433,0.22442404144947503
stochastic_d_100_pctrank2000,stochastic_d,reversion,cci_100_pctrank500,cci,reversion,5148,421.76752677284946,2626,2522,-0.019420022132498837,-0.010354353340685312,-0.03100220422955732
stochastic_d_100_pctrank2000,stochastic_d,reversion,aroon_up_10_pctrank500,aroon_up,reversion,5212,427.01094590910867,2957,2255,-0.0074507982029653605,0.002171942254177447,-0.019448839755616832
stochastic_d_100_pctrank2000,stochastic_d,reversion,realized_vol_100_pctrank2000,realized_vol,reversion,267,21.874889209081353,214,53,-0.028033242278360914,-0.02143113092922032,-0.08382082167119073
stochastic_d_100_pctrank2000,stochastic_d,reversion,dist_from_high_100,dist_from_high,reversion,4709,385.8009486350715,1026,3683,-0.03281301112659392,0.005019918055641859,-0.04672882339998379
stochastic_d_100_pctrank2000,stochastic_d,reversion,streak_length,streak_length,momentum,14377,1177.8849519062271,7115,7262,-0.028127115363623677,-0.0141608020450435,-0.04310533042800512
stochastic_d_100_pctrank2000,stochastic_d,reversion,kurt_returns_100,kurt_returns,reversion,449,36.785862377818454,298,151,-0.05155855765057879,-0.02047904630394687,-0.1245125754246388
stochastic_d_100_pctrank2000,stochastic_d,reversion,efficiency_ratio_20,efficiency_ratio,momentum,3118,255.45282604462795,1425,1693,-0.0822477661957832,-0.06842236294754016,-0.09518113158265783
stochastic_d_100_pctrank2000,stochastic_d,reversion,dist_from_low_100_pctrank2000,dist_from_low,reversion,4929,403.8252019159625,3573,1356,-0.016084702544717666,-0.008526510646146974,-0.03214823704504577
stochastic_d_100_pctrank2000,stochastic_d,reversion,linreg_r2_20_pctrank500,linreg_r2,momentum,4945,405.1360567000273,2216,2729,-0.04040297621357783,-0.03795604507097562,-0.042390929193552265
stochastic_d_100_pctrank2000,stochastic_d,reversion,autocorr_returns_50_pctrank2000,autocorr_returns,reversion,1054,86.35255890026872,680,374,-0.007393349895296453,-0.015242830086825823,0.006002641400735023
stochastic_d_100_pctrank2000,stochastic_d,reversion,ma_cross_count_50,ma_cross_count,reversion,607,49.73055337045836,480,127,0.008803672271946205,0.02317649386984097,-0.059675780575840234
stochastic_d_100_pctrank2000,stochastic_d,reversion,skew_returns_20_pctrank2000,skew_returns,reversion,1914,156.81100354375172,872,1042,-0.009517176548563988,-0.007373331588714227,-0.011206512295064627
stochastic_d_100_pctrank2000,stochastic_d,reversion,zscore_vs_ma_100_pctrank500,zscore_vs_ma,reversion,6710,549.7397250671756,3250,3460,-0.016892826634297763,-0.0039489744777080485,-0.029752329088347757
stochastic_d_100_pctrank2000,stochastic_d,reversion,mfi_10_pctrank2000,mfi,reversion,327,26.790594649324355,178,149,-0.07156413356236205,-0.09195205250207977,-0.03900196124202506
stochastic_d_100_pctrank2000,stochastic_d,reversion,rsi_100_pctrank500,rsi,reversion,3443,282.0795638459442,1701,1742,-0.030835577678114515,-0.019736977751879443,-0.04304702758801067
stochastic_d_100_pctrank2000,stochastic_d,reversion,roc_10,roc,reversion,4648,380.80331477082444,2240,2408,-0.00995514843047363,0.02485556996539218,-0.04234244601310115
stochastic_d_100_pctrank2000,stochastic_d,reversion,variance_ratio_2_50_pctrank2000,variance_ratio_2,reversion,1500,122.89263600607502,857,643,0.018646836834144826,0.028459185025671185,0.0061921352249244025
stochastic_d_100_pctrank2000,stochastic_d,reversion,mean_reversion_speed_50_pctrank500,mean_reversion_speed,reversion,1269,103.96717006113947,812,457,0.00030643521608340136,-0.004038807233282545,0.012100528256545333
stochastic_d_100_pctrank2000,stochastic_d,reversion,macd_hist,macd_hist,momentum,6942,568.7471194361152,4566,2376,-0.02406797243387707,-0.012609459982964153,-0.04484655931502844
williams_r_100,williams_r,reversion,stochastic_k_100,stochastic_k,reversion,71501,5857.96424471358,34900,36601,-0.021616075422237972,-0.016090617908241962,-0.02745105344231784
williams_r_100,williams_r,reversion,donchian_position_100,donchian_position,reversion,71501,5857.96424471358,34900,36601,-0.021616075422237972,-0.016090617908241962,-0.02745105344231784
williams_r_100,williams_r,reversion,vol_of_vol_100,vol_of_vol,reversion,294,24.086956657190704,210,84,-0.030387928880505427,-0.024511451500279297,-0.06464875985301952
williams_r_100,williams_r,reversion,atr_50,atr,reversion,311,25.479739865259553,265,46,0.04185030402538433,0.04807469492300708,0.011782756422823547
williams_r_100,williams_r,reversion,garman_klass_vol_20_pctrank500,garman_klass_vol,reversion,788,64.5595981151914,525,263,-0.03361805378384023,-0.053375543204916075,-0.00021852196554026556
williams_r_100,williams_r,reversion,parkinson_vol_100_pctrank2000,parkinson_vol,reversion,383,31.378586393551156,309,74,-0.11623206865160816,-0.11216822201902281,-0.1402297362870589
williams_r_100,williams_r,reversion,adx_50_pctrank2000,adx,reversion,386,31.624371665563306,250,136,0.0021655874121700126,-0.032163440233438305,0.06479785384044641
williams_r_100,williams_r,reversion,hour,hour,momentum,10505,860.6580941625454,5244,5261,-0.015283041032749864,-0.0023978313379057594,-0.029993781418186243
williams_r_100,williams_r,reversion,choppiness_index_100_pctrank2000,choppiness_index,reversion,669,54.81011565870946,376,293,-0.04022546408397753,0.0051157416311769415,-0.0915153415328179
williams_r_100,williams_r,reversion,aroon_down_10,aroon_down,reversion,503,41.20999727403716,0,503,-0.010209182275686561,,-0.010209182275686561
williams_r_100,williams_r,reversion,keltner_width_20,keltner_width,reversion,643,52.67997663460416,470,173,-0.007094146518636391,-0.043246878256639615,0.06352637641243006
williams_r_100,williams_r,reversion,cci_100_pctrank500,cci,reversion,8145,667.3070135129874,4203,3942,-0.03167496928362993,-0.03436453735089632,-0.028549294980250498
williams_r_100,williams_r,reversion,adx_slope_100_pctrank2000,adx_slope,reversion,318,26.053238833287903,153,165,-0.04245027755368963,0.032873247668060844,-0.11862652126063178
williams_r_100,williams_r,reversion,aroon_up_10_pctrank500,aroon_up,reversion,10762,881.7136991315863,4752,6010,-0.01703085054447163,-0.014934543082244406,-0.01868747563533203
williams_r_100,williams_r,reversion,realized_vol_100_pctrank2000,realized_vol,reversion,521,42.68470890611006,443,78,-0.02301160742366811,-0.010451010611967144,-0.10809751247740011
williams_r_100,williams_r,reversion,dist_from_high_100,dist_from_high,reversion,13869,1136.2653125121697,2586,11283,-0.015996876611020724,-0.0062539993816193755,-0.018606302711423908
williams_r_100,williams_r,reversion,streak_length,streak_length,momentum,11599,950.2877900229761,5789,5810,-0.038224835852629,-0.028500542897063563,-0.048521581657232
williams_r_100,williams_r,reversion,kurt_returns_100,kurt_returns,reversion,896,73.40786790762881,568,328,-0.020649347556550412,-0.011063346524372197,-0.039638502286965915
williams_r_100,williams_r,reversion,efficiency_ratio_20,efficiency_ratio,momentum,8154,668.0443693290238,3529,4625,-0.04919499527843751,-0.03976217561614634,-0.05772828685182462
williams_r_100,williams_r,reversion,dist_from_low_100_pctrank2000,dist_from_low,reversion,13529,1108.4096483507926,10379,3150,-0.016304126292675615,-0.008192790421956888,-0.0428982535971395
williams_r_100,williams_r,reversion,linreg_r2_20_pctrank500,linreg_r2,momentum,13402,1098.0047385022783,6197,7205,-0.03669665245611156,-0.033408742611014924,-0.03981964911465715
williams_r_100,williams_r,reversion,autocorr_returns_50_pctrank2000,autocorr_returns,reversion,2099,171.96776198450098,933,1166,-0.018675911227775063,-0.02824271561114574,-0.01263611081757535
williams_r_100,williams_r,reversion,ma_cross_count_50,ma_cross_count,reversion,1011,82.82963666809457,792,219,-0.046742226878447396,-0.03802146727050011,-0.08548891554394102
williams_r_100,williams_r,reversion,skew_returns_20_pctrank2000,skew_returns,reversion,4641,380.2298158027961,2311,2330,-0.02850317426529383,-0.008112327243136028,-0.05000333199618905
williams_r_100,williams_r,reversion,zscore_vs_ma_100_pctrank500,zscore_vs_ma,reversion,16428,1345.9201495385337,8140,8288,-0.02634177398220329,-0.03205778744664512,-0.020297666618283458
williams_r_100,williams_r,reversion,mfi_10_pctrank2000,mfi,reversion,664,54.40047353868921,340,324,-0.03562495268657654,-0.07251076726837156,0.010945461729277227
williams_r_100,williams_r,reversion,rsi_100_pctrank500,rsi,reversion,7717,632.241648039254,4062,3655,-0.015529873374953753,-0.009621919916385006,-0.023522400482537547
williams_r_100,williams_r,reversion,roc_10,roc,reversion,12250,1003.6231940496127,6055,6195,-0.008711517642976955,0.003943606187890856,-0.021829149244832424
williams_r_100,williams_r,reversion,variance_ratio_2_50_pctrank2000,variance_ratio_2,reversion,2548,208.75362436231944,868,1680,0.009005588472032991,0.031710774484566724,-0.0034480635350298194
williams_r_100,williams_r,reversion,mean_reversion_speed_50_pctrank500,mean_reversion_speed,reversion,3089,253.0769017485105,2447,642,-0.028793206297939074,-0.027114408665602788,-0.03935355699615096
williams_r_100,williams_r,reversion,macd_hist,macd_hist,momentum,14318,1173.051174889988,6326,7992,-0.018274850890693917,-0.011920436509960313,-0.023230132781369508
stochastic_k_100,stochastic_k,reversion,donchian_position_100,donchian_position,reversion,71501,5857.96424471358,34900,36601,-0.021616075422237972,-0.016090617908241962,-0.02745105344231784
stochastic_k_100,stochastic_k,reversion,vol_of_vol_100,vol_of_vol,reversion,294,24.086956657190704,210,84,-0.030387928880505427,-0.024511451500279297,-0.06464875985301952
stochastic_k_100,stochastic_k,reversion,atr_50,atr,reversion,311,25.479739865259553,265,46,0.04185030402538433,0.04807469492300708,0.011782756422823547
stochastic_k_100,stochastic_k,reversion,garman_klass_vol_20_pctrank500,garman_klass_vol,reversion,788,64.5595981151914,525,263,-0.03361805378384023,-0.053375543204916075,-0.00021852196554026556
stochastic_k_100,stochastic_k,reversion,parkinson_vol_100_pctrank2000,parkinson_vol,reversion,383,31.378586393551156,309,74,-0.11623206865160816,-0.11216822201902281,-0.1402297362870589
stochastic_k_100,stochastic_k,reversion,adx_50_pctrank2000,adx,reversion,386,31.624371665563306,250,136,0.0021655874121700126,-0.032163440233438305,0.06479785384044641
stochastic_k_100,stochastic_k,reversion,hour,hour,momentum,10505,860.6580941625454,5244,5261,-0.015283041032749864,-0.0023978313379057594,-0.029993781418186243
stochastic_k_100,stochastic_k,reversion,choppiness_index_100_pctrank2000,choppiness_index,reversion,669,54.81011565870946,376,293,-0.04022546408397753,0.0051157416311769415,-0.0915153415328179
stochastic_k_100,stochastic_k,reversion,aroon_down_10,aroon_down,reversion,503,41.20999727403716,0,503,-0.010209182275686561,,-0.010209182275686561
stochastic_k_100,stochastic_k,reversion,keltner_width_20,keltner_width,reversion,643,52.67997663460416,470,173,-0.007094146518636391,-0.043246878256639615,0.06352637641243006
stochastic_k_100,stochastic_k,reversion,cci_100_pctrank500,cci,reversion,8145,667.3070135129874,4203,3942,-0.03167496928362993,-0.03436453735089632,-0.028549294980250498
stochastic_k_100,stochastic_k,reversion,adx_slope_100_pctrank2000,adx_slope,reversion,318,26.053238833287903,153,165,-0.04245027755368963,0.032873247668060844,-0.11862652126063178
stochastic_k_100,stochastic_k,reversion,aroon_up_10_pctrank500,aroon_up,reversion,10762,881.7136991315863,4752,6010,-0.01703085054447163,-0.014934543082244406,-0.01868747563533203
stochastic_k_100,stochastic_k,reversion,realized_vol_100_pctrank2000,realized_vol,reversion,521,42.68470890611006,443,78,-0.02301160742366811,-0.010451010611967144,-0.10809751247740011
stochastic_k_100,stochastic_k,reversion,dist_from_high_100,dist_from_high,reversion,13869,1136.2653125121697,2586,11283,-0.015996876611020724,-0.0062539993816193755,-0.018606302711423908
stochastic_k_100,stochastic_k,reversion,streak_length,streak_length,momentum,11599,950.2877900229761,5789,5810,-0.038224835852629,-0.028500542897063563,-0.048521581657232
stochastic_k_100,stochastic_k,reversion,kurt_returns_100,kurt_returns,reversion,896,73.40786790762881,568,328,-0.020649347556550412,-0.011063346524372197,-0.039638502286965915
stochastic_k_100,stochastic_k,reversion,efficiency_ratio_20,efficiency_ratio,momentum,8154,668.0443693290238,3529,4625,-0.04919499527843751,-0.03976217561614634,-0.05772828685182462
stochastic_k_100,stochastic_k,reversion,dist_from_low_100_pctrank2000,dist_from_low,reversion,13529,1108.4096483507926,10379,3150,-0.016304126292675615,-0.008192790421956888,-0.0428982535971395
stochastic_k_100,stochastic_k,reversion,linreg_r2_20_pctrank500,linreg_r2,momentum,13402,1098.0047385022783,6197,7205,-0.03669665245611156,-0.033408742611014924,-0.03981964911465715
stochastic_k_100,stochastic_k,reversion,autocorr_returns_50_pctrank2000,autocorr_returns,reversion,2099,171.96776198450098,933,1166,-0.018675911227775063,-0.02824271561114574,-0.01263611081757535
stochastic_k_100,stochastic_k,reversion,ma_cross_count_50,ma_cross_count,reversion,1011,82.82963666809457,792,219,-0.046742226878447396,-0.03802146727050011,-0.08548891554394102
stochastic_k_100,stochastic_k,reversion,skew_returns_20_pctrank2000,skew_returns,reversion,4641,380.2298158027961,2311,2330,-0.02850317426529383,-0.008112327243136028,-0.05000333199618905
stochastic_k_100,stochastic_k,reversion,zscore_vs_ma_100_pctrank500,zscore_vs_ma,reversion,16428,1345.9201495385337,8140,8288,-0.02634177398220329,-0.03205778744664512,-0.020297666618283458
stochastic_k_100,stochastic_k,reversion,mfi_10_pctrank2000,mfi,reversion,664,54.40047353868921,340,324,-0.03562495268657654,-0.07251076726837156,0.010945461729277227
stochastic_k_100,stochastic_k,reversion,rsi_100_pctrank500,rsi,reversion,7717,632.241648039254,4062,3655,-0.015529873374953753,-0.009621919916385006,-0.023522400482537547
stochastic_k_100,stochastic_k,reversion,roc_10,roc,reversion,12250,1003.6231940496127,6055,6195,-0.008711517642976955,0.003943606187890856,-0.021829149244832424
stochastic_k_100,stochastic_k,reversion,variance_ratio_2_50_pctrank2000,variance_ratio_2,reversion,2548,208.75362436231944,868,1680,0.009005588472032991,0.031710774484566724,-0.0034480635350298194
stochastic_k_100,stochastic_k,reversion,mean_reversion_speed_50_pctrank500,mean_reversion_speed,reversion,3089,253.0769017485105,2447,642,-0.028793206297939074,-0.027114408665602788,-0.03935355699615096
stochastic_k_100,stochastic_k,reversion,macd_hist,macd_hist,momentum,14318,1173.051174889988,6326,7992,-0.018274850890693917,-0.011920436509960313,-0.023230132781369508
donchian_position_100,donchian_position,reversion,vol_of_vol_100,vol_of_vol,reversion,294,24.086956657190704,210,84,-0.030387928880505427,-0.024511451500279297,-0.06464875985301952
donchian_position_100,donchian_position,reversion,atr_50,atr,reversion,311,25.479739865259553,265,46,0.04185030402538433,0.04807469492300708,0.011782756422823547
donchian_position_100,donchian_position,reversion,garman_klass_vol_20_pctrank500,garman_klass_vol,reversion,788,64.5595981151914,525,263,-0.03361805378384023,-0.053375543204916075,-0.00021852196554026556
donchian_position_100,donchian_position,reversion,parkinson_vol_100_pctrank2000,parkinson_vol,reversion,383,31.378586393551156,309,74,-0.11623206865160816,-0.11216822201902281,-0.1402297362870589
donchian_position_100,donchian_position,reversion,adx_50_pctrank2000,adx,reversion,386,31.624371665563306,250,136,0.0021655874121700126,-0.032163440233438305,0.06479785384044641
donchian_position_100,donchian_position,reversion,hour,hour,momentum,10505,860.6580941625454,5244,5261,-0.015283041032749864,-0.0023978313379057594,-0.029993781418186243
donchian_position_100,donchian_position,reversion,choppiness_index_100_pctrank2000,choppiness_index,reversion,669,54.81011565870946,376,293,-0.04022546408397753,0.0051157416311769415,-0.0915153415328179
donchian_position_100,donchian_position,reversion,aroon_down_10,aroon_down,reversion,503,41.20999727403716,0,503,-0.010209182275686561,,-0.010209182275686561
donchian_position_100,donchian_position,reversion,keltner_width_20,keltner_width,reversion,643,52.67997663460416,470,173,-0.007094146518636391,-0.043246878256639615,0.06352637641243006
donchian_position_100,donchian_position,reversion,cci_100_pctrank500,cci,reversion,8145,667.3070135129874,4203,3942,-0.03167496928362993,-0.03436453735089632,-0.028549294980250498
donchian_position_100,donchian_position,reversion,adx_slope_100_pctrank2000,adx_slope,reversion,318,26.053238833287903,153,165,-0.04245027755368963,0.032873247668060844,-0.11862652126063178
donchian_position_100,donchian_position,reversion,aroon_up_10_pctrank500,aroon_up,reversion,10762,881.7136991315863,4752,6010,-0.01703085054447163,-0.014934543082244406,-0.01868747563533203
donchian_position_100,donchian_position,reversion,realized_vol_100_pctrank2000,realized_vol,reversion,521,42.68470890611006,443,78,-0.02301160742366811,-0.010451010611967144,-0.10809751247740011
donchian_position_100,donchian_position,reversion,dist_from_high_100,dist_from_high,reversion,13869,1136.2653125121697,2586,11283,-0.015996876611020724,-0.0062539993816193755,-0.018606302711423908
donchian_position_100,donchian_position,reversion,streak_length,streak_length,momentum,11599,950.2877900229761,5789,5810,-0.038224835852629,-0.028500542897063563,-0.048521581657232
donchian_position_100,donchian_position,reversion,kurt_returns_100,kurt_returns,reversion,896,73.40786790762881,568,328,-0.020649347556550412,-0.011063346524372197,-0.039638502286965915
donchian_position_100,donchian_position,reversion,efficiency_ratio_20,efficiency_ratio,momentum,8154,668.0443693290238,3529,4625,-0.04919499527843751,-0.03976217561614634,-0.05772828685182462
donchian_position_100,donchian_position,reversion,dist_from_low_100_pctrank2000,dist_from_low,reversion,13529,1108.4096483507926,10379,3150,-0.016304126292675615,-0.008192790421956888,-0.0428982535971395
donchian_position_100,donchian_position,reversion,linreg_r2_20_pctrank500,linreg_r2,momentum,13402,1098.0047385022783,6197,7205,-0.03669665245611156,-0.033408742611014924,-0.03981964911465715
donchian_position_100,donchian_position,reversion,autocorr_returns_50_pctrank2000,autocorr_returns,reversion,2099,171.96776198450098,933,1166,-0.018675911227775063,-0.02824271561114574,-0.01263611081757535
donchian_position_100,donchian_position,reversion,ma_cross_count_50,ma_cross_count,reversion,1011,82.82963666809457,792,219,-0.046742226878447396,-0.03802146727050011,-0.08548891554394102
donchian_position_100,donchian_position,reversion,skew_returns_20_pctrank2000,skew_returns,reversion,4641,380.2298158027961,2311,2330,-0.02850317426529383,-0.008112327243136028,-0.05000333199618905
donchian_position_100,donchian_position,reversion,zscore_vs_ma_100_pctrank500,zscore_vs_ma,reversion,16428,1345.9201495385337,8140,8288,-0.02634177398220329,-0.03205778744664512,-0.020297666618283458
donchian_position_100,donchian_position,reversion,mfi_10_pctrank2000,mfi,reversion,664,54.40047353868921,340,324,-0.03562495268657654,-0.07251076726837156,0.010945461729277227
donchian_position_100,donchian_position,reversion,rsi_100_pctrank500,rsi,reversion,7717,632.241648039254,4062,3655,-0.015529873374953753,-0.009621919916385006,-0.023522400482537547
donchian_position_100,donchian_position,reversion,roc_10,roc,reversion,12250,1003.6231940496127,6055,6195,-0.008711517642976955,0.003943606187890856,-0.021829149244832424
donchian_position_100,donchian_position,reversion,variance_ratio_2_50_pctrank2000,variance_ratio_2,reversion,2548,208.75362436231944,868,1680,0.009005588472032991,0.031710774484566724,-0.0034480635350298194
donchian_position_100,donchian_position,reversion,mean_reversion_speed_50_pctrank500,mean_reversion_speed,reversion,3089,253.0769017485105,2447,642,-0.028793206297939074,-0.027114408665602788,-0.03935355699615096
donchian_position_100,donchian_position,reversion,macd_hist,macd_hist,momentum,14318,1173.051174889988,6326,7992,-0.018274850890693917,-0.011920436509960313,-0.023230132781369508
vol_of_vol_100,vol_of_vol,reversion,hour,hour,momentum,1377,112.81543985357686,696,681,-0.01581520315409058,-0.0015722203685869208,-0.02640721512667204
vol_of_vol_100,vol_of_vol,reversion,aroon_down_10,aroon_down,reversion,311,25.479739865259553,0,311,-0.012789883288068786,,-0.012789883288068786
vol_of_vol_100,vol_of_vol,reversion,aroon_up_10_pctrank500,aroon_up,reversion,766,62.75717278710231,473,293,-0.014732950479507114,-0.02877478155444238,0.011222153645403375
vol_of_vol_100,vol_of_vol,reversion,streak_length,streak_length,momentum,1094,89.62969586043072,657,437,-0.0015806177202779628,0.013861159307656952,-0.030030716624335818
vol_of_vol_100,vol_of_vol,reversion,efficiency_ratio_20,efficiency_ratio,momentum,1060,86.84412944429302,695,365,-0.008699090170922505,0.003440076924297111,-0.04489066643034892
vol_of_vol_100,vol_of_vol,reversion,dist_from_low_100_pctrank2000,dist_from_low,reversion,279,22.858030297129954,233,46,0.06004286924347671,0.02177397673938304,0.40060241543552855
vol_of_vol_100,vol_of_vol,reversion,linreg_r2_20_pctrank500,linreg_r2,momentum,992,81.27299661201761,611,381,0.02473021039847385,0.039285198927743924,-0.0025398046205425844
vol_of_vol_100,vol_of_vol,reversion,autocorr_returns_50_pctrank2000,autocorr_returns,reversion,273,22.366459753105655,178,95,0.15015763592135745,0.15974742436288186,0.13007845863540565
vol_of_vol_100,vol_of_vol,reversion,skew_returns_20_pctrank2000,skew_returns,reversion,275,22.530316601113753,161,114,-0.03580310039469193,-0.06136583453732892,0.034473804119972695
vol_of_vol_100,vol_of_vol,reversion,roc_10,roc,reversion,474,38.8340729779197,258,216,0.06161566393041794,0.025917406401571898,0.11780566442798004
vol_of_vol_100,vol_of_vol,reversion,variance_ratio_2_50_pctrank2000,variance_ratio_2,reversion,384,31.460514817555204,238,146,-0.01629905634242059,-0.04499003463133058,0.04601095805478491
vol_of_vol_100,vol_of_vol,reversion,mean_reversion_speed_50_pctrank500,mean_reversion_speed,reversion,289,23.677314537170453,205,84,0.04773397051133462,0.08173348676720851,-0.13153908822598157
vol_of_vol_100,vol_of_vol,reversion,macd_hist,macd_hist,momentum,1039,85.12363254020796,716,323,0.00452774066937676,-0.0031457023290912393,0.026624689415027002
atr_50,atr,reversion,hour,hour,momentum,909,74.47293741968146,259,650,-0.026880251179992466,-0.034133812438375745,-0.023823372688184293
atr_50,atr,reversion,keltner_width_20,keltner_width,reversion,311,25.479739865259553,256,55,-0.03483302767563893,-0.0456676007101741,0.01956635120668062
atr_50,atr,reversion,aroon_up_10_pctrank500,aroon_up,reversion,647,53.007690330620356,412,235,0.05474739271746967,0.05349071911325378,0.05676877703689696
atr_50,atr,reversion,streak_length,streak_length,momentum,859,70.37651621947896,560,299,-0.03467580298787212,0.02350934188138692,-0.09726102371708172
atr_50,atr,reversion,efficiency_ratio_20,efficiency_ratio,momentum,829,67.91866349935746,592,237,0.021114717482813305,0.039256021111454445,-0.01456242283104074
atr_50,atr,reversion,dist_from_low_100_pctrank2000,dist_from_low,reversion,358,29.330375793449903,318,40,-0.021878868688781555,0.004357182095643031,-0.2682513728972056
atr_50,atr,reversion,linreg_r2_20_pctrank500,linreg_r2,momentum,757,62.01981697106586,461,296,-0.0014021209677405853,-0.0034318443918974705,0.0008775007362324386
atr_50,atr,reversion,autocorr_returns_50_pctrank2000,autocorr_returns,reversion,268,21.956817633085404,148,120,0.017750073784115254,0.12518858051956538,-0.15273269213859444
atr_50,atr,reversion,skew_returns_20_pctrank2000,skew_returns,reversion,304,24.906240897231203,230,74,-0.029538709357703117,-0.04473792386797398,0.023504899219657885
atr_50,atr,reversion,zscore_vs_ma_100_pctrank500,zscore_vs_ma,reversion,285,23.349600841154253,230,55,-0.01032222790885739,0.10658214168468169,-0.1943685384918547
atr_50,atr,reversion,roc_10,roc,reversion,443,36.294291833794155,264,179,0.07139744069939445,0.07611803464141043,0.06766258951582783
atr_50,atr,reversion,variance_ratio_2_50_pctrank2000,variance_ratio_2,reversion,288,23.595386113166406,157,131,0.04270402899867482,0.17226835611490887,-0.10133352673221259
atr_50,atr,reversion,mean_reversion_speed_50_pctrank500,mean_reversion_speed,reversion,302,24.742384049223105,185,117,0.021220529041487347,0.10998366464608066,-0.10208290827042013
atr_50,atr,reversion,macd_hist,macd_hist,momentum,922,75.53800693173412,580,342,0.022071933923116578,0.050077317331850016,-0.01432036646474337
garman_klass_vol_20_pctrank500,garman_klass_vol,reversion,parkinson_vol_100_pctrank2000,parkinson_vol,reversion,285,23.349600841154253,245,40,-0.05288166235533421,-0.0766850714197767,0.05393112506001604
garman_klass_vol_20_pctrank500,garman_klass_vol,reversion,hour,hour,momentum,2657,217.6838225787609,1881,776,-0.004246264137404351,0.014847025369843126,-0.034994364104103615
garman_klass_vol_20_pctrank500,garman_klass_vol,reversion,aroon_down_10,aroon_down,reversion,776,63.57645702714281,0,776,0.03641255282004021,,0.03641255282004021
garman_klass_vol_20_pctrank500,garman_klass_vol,reversion,keltner_width_20,keltner_width,reversion,1540,126.16977296623702,942,598,0.01625530587292821,0.009765286028851282,0.025278475544597147
garman_klass_vol_20_pctrank500,garman_klass_vol,reversion,cci_100_pctrank500,cci,reversion,489,40.06299933798046,326,163,-0.06744766422461146,-0.10445103436267122,-0.007312447230360789
garman_klass_vol_20_pctrank500,garman_klass_vol,reversion,aroon_up_10_pctrank500,aroon_up,reversion,2003,164.10263328011217,1231,772,0.0561871559142337,0.06525311973331259,0.04398320181240171
garman_klass_vol_20_pctrank500,garman_klass_vol,reversion,realized_vol_100_pctrank2000,realized_vol,reversion,323,26.462880953308154,281,42,0.03370053965797593,0.061249712224362186,-0.16320935589837285
garman_klass_vol_20_pctrank500,garman_klass_vol,reversion,dist_from_high_100,dist_from_high,reversion,434,35.55693601775771,180,254,0.003650669245458465,-0.010785868672329934,0.014353914699239105
garman_klass_vol_20_pctrank500,garman_klass_vol,reversion,streak_length,streak_length,momentum,2852,233.65986525955063,1838,1014,-0.015781725214463763,-0.03404782858462765,0.013734934421884839
garman_klass_vol_20_pctrank500,garman_klass_vol,reversion,kurt_returns_100,kurt_returns,reversion,302,24.742384049223105,270,32,0.06430162028794299,0.09648609706229912,-0.1978788242604066
garman_klass_vol_20_pctrank500,garman_klass_vol,reversion,efficiency_ratio_20,efficiency_ratio,momentum,2589,212.11268974648547,1799,790,0.018546964891254472,0.0005092678485658662,0.05770309206285388
garman_klass_vol_20_pctrank500,garman_klass_vol,reversion,dist_from_low_100_pctrank2000,dist_from_low,reversion,751,61.52824642704156,614,137,-0.06232633207087424,-0.062319283285498406,-0.062353099848436976
garman_klass_vol_20_pctrank500,garman_klass_vol,reversion,linreg_r2_20_pctrank500,linreg_r2,momentum,2206,180.73410335293434,1331,875,-0.002116783732444151,-0.026489237089386903,0.02579008858097882
garman_klass_vol_20_pctrank500,garman_klass_vol,reversion,autocorr_returns_50_pctrank2000,autocorr_returns,reversion,751,61.52824642704156,599,152,0.05749859674817148,0.06065080324774396,0.04473558413108734
garman_klass_vol_20_pctrank500,garman_klass_vol,reversion,skew_returns_20_pctrank2000,skew_returns,reversion,1213,99.37917831691267,612,601,-0.012662627374178694,0.007775232733917589,-0.03807326903307774
garman_klass_vol_20_pctrank500,garman_klass_vol,reversion,zscore_vs_ma_100_pctrank500,zscore_vs_ma,reversion,736,60.29932006698081,485,251,-0.016752931455023927,0.011005499651063098,-0.05324674068666073
garman_klass_vol_20_pctrank500,garman_klass_vol,reversion,rsi_100_pctrank500,rsi,reversion,494,40.47264145800071,355,139,0.028675885044033192,0.01118095467808536,0.0665595240937375
garman_klass_vol_20_pctrank500,garman_klass_vol,reversion,roc_10,roc,reversion,1237,101.34546049300987,597,640,-0.00436846892010541,0.037984795266136975,-0.03039863823108004
garman_klass_vol_20_pctrank500,garman_klass_vol,reversion,variance_ratio_2_50_pctrank2000,variance_ratio_2,reversion,812,66.52588029128862,583,229,0.042968766743764986,0.0493774274059963,0.028397677694627022
garman_klass_vol_20_pctrank500,garman_klass_vol,reversion,mean_reversion_speed_50_pctrank500,mean_reversion_speed,reversion,630,51.61490712255151,470,160,0.023159454978662928,0.012542009746761349,0.04557505132058864
garman_klass_vol_20_pctrank500,garman_klass_vol,reversion,macd_hist,macd_hist,momentum,3092,253.32268702052264,1590,1502,-0.00975094675788575,-0.0077331171365182284,-0.011627159448562727
parkinson_vol_100_pctrank2000,parkinson_vol,reversion,hour,hour,momentum,1166,95.52854238872231,51,1115,-0.04372634589367122,-0.018666072474164283,-0.049611457026196626
parkinson_vol_100_pctrank2000,parkinson_vol,reversion,aroon_down_10,aroon_down,reversion,252,20.645962849020602,0,252,0.07834037205214574,,0.07834037205214574
parkinson_vol_100_pctrank2000,parkinson_vol,reversion,keltner_width_20,keltner_width,reversion,297,24.332741929202854,264,33,0.006288382722477074,0.0037240424054958967,0.03347999012973096
parkinson_vol_100_pctrank2000,parkinson_vol,reversion,aroon_up_10_pctrank500,aroon_up,reversion,786,64.39574126718331,493,293,0.07608194887015042,0.08836519565851403,0.055582306334098115
parkinson_vol_100_pctrank2000,parkinson_vol,reversion,realized_vol_100_pctrank2000,realized_vol,reversion,1374,112.56965458156472,770,604,0.031043466737304168,0.04511967157319519,0.007122175408145658
parkinson_vol_100_pctrank2000,parkinson_vol,reversion,streak_length,streak_length,momentum,1112,91.10440749250361,740,372,0.003089089032925697,0.056113310771427664,-0.12711725306720992
parkinson_vol_100_pctrank2000,parkinson_vol,reversion,kurt_returns_100,kurt_returns,reversion,585,47.92812804236926,295,290,0.022881792214739054,0.021094130914484345,0.026999547616000624
parkinson_vol_100_pctrank2000,parkinson_vol,reversion,efficiency_ratio_20,efficiency_ratio,momentum,1058,86.68027259628491,765,293,0.05531427779061355,0.08129221211049291,-0.04790365724924422
parkinson_vol_100_pctrank2000,parkinson_vol,reversion,dist_from_low_100_pctrank2000,dist_from_low,reversion,481,39.40757194594806,360,121,0.014159209455884135,0.01851545700576236,-0.00019341459324978747
parkinson_vol_100_pctrank2000,parkinson_vol,reversion,linreg_r2_20_pctrank500,linreg_r2,momentum,873,71.52351415553566,538,335,0.019504961413276792,0.035471067614999276,-0.016069907933073734
parkinson_vol_100_pctrank2000,parkinson_vol,reversion,autocorr_returns_50_pctrank2000,autocorr_returns,reversion,307,25.152026169243353,232,75,0.030007943574279782,0.04482156792521047,-0.0458862559768551
parkinson_vol_100_pctrank2000,parkinson_vol,reversion,skew_returns_20_pctrank2000,skew_returns,reversion,345,28.265306281397255,245,100,0.02416427649154906,-0.008750613745231476,0.11783687680294906
parkinson_vol_100_pctrank2000,parkinson_vol,reversion,zscore_vs_ma_100_pctrank500,zscore_vs_ma,reversion,286,23.431529265158304,220,66,0.026377480293489748,-0.014381468016183716,0.15891232761513982
parkinson_vol_100_pctrank2000,parkinson_vol,reversion,rsi_100_pctrank500,rsi,reversion,286,23.431529265158304,143,143,0.030419769260689625,-0.00048252070399120784,0.06366073159245657
parkinson_vol_100_pctrank2000,parkinson_vol,reversion,roc_10,roc,reversion,484,39.653357217960206,297,187,0.011153851865661002,-0.018605018486395886,0.055381240614577436
parkinson_vol_100_pctrank2000,parkinson_vol,reversion,variance_ratio_2_50_pctrank2000,variance_ratio_2,reversion,297,24.332741929202854,182,115,-0.0074776500581024705,-0.027290006084170683,0.03905817629918271
parkinson_vol_100_pctrank2000,parkinson_vol,reversion,mean_reversion_speed_50_pctrank500,mean_reversion_speed,reversion,312,25.561668289263604,244,68,0.005079006602073094,0.005350124754109122,0.003956163711611472
parkinson_vol_100_pctrank2000,parkinson_vol,reversion,macd_hist,macd_hist,momentum,1137,93.15261809260487,830,307,0.05402356628480304,0.0481410164513631,0.07075842105298036
adx_50_pctrank2000,adx,reversion,hour,hour,momentum,1574,128.95533938237472,855,719,-0.0022510634941369455,0.02870504009747588,-0.035688582481188495
adx_50_pctrank2000,adx,reversion,aroon_down_10,aroon_down,reversion,451,36.949719225826556,0,451,-0.026559760764884928,,-0.026559760764884928
adx_50_pctrank2000,adx,reversion,aroon_up_10_pctrank500,aroon_up,reversion,1006,82.41999454807431,595,411,0.004120031301232753,0.041280705631973676,-0.04427895435652003
adx_50_pctrank2000,adx,reversion,streak_length,streak_length,momentum,1460,119.61549904591303,828,632,0.038070793814779354,0.021989435580450713,0.06133850444605544
adx_50_pctrank2000,adx,reversion,efficiency_ratio_20,efficiency_ratio,momentum,1687,138.21325129483236,1233,454,0.01883958807854411,0.025689080351328945,0.00015119455370943987
adx_50_pctrank2000,adx,reversion,dist_from_low_100_pctrank2000,dist_from_low,reversion,366,29.985803185482304,267,99,-0.0018925638194002884,0.0099608958371764,-0.03270107638778167
adx_50_pctrank2000,adx,reversion,linreg_r2_20_pctrank500,linreg_r2,momentum,1648,135.01804275867443,1171,477,0.04409833640096013,0.03438296849012549,0.06856940306570969
adx_50_pctrank2000,adx,reversion,autocorr_returns_50_pctrank2000,autocorr_returns,reversion,292,23.923099809182602,162,130,0.10606522344996228,0.07189971480811871,0.14435258130345993
adx_50_pctrank2000,adx,reversion,skew_returns_20_pctrank2000,skew_returns,reversion,369,30.231588457494453,214,155,-0.043191261539130686,-0.050136771682195595,-0.033168447497248836
adx_50_pctrank2000,adx,reversion,zscore_vs_ma_100_pctrank500,zscore_vs_ma,reversion,263,21.547175513065152,177,86,-0.01764853426408646,-0.033981104975605296,0.022878758180406654
adx_50_pctrank2000,adx,reversion,rsi_100_pctrank500,rsi,reversion,255,20.891748121032755,135,120,-0.032824124908207915,0.06016543877696831,-0.09871860278694904
adx_50_pctrank2000,adx,reversion,roc_10,roc,reversion,604,49.48476809844621,331,273,0.0322328384488391,-0.0017039815815005775,0.06710180008001067
adx_50_pctrank2000,adx,reversion,variance_ratio_2_50_pctrank2000,variance_ratio_2,reversion,462,37.850931889871106,239,223,0.07111321968297224,0.057109088976515204,0.08536304172379611
adx_50_pctrank2000,adx,reversion,mean_reversion_speed_50_pctrank500,mean_reversion_speed,reversion,330,27.036379921336504,258,72,-0.07316107440118237,-0.045193269887629214,-0.15622293108242036
adx_50_pctrank2000,adx,reversion,macd_hist,macd_hist,momentum,1391,113.96243778963357,910,481,0.039499962110927295,0.030213149851859373,0.05892324252047425
hour,hour,momentum,choppiness_index_100_pctrank2000,choppiness_index,reversion,2029,166.2327723042175,933,1096,-0.03596086749307419,0.007251562498202313,-0.0722759367043894
hour,hour,momentum,aroon_down_10,aroon_down,reversion,6129,502.13931072082255,0,6129,-0.09557679514309328,,-0.09557679514309328
hour,hour,momentum,keltner_width_20,keltner_width,reversion,2059,168.69062502433897,1182,877,-0.02341624613285281,-0.027208147063650517,-0.02026599274264815
hour,hour,momentum,cci_100_pctrank500,cci,reversion,6560,537.4504614665681,3533,3027,-0.01243793883902493,0.028835473201534047,-0.06020714651858947
hour,hour,momentum,adx_slope_100_pctrank2000,adx_slope,reversion,1408,115.35522099770242,712,696,0.04379113382046222,0.05071571740042815,0.03868265307169604
hour,hour,momentum,aroon_up_10_pctrank500,aroon_up,reversion,27318,2238.1206869426383,13593,13725,0.010119933944302297,0.030657932455667617,-0.008447313323350256
hour,hour,momentum,realized_vol_100_pctrank2000,realized_vol,reversion,1133,92.82490439658866,122,1011,-0.07869492702594272,0.06003570394785483,-0.1111369949227856
hour,hour,momentum,dist_from_high_100,dist_from_high,reversion,8633,707.2880844269638,3146,5487,-0.014479231461682349,0.017703548545703173,-0.03430754286613676
hour,hour,momentum,streak_length,streak_length,momentum,62150,5091.851551851709,31437,30713,-0.04533688065766246,-0.009056656239153821,-0.08190207931108208
hour,hour,momentum,kurt_returns_100,kurt_returns,reversion,1882,154.18929397562212,995,887,-0.0014518888870164418,0.07721564408040921,-0.09400281608551177
hour,hour,momentum,efficiency_ratio_20,efficiency_ratio,momentum,51275,4200.879940807665,25983,25292,-0.01916171860279805,0.009734128271015226,-0.048713546169826226
hour,hour,momentum,dist_from_low_100_pctrank2000,dist_from_low,reversion,8896,728.8352599400289,5262,3634,-0.007448055359120125,0.02464183725875869,-0.05511484072717252
hour,hour,momentum,linreg_r2_20_pctrank500,linreg_r2,momentum,50097,4104.368257330893,25151,24946,-0.021397031106346207,-0.005841967322384201,-0.0371844967758046
hour,hour,momentum,autocorr_returns_50_pctrank2000,autocorr_returns,reversion,6584,539.4167436426653,3609,2975,-0.016036833366741457,0.012607018769846181,-0.05404277068313612
hour,hour,momentum,ma_cross_count_50,ma_cross_count,reversion,1568,128.46376883835043,926,642,-0.06145524456123793,-0.06342750153496912,-0.05845201929342387
hour,hour,momentum,skew_returns_20_pctrank2000,skew_returns,reversion,7348,602.0100595817595,3730,3618,-0.03361032852913912,0.004282348306698051,-0.0688173913553796
hour,hour,momentum,zscore_vs_ma_100_pctrank500,zscore_vs_ma,reversion,9748,798.6382771914796,5126,4622,0.016681955966217,0.04537377291061224,-0.0176342244861113
hour,hour,momentum,mfi_10_pctrank2000,mfi,reversion,1432,117.32150317379961,721,711,0.0026555020043620156,0.015170301463711037,-0.00838570100586472
hour,hour,momentum,rsi_100_pctrank500,rsi,reversion,7875,645.1863390318939,4228,3647,-0.022109600243506795,0.011573597703648365,-0.0693576464280839
hour,hour,momentum,roc_10,roc,reversion,18789,1539.3531586120957,9497,9292,0.018662393412027935,0.057858414504486165,-0.021847028717176004
hour,hour,momentum,variance_ratio_2_50_pctrank2000,variance_ratio_2,reversion,9408,770.7826130301025,4326,5082,-0.016004967185791887,0.010037947746128107,-0.039196127185233076
hour,hour,momentum,mean_reversion_speed_50_pctrank500,mean_reversion_speed,reversion,7156,586.2798021729819,3844,3312,-0.016973705244162928,0.008740148287063848,-0.046772058768409015
hour,hour,momentum,macd_hist,macd_hist,momentum,48728,3992.208244869349,27705,21023,-0.015073709837541993,-0.009489918858598444,-0.022337582157071857
choppiness_index_100_pctrank2000,choppiness_index,reversion,aroon_down_10,aroon_down,reversion,415,34.000295961680756,0,415,-0.034405946010492135,,-0.034405946010492135
choppiness_index_100_pctrank2000,choppiness_index,reversion,cci_100_pctrank500,cci,reversion,263,21.547175513065152,188,75,-0.10385498692416201,-0.07671575680304377,-0.1784451963435993
choppiness_index_100_pctrank2000,choppiness_index,reversion,aroon_up_10_pctrank500,aroon_up,reversion,1212,99.29724989290861,777,435,0.019397068342771242,0.030270625227410537,-0.0014614804088521176
choppiness_index_100_pctrank2000,choppiness_index,reversion,dist_from_high_100,dist_from_high,reversion,654,53.58118929864871,353,301,-0.10230806247372441,-0.09055796997076405,-0.1155288359945367
choppiness_index_100_pctrank2000,choppiness_index,reversion,streak_length,streak_length,momentum,2934,240.37799602788274,905,2029,-0.028567226830916094,0.036328344265908155,-0.05260164776351555
choppiness_index_100_pctrank2000,choppiness_index,reversion,efficiency_ratio_20,efficiency_ratio,momentum,3008,246.44069940418245,880,2128,-0.036660951267122655,-0.03213141044568939,-0.038372331666613406
choppiness_index_100_pctrank2000,choppiness_index,reversion,dist_from_low_100_pctrank2000,dist_from_low,reversion,358,29.330375793449903,316,42,-0.008554050310569324,-0.04347213674934455,0.3134123016921083
choppiness_index_100_pctrank2000,choppiness_index,reversion,linreg_r2_20_pctrank500,linreg_r2,momentum,2174,178.11239378480474,868,1306,-0.0014199460808880689,-0.009675831363814554,0.003721121224374232
choppiness_index_100_pctrank2000,choppiness_index,reversion,autocorr_returns_50_pctrank2000,autocorr_returns,reversion,359,29.412304217453954,175,184,0.03492869518435228,0.06910925261210382,0.009447763967184528
choppiness_index_100_pctrank2000,choppiness_index,reversion,skew_returns_20_pctrank2000,skew_returns,reversion,738,60.46317691498891,321,417,0.010766175302537286,0.010454620272654903,0.01103429226134765
choppiness_index_100_pctrank2000,choppiness_index,reversion,zscore_vs_ma_100_pctrank500,zscore_vs_ma,reversion,418,34.246081233692905,245,173,-0.057753829040885156,-0.06817957341842722,-0.03975852289028596
choppiness_index_100_pctrank2000,choppiness_index,reversion,rsi_100_pctrank500,rsi,reversion,477,39.07985824993186,317,160,-0.01761759216639767,-0.022024403534540386,-0.0062192688616690105
choppiness_index_100_pctrank2000,choppiness_index,reversion,roc_10,roc,reversion,747,61.20053273102536,481,266,-0.041738727995460294,-0.04577836266196915,-0.03365173297402177
choppiness_index_100_pctrank2000,choppiness_index,reversion,variance_ratio_2_50_pctrank2000,variance_ratio_2,reversion,608,49.81248179446241,208,400,-0.040055741747029784,0.04247128448576735,-0.07848366002981066
choppiness_index_100_pctrank2000,choppiness_index,reversion,mean_reversion_speed_50_pctrank500,mean_reversion_speed,reversion,1064,87.17184314030922,348,716,-0.048561714813186045,0.03307554247772483,-0.08296907953272795
choppiness_index_100_pctrank2000,choppiness_index,reversion,macd_hist,macd_hist,momentum,1509,123.62999182211146,1052,457,0.007410525009784673,0.00765007761172182,0.006820190924415275
aroon_down_10,aroon_down,reversion,keltner_width_20,keltner_width,reversion,623,51.04140815452316,0,623,0.027630332834392105,,0.027630332834392105
aroon_down_10,aroon_down,reversion,adx_slope_100_pctrank2000,adx_slope,reversion,496,40.636498306008804,0,496,-0.03719160943048643,,-0.03719160943048643
aroon_down_10,aroon_down,reversion,aroon_up_10_pctrank500,aroon_up,reversion,973,79.71635655594066,0,973,0.023252418355244553,,0.023252418355244553
aroon_down_10,aroon_down,reversion,realized_vol_100_pctrank2000,realized_vol,reversion,299,24.496598777210956,0,299,0.0755967867957404,,0.0755967867957404
aroon_down_10,aroon_down,reversion,dist_from_high_100,dist_from_high,reversion,553,45.306418474239656,0,553,-0.014551783508364237,,-0.014551783508364237
aroon_down_10,aroon_down,reversion,streak_length,streak_length,momentum,9082,744.0739468047822,0,9082,-0.022015923525624134,,-0.022015923525624134
aroon_down_10,aroon_down,reversion,kurt_returns_100,kurt_returns,reversion,575,47.10884380232876,0,575,0.00036236684935506635,,0.00036236684935506635
aroon_down_10,aroon_down,reversion,efficiency_ratio_20,efficiency_ratio,momentum,6894,564.8145550839208,0,6894,-0.029447210612002592,,-0.029447210612002592
aroon_down_10,aroon_down,reversion,dist_from_low_100_pctrank2000,dist_from_low,reversion,395,32.36172748159976,0,395,-0.06578937422154933,,-0.06578937422154933
aroon_down_10,aroon_down,reversion,linreg_r2_20_pctrank500,linreg_r2,momentum,6121,501.4838833287901,0,6121,-0.048660792839343,,-0.048660792839343
aroon_down_10,aroon_down,reversion,autocorr_returns_50_pctrank2000,autocorr_returns,reversion,3383,277.1638584057012,0,3383,-0.012444069517197703,,-0.012444069517197703
aroon_down_10,aroon_down,reversion,ma_cross_count_50,ma_cross_count,reversion,559,45.797989018263955,0,559,-0.06618556592378368,,-0.06618556592378368
aroon_down_10,aroon_down,reversion,skew_returns_20_pctrank2000,skew_returns,reversion,2762,226.28630709918613,0,2762,0.002190934717981885,,0.002190934717981885
aroon_down_10,aroon_down,reversion,zscore_vs_ma_100_pctrank500,zscore_vs_ma,reversion,493,40.390713033996654,0,493,0.04413252993258937,,0.04413252993258937
aroon_down_10,aroon_down,reversion,rsi_100_pctrank500,rsi,reversion,841,68.90180458740606,0,841,0.0029181063541343466,,0.0029181063541343466
aroon_down_10,aroon_down,reversion,variance_ratio_2_50_pctrank2000,variance_ratio_2,reversion,3622,296.74475174266917,0,3622,-0.015950043618038624,,-0.015950043618038624
aroon_down_10,aroon_down,reversion,mean_reversion_speed_50_pctrank500,mean_reversion_speed,reversion,1617,132.47826161454887,0,1617,0.023761397782144315,,0.023761397782144315
aroon_down_10,aroon_down,reversion,macd_hist,macd_hist,momentum,334,27.364093617352705,0,334,-0.013827707032074255,,-0.013827707032074255
keltner_width_20,keltner_width,reversion,cci_100_pctrank500,cci,reversion,415,34.000295961680756,282,133,-0.02050962719812019,-0.032339983373622365,-0.003892456964905777
keltner_width_20,keltner_width,reversion,aroon_up_10_pctrank500,aroon_up,reversion,1543,126.41555823824918,905,638,0.06785262018852321,0.09995152403765675,0.039929354073192265
keltner_width_20,keltner_width,reversion,realized_vol_100_pctrank2000,realized_vol,reversion,338,27.691807313368905,303,35,-0.05172426879573725,-0.03686742284598763,-0.16241482488444803
keltner_width_20,keltner_width,reversion,streak_length,streak_length,momentum,2111,172.95090307254958,1261,850,0.010651578017132327,0.0028360649130317714,0.01974091644593432
keltner_width_20,keltner_width,reversion,kurt_returns_100,kurt_returns,reversion,308,25.233954593247404,286,22,0.043788646007177544,0.020323028799427583,0.25422063993805777
keltner_width_20,keltner_width,reversion,efficiency_ratio_20,efficiency_ratio,momentum,2021,165.57734491218508,1327,694,-0.022862923281444875,-0.021656374388678363,-0.025268218245890418
keltner_width_20,keltner_width,reversion,dist_from_low_100_pctrank2000,dist_from_low,reversion,659,53.99083141866896,549,110,-0.004423921404413535,-0.0011846414203468296,-0.02024333423997774
keltner_width_20,keltner_width,reversion,linreg_r2_20_pctrank500,linreg_r2,momentum,1759,144.11209782312397,981,778,0.01149955046415379,-0.014167199876832329,0.03150225210765047
keltner_width_20,keltner_width,reversion,autocorr_returns_50_pctrank2000,autocorr_returns,reversion,561,45.96184586627206,430,131,0.002112331853095177,0.01904364650361248,-0.03591747164532813
keltner_width_20,keltner_width,reversion,skew_returns_20_pctrank2000,skew_returns,reversion,986,80.78142606799331,479,507,0.0035007194674820585,0.014102466967120754,-0.005652351528925853
keltner_width_20,keltner_width,reversion,zscore_vs_ma_100_pctrank500,zscore_vs_ma,reversion,606,49.648624946454305,427,179,-0.019697722201985464,-0.018123531381650116,-0.02297300621154568
keltner_width_20,keltner_width,reversion,rsi_100_pctrank500,rsi,reversion,393,32.197870633591656,280,113,0.10043052973952996,0.1257237722315327,0.07310569117421961
keltner_width_20,keltner_width,reversion,roc_10,roc,reversion,1065,87.25377156431327,465,600,0.02395851063893932,-0.044078095725640046,0.06385832982577301
keltner_width_20,keltner_width,reversion,variance_ratio_2_50_pctrank2000,variance_ratio_2,reversion,560,45.87991744226801,380,180,0.023842663847888315,0.05221565441065882,-0.002046364102223366
keltner_width_20,keltner_width,reversion,mean_reversion_speed_50_pctrank500,mean_reversion_speed,reversion,581,47.600414346353055,453,128,0.001911315988369232,-0.03837136284214197,0.09472922810834451
keltner_width_20,keltner_width,reversion,macd_hist,macd_hist,momentum,2309,189.17273102535148,1017,1292,-0.035052796842949256,-0.02700562897295376,-0.040353828887524014
cci_100_pctrank500,cci,reversion,aroon_up_10_pctrank500,aroon_up,reversion,7199,589.802724405156,3259,3940,-0.0008154397128129085,0.008194248702571391,-0.008340933967487104
cci_100_pctrank500,cci,reversion,realized_vol_100_pctrank2000,realized_vol,reversion,304,24.906240897231203,256,48,-0.06985331985380966,-0.0708092749739991,-0.06789287425143818
cci_100_pctrank500,cci,reversion,dist_from_high_100,dist_from_high,reversion,5276,432.2543650453679,1288,3988,-0.024202460302114925,-0.01327255679820366,-0.029503092465597177
cci_100_pctrank500,cci,reversion,streak_length,streak_length,momentum,9844,806.5034058958684,5061,4783,-0.013928127528818716,-0.025933067985694544,0.0009459268461177775
cci_100_pctrank500,cci,reversion,kurt_returns_100,kurt_returns,reversion,538,44.07749211417891,383,155,-0.020252720943179113,-0.03340838294081402,0.009477714583211058
cci_100_pctrank500,cci,reversion,efficiency_ratio_20,efficiency_ratio,momentum,3318,271.83851084543795,1622,1696,-0.03091889713543104,-0.04049843440545583,-0.02001765760039349
cci_100_pctrank500,cci,reversion,dist_from_low_100_pctrank2000,dist_from_low,reversion,5667,464.28837883095144,4311,1356,-0.03282379914387582,-0.04282824401347615,-0.003645206565343802
cci_100_pctrank500,cci,reversion,linreg_r2_20_pctrank500,linreg_r2,momentum,5880,481.73913314381406,2884,2996,-0.03094518024281966,-0.04239305695258705,-0.01850160378637013
cci_100_pctrank500,cci,reversion,autocorr_returns_50_pctrank2000,autocorr_returns,reversion,1200,98.31410880486001,753,447,0.027188950433055338,0.004042457611854633,0.06830600664558703
cci_100_pctrank500,cci,reversion,ma_cross_count_50,ma_cross_count,reversion,526,43.094351026130305,396,130,-0.05550536313177087,-0.03294463379860089,-0.13033105921946211
cci_100_pctrank500,cci,reversion,skew_returns_20_pctrank2000,skew_returns,reversion,2498,204.65720316211693,1303,1195,-0.03907633981512,-0.0029954216843170634,-0.07821664903896615
cci_100_pctrank500,cci,reversion,zscore_vs_ma_100_pctrank500,zscore_vs_ma,reversion,15958,1307.4137902566301,8501,7457,-0.01999077206996506,-0.014178571894867688,-0.027042991459156247
cci_100_pctrank500,cci,reversion,mfi_10_pctrank2000,mfi,reversion,397,32.52558432960785,212,185,-0.013231208107353625,-0.052172841359707525,0.033304303751616506
cci_100_pctrank500,cci,reversion,rsi_100_pctrank500,rsi,reversion,4021,329.4341929202851,2232,1789,-0.01716433416209863,-0.02775562134678221,-0.0013686732290490535
cci_100_pctrank500,cci,reversion,roc_10,roc,reversion,6431,526.8816947700457,3303,3128,-0.009566483099738806,0.000563546176752354,-0.020289602270520787
cci_100_pctrank500,cci,reversion,variance_ratio_2_50_pctrank2000,variance_ratio_2,reversion,1684,137.96746602282022,802,882,-0.004931905045334421,-0.006781292802294561,-0.0028886699701806953
cci_100_pctrank500,cci,reversion,mean_reversion_speed_50_pctrank500,mean_reversion_speed,reversion,1382,113.22508197359711,925,457,0.011386999378719323,0.03076037104507119,-0.034494898853557936
cci_100_pctrank500,cci,reversion,macd_hist,macd_hist,momentum,8045,659.1141711125823,5180,2865,-0.023445173006798336,-0.03800671444725613,0.0042113386507933665
adx_slope_100_pctrank2000,adx_slope,reversion,aroon_up_10_pctrank500,aroon_up,reversion,1024,83.89470618014721,528,496,0.03216927913528313,-9.667234865716659e-05,0.07420409076758452
adx_slope_100_pctrank2000,adx_slope,reversion,streak_length,streak_length,momentum,1393,114.12629463764166,691,702,0.019134656105156557,0.0034546049713092795,0.03348371897703464
adx_slope_100_pctrank2000,adx_slope,reversion,efficiency_ratio_20,efficiency_ratio,momentum,1367,111.99615561353637,749,618,0.07107227522952865,0.05317232530405897,0.08865665106571459
adx_slope_100_pctrank2000,adx_slope,reversion,dist_from_low_100_pctrank2000,dist_from_low,reversion,306,25.070097745239305,197,109,0.0024093477011791365,0.060340225916165405,-0.08399659111544454
adx_slope_100_pctrank2000,adx_slope,reversion,linreg_r2_20_pctrank500,linreg_r2,momentum,1341,109.86601658943107,689,652,0.0462604375011021,0.055434551904174116,0.039838055783649094
adx_slope_100_pctrank2000,adx_slope,reversion,autocorr_returns_50_pctrank2000,autocorr_returns,reversion,248,20.318249153004402,116,132,0.008911999671456247,0.05390155830481569,-0.033356625397522516
adx_slope_100_pctrank2000,adx_slope,reversion,skew_returns_20_pctrank2000,skew_returns,reversion,333,27.282165193348654,151,182,0.051092640102751684,0.11916438667845117,0.001161802651821261
adx_slope_100_pctrank2000,adx_slope,reversion,zscore_vs_ma_100_pctrank500,zscore_vs_ma,reversion,306,25.070097745239305,140,166,-0.004529306969107691,0.07973709610326414,-0.08046361714280438
adx_slope_100_pctrank2000,adx_slope,reversion,roc_10,roc,reversion,621,50.87755130651506,303,318,0.03978504492056756,0.05952336915544649,0.01901545160252272
adx_slope_100_pctrank2000,adx_slope,reversion,variance_ratio_2_50_pctrank2000,variance_ratio_2,reversion,340,27.855664161377003,166,174,0.05332447402392691,0.0632456860546604,0.04232372236921941
adx_slope_100_pctrank2000,adx_slope,reversion,mean_reversion_speed_50_pctrank500,mean_reversion_speed,reversion,294,24.086956657190704,164,130,0.04669606135937244,0.036243642603800114,0.057355379820154054
adx_slope_100_pctrank2000,adx_slope,reversion,macd_hist,macd_hist,momentum,1269,103.96717006113947,664,605,0.05670521804820749,0.03952522168905457,0.07631671550873365
aroon_up_10_pctrank500,aroon_up,reversion,realized_vol_100_pctrank2000,realized_vol,reversion,914,74.88257953970171,604,310,0.017874816054122104,0.027766085959477105,-0.0015667561295517908
aroon_up_10_pctrank500,aroon_up,reversion,dist_from_high_100,dist_from_high,reversion,8626,706.7145854589354,1803,6823,-0.0023840258203466054,-0.01792997660180273,0.0022280198596631574
aroon_up_10_pctrank500,aroon_up,reversion,streak_length,streak_length,momentum,19867,1627.6719996884617,13592,6275,0.014334073302846771,0.02380140205847196,-0.005152685742411418
aroon_up_10_pctrank500,aroon_up,reversion,kurt_returns_100,kurt_returns,reversion,1661,136.08311227072707,1123,538,0.03092162871873981,0.028916947562756656,0.035561020389548066
aroon_up_10_pctrank500,aroon_up,reversion,efficiency_ratio_20,efficiency_ratio,momentum,20619,1689.2821745395072,8497,12122,0.011333947707888429,0.024358153114198675,0.0014233453613624045
aroon_up_10_pctrank500,aroon_up,reversion,dist_from_low_100_pctrank2000,dist_from_low,reversion,7597,622.4102371587679,5181,2416,-0.006703678447988232,-0.0054043893609847325,-0.009404295385483284
aroon_up_10_pctrank500,aroon_up,reversion,linreg_r2_20_pctrank500,linreg_r2,momentum,25329,2075.165051598583,10450,14879,0.009201627329926682,0.013554701054957265,0.0058163699000971115
aroon_up_10_pctrank500,aroon_up,reversion,autocorr_returns_50_pctrank2000,autocorr_returns,reversion,4898,401.285420771837,2494,2404,0.019702719219188796,0.028558842494257074,0.010569908189926262
aroon_up_10_pctrank500,aroon_up,reversion,ma_cross_count_50,ma_cross_count,reversion,1170,95.85625608473852,632,538,-0.004747748730352574,0.03775824762457763,-0.05994762452810825
aroon_up_10_pctrank500,aroon_up,reversion,skew_returns_20_pctrank2000,skew_returns,reversion,6551,536.7131056505316,3539,3012,0.031085591542182864,0.034665835313765096,0.027395878559064096
aroon_up_10_pctrank500,aroon_up,reversion,zscore_vs_ma_100_pctrank500,zscore_vs_ma,reversion,10010,820.1035242805407,4539,5471,-0.0031666331869408355,-0.006179481516363684,-0.0005406970430742063
aroon_up_10_pctrank500,aroon_up,reversion,mfi_10_pctrank2000,mfi,reversion,1643,134.60840063865416,852,791,-0.010009909015945917,-0.06394305263555954,0.05521110940965442
aroon_up_10_pctrank500,aroon_up,reversion,rsi_100_pctrank500,rsi,reversion,5664,464.0425935589393,2787,2877,-0.007637605074634756,-0.00021413288567818632,-0.015363497284599407
aroon_up_10_pctrank500,aroon_up,reversion,roc_10,roc,reversion,19842,1625.6237890883604,8654,11188,0.02147972631437459,0.023386873050182094,0.019884087615128207
aroon_up_10_pctrank500,aroon_up,reversion,variance_ratio_2_50_pctrank2000,variance_ratio_2,reversion,6075,497.7151758246038,3016,3059,0.03589870084368714,0.04820440232547005,0.023169767814660805
aroon_up_10_pctrank500,aroon_up,reversion,mean_reversion_speed_50_pctrank500,mean_reversion_speed,reversion,4836,396.20585848358587,3187,1649,0.03158208257943418,0.030807952402023477,0.0336152613700214
aroon_up_10_pctrank500,aroon_up,reversion,macd_hist,macd_hist,momentum,31489,2579.844143463531,5722,25767,0.010921870446496562,0.02621880663087713,0.007104490447893381
realized_vol_100_pctrank2000,realized_vol,reversion,streak_length,streak_length,momentum,1222,100.11653413294911,801,421,0.01661892748165724,0.028068138003859,-0.005224245299965079
realized_vol_100_pctrank2000,realized_vol,reversion,kurt_returns_100,kurt_returns,reversion,1043,85.45134623622417,530,513,0.015920739719066688,-0.01644023581628909,0.07259813185670676
realized_vol_100_pctrank2000,realized_vol,reversion,efficiency_ratio_20,efficiency_ratio,momentum,1294,106.01538066124071,923,371,0.03703691581017659,0.054139193525804354,-0.014706988791785244
realized_vol_100_pctrank2000,realized_vol,reversion,dist_from_low_100_pctrank2000,dist_from_low,reversion,686,56.20289886677831,545,141,-0.06328371425307393,-0.056803985395634735,-0.10996251921394673
realized_vol_100_pctrank2000,realized_vol,reversion,linreg_r2_20_pctrank500,linreg_r2,momentum,975,79.88021340394876,594,381,0.019431877894354625,0.053003291790213125,-0.04077712774315546
realized_vol_100_pctrank2000,realized_vol,reversion,autocorr_returns_50_pctrank2000,autocorr_returns,reversion,399,32.689441177615954,320,79,0.003563913806330286,0.013295677292820413,-0.0515584930574679
realized_vol_100_pctrank2000,realized_vol,reversion,skew_returns_20_pctrank2000,skew_returns,reversion,478,39.16178667393591,383,95,0.03393564512081312,-0.0007479995262428935,0.21077406972245089
realized_vol_100_pctrank2000,realized_vol,reversion,zscore_vs_ma_100_pctrank500,zscore_vs_ma,reversion,436,35.72079286576581,378,58,0.014616902139248333,0.017419561551069333,-0.00040229360583632346
realized_vol_100_pctrank2000,realized_vol,reversion,rsi_100_pctrank500,rsi,reversion,437,35.802721289769856,248,189,0.009499554123945896,-0.09636762474295858,0.13627479192265737
realized_vol_100_pctrank2000,realized_vol,reversion,roc_10,roc,reversion,562,46.043774290276104,377,185,0.08207267552479867,0.06573030370401065,0.11042500816205411
realized_vol_100_pctrank2000,realized_vol,reversion,variance_ratio_2_50_pctrank2000,variance_ratio_2,reversion,311,25.479739865259553,184,127,0.10453433472793339,0.1577194782691248,0.01069812199237559
realized_vol_100_pctrank2000,realized_vol,reversion,mean_reversion_speed_50_pctrank500,mean_reversion_speed,reversion,411,33.67258226566456,325,86,-0.03233018340912717,-0.02535897574108857,-0.062122322989377095
realized_vol_100_pctrank2000,realized_vol,reversion,macd_hist,macd_hist,momentum,1415,115.92871996573076,1061,354,0.019539809217689233,0.021374388347279887,0.014230130408762722
dist_from_high_100,dist_from_high,reversion,streak_length,streak_length,momentum,8201,671.8950052572142,2785,5416,-0.013595866099815102,-0.00396045364917325,-0.02296035049490253
dist_from_high_100,dist_from_high,reversion,kurt_returns_100,kurt_returns,reversion,517,42.35699521009386,210,307,-0.01959823979826169,0.011315431365585169,-0.049321956313514215
dist_from_high_100,dist_from_high,reversion,efficiency_ratio_20,efficiency_ratio,momentum,8624,706.5507286109273,2251,6373,-0.012941465948828654,-0.00745594775599659,-0.01486299261219428
dist_from_high_100,dist_from_high,reversion,dist_from_low_100_pctrank2000,dist_from_low,reversion,4643,380.3936726508042,2225,2418,-0.021956053982719506,-0.007663837936568973,-0.0378203688885433
dist_from_high_100,dist_from_high,reversion,linreg_r2_20_pctrank500,linreg_r2,momentum,11135,912.2730012850969,2765,8370,-0.011138766560948725,-0.011550657830669359,-0.011000055999281638
dist_from_high_100,dist_from_high,reversion,autocorr_returns_50_pctrank2000,autocorr_returns,reversion,1680,137.63975232680403,353,1327,-0.026417052109332664,-0.008879450102250495,-0.03160293818084374
dist_from_high_100,dist_from_high,reversion,ma_cross_count_50,ma_cross_count,reversion,458,37.52321819385491,237,221,-0.006619071909403178,0.04483872779417264,-0.07938239843489671
dist_from_high_100,dist_from_high,reversion,skew_returns_20_pctrank2000,skew_returns,reversion,3377,276.6722878616769,919,2458,-0.02338414852747228,-0.03203255831553803,-0.019336992142705935
dist_from_high_100,dist_from_high,reversion,zscore_vs_ma_100_pctrank500,zscore_vs_ma,reversion,9339,765.1295517738231,2025,7314,-0.017057381424574462,0.0016650822455827015,-0.023823114661554422
dist_from_high_100,dist_from_high,reversion,mfi_10_pctrank2000,mfi,reversion,432,35.393079169749605,123,309,0.003541833343167803,-0.11813485170589363,0.05862746470288093
dist_from_high_100,dist_from_high,reversion,rsi_100_pctrank500,rsi,reversion,4680,383.4250243389541,1414,3266,-0.028968944018794122,-0.05135925369518664,-0.01611225063183314
dist_from_high_100,dist_from_high,reversion,roc_10,roc,reversion,8465,693.5241091942834,2571,5894,0.014885246617618357,0.03740896156999164,0.0013840654871591516
dist_from_high_100,dist_from_high,reversion,variance_ratio_2_50_pctrank2000,variance_ratio_2,reversion,2263,185.4040235211652,365,1898,0.009699075491119175,0.0029829754813474594,0.011296551137902516
dist_from_high_100,dist_from_high,reversion,mean_reversion_speed_50_pctrank500,mean_reversion_speed,reversion,1652,135.34575645469062,907,745,0.037948176342952486,0.03411841865642924,0.045538456826258775
dist_from_high_100,dist_from_high,reversion,macd_hist,macd_hist,momentum,13480,1104.3951555745941,4110,9370,-0.02009052722291313,-0.022720729884991773,-0.0188813860293181
streak_length,streak_length,momentum,kurt_returns_100,kurt_returns,reversion,2376,194.66193543362283,1515,861,0.024851039896038398,0.05614005726894063,-0.038729804268767536
streak_length,streak_length,momentum,efficiency_ratio_20,efficiency_ratio,momentum,70459,5772.59482690136,36134,34325,-0.026191525147886724,-0.008375531070133281,-0.043498953236896995
streak_length,streak_length,momentum,dist_from_low_100_pctrank2000,dist_from_low,reversion,8415,689.4276879940809,5597,2818,-0.03541504397576064,-0.014360219367431608,-0.06971800016606186
streak_length,streak_length,momentum,linreg_r2_20_pctrank500,linreg_r2,momentum,54210,4441.3398652595515,27859,26351,-0.03209669971578268,-0.01628832985223884,-0.04800161588361421
streak_length,streak_length,momentum,autocorr_returns_50_pctrank2000,autocorr_returns,reversion,5529,452.9822563183925,4221,1308,0.003968334923035748,0.0066029496760037915,-0.005661441039021144
streak_length,streak_length,momentum,ma_cross_count_50,ma_cross_count,reversion,2016,165.16770279216482,1195,821,0.010285677543631157,0.014446231071560019,0.002328856374751219
streak_length,streak_length,momentum,skew_returns_20_pctrank2000,skew_returns,reversion,7377,604.3859838778769,3659,3718,-0.030234965602624855,-0.014397668522654346,-0.045182184188233374
streak_length,streak_length,momentum,zscore_vs_ma_100_pctrank500,zscore_vs_ma,reversion,10168,833.0482152731805,5156,5012,-0.018736020071154214,-0.014356219272188898,-0.023588996151845436
streak_length,streak_length,momentum,mfi_10_pctrank2000,mfi,reversion,1098,89.95740955644692,573,525,-0.05827181497597862,-0.06466470701164878,-0.05170936109468126
streak_length,streak_length,momentum,rsi_100_pctrank500,rsi,reversion,7706,631.3404353752094,3946,3760,-0.027648967950035377,-0.009768488986664908,-0.047935719855966306
streak_length,streak_length,momentum,roc_10,roc,reversion,13923,1140.6894474083883,6956,6967,-0.007529579615329398,0.008203782963016784,-0.023483316389938582
streak_length,streak_length,momentum,variance_ratio_2_50_pctrank2000,variance_ratio_2,reversion,8274,677.8757802095098,4851,3423,-0.009358117887301707,-0.0062230503081421714,-0.0138710204221781
streak_length,streak_length,momentum,mean_reversion_speed_50_pctrank500,mean_reversion_speed,reversion,7046,577.2676755325364,2785,4261,-0.0025523452281768057,-0.010361079819078294,0.0024157048333089772
streak_length,streak_length,momentum,macd_hist,macd_hist,momentum,65024,5327.313842439348,53511,11513,-0.003861575687931752,-0.0012175179034121606,-0.015080375430304676
kurt_returns_100,kurt_returns,reversion,efficiency_ratio_20,efficiency_ratio,momentum,2353,192.77758168152968,1473,880,0.05465285033176289,0.10097835467534848,-0.029671513052710544
kurt_returns_100,kurt_returns,reversion,dist_from_low_100_pctrank2000,dist_from_low,reversion,915,74.96450796370576,635,280,-0.020863872139669098,-0.025797763011006312,-0.005473233454730538
kurt_returns_100,kurt_returns,reversion,linreg_r2_20_pctrank500,linreg_r2,momentum,1924,157.63028778379223,1106,818,0.06265524062950883,0.1042232341154023,0.00769038410145491
kurt_returns_100,kurt_returns,reversion,autocorr_returns_50_pctrank2000,autocorr_returns,reversion,642,52.59804821060011,444,198,-0.0236997701189382,0.004736143182270962,-0.10734203116622895
kurt_returns_100,kurt_returns,reversion,skew_returns_20_pctrank2000,skew_returns,reversion,730,59.80774952295651,453,277,-0.032673522694636276,0.02131175112688842,-0.13069111669722994
kurt_returns_100,kurt_returns,reversion,zscore_vs_ma_100_pctrank500,zscore_vs_ma,reversion,734,60.13546321897271,497,237,-0.009968181065881829,0.014553980219839065,-0.06915554497720669
kurt_returns_100,kurt_returns,reversion,rsi_100_pctrank500,rsi,reversion,830,68.00059192336151,405,425,0.01827218321439738,0.04464590924332133,-0.019840773002005894
kurt_returns_100,kurt_returns,reversion,roc_10,roc,reversion,1036,84.87784726819581,697,339,0.043301788499485246,0.06651931977124327,-0.009888030503566157
kurt_returns_100,kurt_returns,reversion,variance_ratio_2_50_pctrank2000,variance_ratio_2,reversion,648,53.08961875462441,321,327,0.008447818290396735,0.013968088538005026,0.003540858697994279
kurt_returns_100,kurt_returns,reversion,mean_reversion_speed_50_pctrank500,mean_reversion_speed,reversion,641,52.51611978659606,462,179,0.0925521462113718,0.09604769074790702,0.08636506061576033
kurt_returns_100,kurt_returns,reversion,macd_hist,macd_hist,momentum,2356,193.02336695354182,1824,532,0.034416885075352295,0.054927739819900435,-0.03517813995863011
efficiency_ratio_20,efficiency_ratio,momentum,dist_from_low_100_pctrank2000,dist_from_low,reversion,7829,641.4176315277076,5352,2477,-0.017348126887924184,-0.013235018135938975,-0.028299976106339178
efficiency_ratio_20,efficiency_ratio,momentum,linreg_r2_20_pctrank500,linreg_r2,momentum,154931,12693.252659371472,78171,76760,-0.012957377562249945,-0.0031665635571150623,-0.022657579711206157
efficiency_ratio_20,efficiency_ratio,momentum,autocorr_returns_50_pctrank2000,autocorr_returns,reversion,5927,485.58976907200446,2729,3198,-0.0003153704091895518,0.012994721349265853,-0.01192348384853498
efficiency_ratio_20,efficiency_ratio,momentum,ma_cross_count_50,ma_cross_count,reversion,961,78.73321546789207,244,717,-0.06339438873615466,-0.08805576543605663,-0.05587116374977137
efficiency_ratio_20,efficiency_ratio,momentum,skew_returns_20_pctrank2000,skew_returns,reversion,6808,557.7687106195725,3435,3373,-0.011629241195719757,0.005548490757538862,-0.029822091035539712
efficiency_ratio_20,efficiency_ratio,momentum,zscore_vs_ma_100_pctrank500,zscore_vs_ma,reversion,5009,410.37947583628653,2323,2686,-0.015506601006561182,-0.02662077838936314,-0.003921081647848782
efficiency_ratio_20,efficiency_ratio,momentum,mfi_10_pctrank2000,mfi,reversion,918,75.21029323571791,465,453,-0.026076247515542224,-0.00035937375113471055,-0.06187218174625349
efficiency_ratio_20,efficiency_ratio,momentum,rsi_100_pctrank500,rsi,reversion,5949,487.39219440009356,2943,3006,-0.026043317032009156,0.0025689987221666844,-0.05822896620925823
efficiency_ratio_20,efficiency_ratio,momentum,roc_10,roc,reversion,13239,1084.650405389618,6129,7110,-0.005242391643464384,0.0018706441970272498,-0.011874138319088123
efficiency_ratio_20,efficiency_ratio,momentum,variance_ratio_2_50_pctrank2000,variance_ratio_2,reversion,8642,708.0254402430002,3809,4833,-0.000231194719426823,0.002989555638437929,-0.0027008616392525868
efficiency_ratio_20,efficiency_ratio,momentum,mean_reversion_speed_50_pctrank500,mean_reversion_speed,reversion,6528,534.8287518984384,4174,2354,-0.0066140955021419265,-0.014178606890120491,0.007918817732707318
efficiency_ratio_20,efficiency_ratio,momentum,macd_hist,macd_hist,momentum,76903,6300.541591183458,48983,27920,-0.006641916539890294,-0.004922144944786641,-0.009743574423268345
dist_from_low_100_pctrank2000,dist_from_low,reversion,linreg_r2_20_pctrank500,linreg_r2,momentum,10692,875.9787094513027,7627,3065,-0.007878087976701711,-0.005576866419701776,-0.014426430895448226
dist_from_low_100_pctrank2000,dist_from_low,reversion,autocorr_returns_50_pctrank2000,autocorr_returns,reversion,1547,126.74327193426537,1028,519,-0.004910126530002574,0.03004673057029447,-0.06403653639139752
dist_from_low_100_pctrank2000,dist_from_low,reversion,ma_cross_count_50,ma_cross_count,reversion,530,43.42206472214651,470,60,-0.08045281294303985,-0.07137542419034135,-0.14100813598254497
dist_from_low_100_pctrank2000,dist_from_low,reversion,skew_returns_20_pctrank2000,skew_returns,reversion,3431,281.0964227578956,2534,897,-0.01798824224731295,-0.018721324108108058,-0.016037384992215013
dist_from_low_100_pctrank2000,dist_from_low,reversion,zscore_vs_ma_100_pctrank500,zscore_vs_ma,reversion,9723,796.5900665913783,7569,2154,-0.027307125301808413,-0.02612235108062567,-0.03134849068248525
dist_from_low_100_pctrank2000,dist_from_low,reversion,mfi_10_pctrank2000,mfi,reversion,506,41.455782546049306,375,131,-0.10442696701542818,-0.08934218064959375,-0.16919575208037757
dist_from_low_100_pctrank2000,dist_from_low,reversion,rsi_100_pctrank500,rsi,reversion,5018,411.11683165232296,3487,1531,-0.032805411209003724,-0.026293538700997293,-0.04958316623277551
dist_from_low_100_pctrank2000,dist_from_low,reversion,roc_10,roc,reversion,8611,705.4856590988746,6145,2466,-0.008646661146704931,0.003092524244916947,-0.03578144586917682
dist_from_low_100_pctrank2000,dist_from_low,reversion,variance_ratio_2_50_pctrank2000,variance_ratio_2,reversion,1832,150.09287277541964,1046,786,0.017825836541928364,0.02546800998519666,0.00698231738028506
dist_from_low_100_pctrank2000,dist_from_low,reversion,mean_reversion_speed_50_pctrank500,mean_reversion_speed,reversion,2800,229.39958721134005,2500,300,0.01665758942616052,0.011629570750097459,0.062150402307987025
dist_from_low_100_pctrank2000,dist_from_low,reversion,macd_hist,macd_hist,momentum,9124,747.5149406129523,5229,3895,-0.011093857025142897,-0.0031378728573223393,-0.020311606606082454
linreg_r2_20_pctrank500,linreg_r2,momentum,autocorr_returns_50_pctrank2000,autocorr_returns,reversion,5407,442.98698858989843,2518,2889,0.01058857160388207,0.028629296811027174,-0.00526393351593571
linreg_r2_20_pctrank500,linreg_r2,momentum,ma_cross_count_50,ma_cross_count,reversion,989,81.02721134000546,172,817,-0.016202112937026062,-0.03095984059870865,-0.013136268072033703
linreg_r2_20_pctrank500,linreg_r2,momentum,skew_returns_20_pctrank2000,skew_returns,reversion,7011,574.4001806923947,3530,3481,0.0007904702947369617,0.004896064370721883,-0.003355662071005614
linreg_r2_20_pctrank500,linreg_r2,momentum,zscore_vs_ma_100_pctrank500,zscore_vs_ma,reversion,9551,782.4983776626817,4541,5010,-0.014639245986182083,-0.008771538385417721,-0.02023186696847039
linreg_r2_20_pctrank500,linreg_r2,momentum,mfi_10_pctrank2000,mfi,reversion,1535,125.76013084621677,787,748,-0.014151925533950763,-0.04449871865770846,0.02826479432710582
linreg_r2_20_pctrank500,linreg_r2,momentum,rsi_100_pctrank500,rsi,reversion,7237,592.91600451731,3655,3582,-0.021295728405742162,0.0027502379599677533,-0.048226297602459584
linreg_r2_20_pctrank500,linreg_r2,momentum,roc_10,roc,reversion,24178,1980.8654355699211,11572,12606,-0.001600031312827638,0.004828015125266122,-0.00742994853233991
linreg_r2_20_pctrank500,linreg_r2,momentum,variance_ratio_2_50_pctrank2000,variance_ratio_2,reversion,7475,612.4149694302738,3222,4253,-0.0013541025771728484,-0.005980114707169601,0.002258051970244208
linreg_r2_20_pctrank500,linreg_r2,momentum,mean_reversion_speed_50_pctrank500,mean_reversion_speed,reversion,7085,580.4628840686944,5371,1714,0.005945154670807274,-0.0004519454958171663,0.02814560557526315
linreg_r2_20_pctrank500,linreg_r2,momentum,macd_hist,macd_hist,momentum,72158,5911.7912192842405,40014,32144,-0.008943491729190511,-0.015638350999521836,-0.0003721100846466754
autocorr_returns_50_pctrank2000,autocorr_returns,reversion,ma_cross_count_50,ma_cross_count,reversion,523,42.848565754118155,338,185,-0.006623872313514881,0.07559146596070453,-0.13815689439279916
autocorr_returns_50_pctrank2000,autocorr_returns,reversion,skew_returns_20_pctrank2000,skew_returns,reversion,1851,151.64951283149657,907,944,-0.0018982587111046377,0.020285076617504796,-0.02479634088622193
autocorr_returns_50_pctrank2000,autocorr_returns,reversion,zscore_vs_ma_100_pctrank500,zscore_vs_ma,reversion,1790,146.65187896724953,854,936,0.019052033345365697,0.02627480419616316,0.011978758311844747
autocorr_returns_50_pctrank2000,autocorr_returns,reversion,rsi_100_pctrank500,rsi,reversion,1213,99.37917831691267,602,611,-0.014023873115443524,-0.051436704720039736,0.028258114588161826
autocorr_returns_50_pctrank2000,autocorr_returns,reversion,roc_10,roc,reversion,2666,218.42117839479732,1134,1532,0.04995991124208879,0.10435061335053829,0.009655015780880447
autocorr_returns_50_pctrank2000,autocorr_returns,reversion,variance_ratio_2_50_pctrank2000,variance_ratio_2,reversion,27654,2265.648637407999,14646,13008,0.014881164829419754,0.020702899056300416,0.008101345183292882
autocorr_returns_50_pctrank2000,autocorr_returns,reversion,mean_reversion_speed_50_pctrank500,mean_reversion_speed,reversion,1209,99.05146462089647,655,554,0.0038211811244646485,0.00017077810099071903,0.008615573832492885
autocorr_returns_50_pctrank2000,autocorr_returns,reversion,macd_hist,macd_hist,momentum,7226,592.0147918532654,3814,3412,0.007254028128323978,0.00465255338568976,0.01025594772655938
ma_cross_count_50,ma_cross_count,reversion,skew_returns_20_pctrank2000,skew_returns,reversion,485,39.73528564196425,281,204,-0.06131504849423847,-0.08239448882965629,-0.03343512647034848
ma_cross_count_50,ma_cross_count,reversion,zscore_vs_ma_100_pctrank500,zscore_vs_ma,reversion,504,41.291925698041204,290,214,0.010661575088142161,0.011500278239151967,0.009389644917985373
ma_cross_count_50,ma_cross_count,reversion,rsi_100_pctrank500,rsi,reversion,523,42.848565754118155,395,128,-0.007480065421409385,-0.004891233543388117,-0.02180181692005196
ma_cross_count_50,ma_cross_count,reversion,roc_10,roc,reversion,485,39.73528564196425,136,349,0.0139879458537347,0.09474071923987806,-0.04413869915671759
ma_cross_count_50,ma_cross_count,reversion,variance_ratio_2_50_pctrank2000,variance_ratio_2,reversion,454,37.195504497838705,269,185,-0.014783098805752905,0.020611131345318317,-0.06857157350421995
ma_cross_count_50,ma_cross_count,reversion,mean_reversion_speed_50_pctrank500,mean_reversion_speed,reversion,323,26.462880953308154,22,301,0.06190068480220119,-0.019326472604658477,0.06912144900356795
ma_cross_count_50,ma_cross_count,reversion,macd_hist,macd_hist,momentum,2540,208.09819697028703,1925,615,0.001890250587269496,0.014219614903890954,-0.04360391626946772
skew_returns_20_pctrank2000,skew_returns,reversion,zscore_vs_ma_100_pctrank500,zscore_vs_ma,reversion,4001,327.7956244402041,2047,1954,-0.020484308673614334,-0.010777662151940369,-0.031298114815057385
skew_returns_20_pctrank2000,skew_returns,reversion,mfi_10_pctrank2000,mfi,reversion,251,20.564034425016555,141,110,0.023525455947935155,0.05859112004878928,-0.04949794608535719
skew_returns_20_pctrank2000,skew_returns,reversion,rsi_100_pctrank500,rsi,reversion,2352,192.69565325752563,1236,1116,-0.02372971501825088,-0.02615570877327105,-0.020969716318376137
skew_returns_20_pctrank2000,skew_returns,reversion,roc_10,roc,reversion,5113,418.90003193270775,2676,2437,-0.003919815908391659,0.014813345924236552,-0.022766072097254522
skew_returns_20_pctrank2000,skew_returns,reversion,variance_ratio_2_50_pctrank2000,variance_ratio_2,reversion,2505,205.2307021301453,835,1670,-0.008712814477957671,0.014776136124144346,-0.01896289491328554
skew_returns_20_pctrank2000,skew_returns,reversion,mean_reversion_speed_50_pctrank500,mean_reversion_speed,reversion,2428,198.92221348183344,1600,828,0.010893388731967324,-0.004305172329409342,0.04341157428833343
skew_returns_20_pctrank2000,skew_returns,reversion,macd_hist,macd_hist,momentum,6151,503.94173604891165,3883,2268,-0.01903235128973005,-0.018241095587147555,-0.020315225722559522
zscore_vs_ma_100_pctrank500,zscore_vs_ma,reversion,mfi_10_pctrank2000,mfi,reversion,583,47.76427119436116,315,268,-0.009615763048618177,-0.005135193765470969,-0.016169977892748662
zscore_vs_ma_100_pctrank500,zscore_vs_ma,reversion,rsi_100_pctrank500,rsi,reversion,6490,531.7154717862846,3466,3024,-0.035465790666802575,-0.04660403563220743,-0.021054159992745815
zscore_vs_ma_100_pctrank500,zscore_vs_ma,reversion,roc_10,roc,reversion,11710,959.3818450874256,5938,5772,-0.01183117942911324,-0.01986475762909488,-0.0031108806799331956
zscore_vs_ma_100_pctrank500,zscore_vs_ma,reversion,variance_ratio_2_50_pctrank2000,variance_ratio_2,reversion,2257,184.91245297714087,763,1494,0.0033397596808267386,0.019262575933287257,-0.006500456369281619
zscore_vs_ma_100_pctrank500,zscore_vs_ma,reversion,mean_reversion_speed_50_pctrank500,mean_reversion_speed,reversion,2087,170.98462089645238,1591,496,-0.009165775876694525,-0.01896353208651496,0.032124717590038945
zscore_vs_ma_100_pctrank500,zscore_vs_ma,reversion,macd_hist,macd_hist,momentum,11311,926.6924039098097,6292,5019,-0.01704741736591456,-0.026444438846903538,-0.0049583908955396945
mfi_10_pctrank2000,mfi,reversion,rsi_100_pctrank500,rsi,reversion,320,26.217095681296005,177,143,-0.08847863033802551,-0.12254287793394292,-0.020744252168359154
mfi_10_pctrank2000,mfi,reversion,roc_10,roc,reversion,1645,134.77225748666228,840,805,0.033009497539274985,-0.0038725062567492004,0.06975086279267272
mfi_10_pctrank2000,mfi,reversion,variance_ratio_2_50_pctrank2000,variance_ratio_2,reversion,247,20.236320729000354,100,147,0.052796732421070636,0.048286331006207696,0.05602899385193131
mfi_10_pctrank2000,mfi,reversion,macd_hist,macd_hist,momentum,1001,82.01035242805406,144,857,0.030065516550724876,0.018699066286360807,0.033906249746995513
rsi_100_pctrank500,rsi,reversion,roc_10,roc,reversion,5294,433.7290766774408,2845,2449,0.01117919686317894,0.021035097545190246,-0.0007286791288163094
rsi_100_pctrank500,rsi,reversion,variance_ratio_2_50_pctrank2000,variance_ratio_2,reversion,1623,132.96983215857318,627,996,0.013257322556011404,0.0009923711495656968,0.0227545094422708
rsi_100_pctrank500,rsi,reversion,mean_reversion_speed_50_pctrank500,mean_reversion_speed,reversion,1467,120.18899801394137,982,485,0.026424449064522244,0.008505785924558366,0.06978985072391765
rsi_100_pctrank500,rsi,reversion,macd_hist,macd_hist,momentum,8046,659.1960995365864,4912,3134,-0.03375869372831514,-0.03275493432025406,-0.035631217652119546
roc_10,roc,reversion,variance_ratio_2_50_pctrank2000,variance_ratio_2,reversion,3587,293.8772569025274,1291,2296,0.03323084608916345,0.08391468071312097,0.004856845179334885
roc_10,roc,reversion,mean_reversion_speed_50_pctrank500,mean_reversion_speed,reversion,3670,300.67731609486356,2949,721,0.038739504237411904,0.04406180899084843,0.020747700512913653
roc_10,roc,reversion,macd_hist,macd_hist,momentum,19863,1627.3442859924455,2841,17022,0.011351672811978845,0.03263533764334436,0.005985881121067831
variance_ratio_2_50_pctrank2000,variance_ratio_2,reversion,mean_reversion_speed_50_pctrank500,mean_reversion_speed,reversion,1481,121.33599594999806,909,572,-0.013132271791489706,-0.015180018474863987,-0.010742667466139751
variance_ratio_2_50_pctrank2000,variance_ratio_2,reversion,macd_hist,macd_hist,momentum,8385,686.9698352739593,4810,3575,0.0016797018593477475,-0.010061164730543538,0.01783150216231245
mean_reversion_speed_50_pctrank500,mean_reversion_speed,reversion,macd_hist,macd_hist,momentum,3093,253.40461544452668,2091,1002,-0.003913232042767614,-0.013073161745990134,0.014154868649201397
