family,pctrank_h1,multiplier,base_window_h1,window_m5,window_hours,pctrank_window_m5,variant,oos_sharpe_all,ann_sharpe,annual_rate,n_folds_positive
vol_of_vol,,1,100,100,8.333333333333334,,vol_of_vol_100,0.028427042562284326,0.7193976852673084,640.4344904396589,5
vol_of_vol,,3,100,300,25.0,,vol_of_vol_300,0.009200123011813135,0.13002527626802288,199.74149772187394,4
vol_of_vol,,6,100,600,50.0,,vol_of_vol_600,-0.004443847258551649,-0.044862824610571436,101.91895946103821,2
vol_of_vol,,12,100,1200,100.0,,vol_of_vol_1200,0.0017545347800363084,0.01206332944984281,47.27270065033686,1
adx,2000.0,1,50,50,4.166666666666667,24000.0,adx_50_pctrank24000,0.009776598957493781,0.2875384515889848,865.00030063476,3
adx,2000.0,3,50,150,12.5,24000.0,adx_150_pctrank24000,-0.008188982895970268,-0.13955820796937443,290.4362630943573,1
adx,2000.0,6,50,300,25.0,24000.0,adx_300_pctrank24000,-0.026900202174121483,-0.32983054980486587,150.33865804743178,2
adx,2000.0,12,50,600,50.0,24000.0,adx_600_pctrank24000,0.006433518109043725,0.05627807918866671,76.52114801978271,2
bb_width,,1,100,100,8.333333333333334,,bb_width_100,0.02266507616471807,0.5191992425757009,524.7515557459403,3
bb_width,,3,100,300,25.0,,bb_width_300,-0.008912987672042948,-0.12369920849908567,192.6137248335216,3
bb_width,,6,100,600,50.0,,bb_width_600,0.007950189055568178,0.07912394039299471,99.05146462089647,3
bb_width,,12,100,1200,100.0,,bb_width_1200,-0.00026830002800450466,-0.0019183608962548679,51.12333657852721,2
bb_width,500.0,1,100,100,8.333333333333334,6000.0,bb_width_100_pctrank6000,0.005999683509286363,0.14771757023491733,606.1884092059661,3
bb_width,500.0,3,100,300,25.0,6000.0,bb_width_300_pctrank6000,0.015741853123537732,0.23906299492333138,230.6285135714008,4
bb_width,500.0,6,100,600,50.0,6000.0,bb_width_600_pctrank6000,0.008814055954220112,0.09803509572364336,123.71192024611553,3
bb_width,500.0,12,100,1200,100.0,6000.0,bb_width_1200_pctrank6000,0.01232280569545278,0.10198352986066486,68.49216246738581,3
parkinson_vol,2000.0,1,100,100,8.333333333333334,24000.0,parkinson_vol_100_pctrank24000,0.015917443201159075,0.34143195025997686,460.11002920674485,4
parkinson_vol,2000.0,3,100,300,25.0,24000.0,parkinson_vol_300_pctrank24000,-0.002423942133711327,-0.03544539348044867,213.83318665057052,2
parkinson_vol,2000.0,6,100,600,50.0,24000.0,parkinson_vol_600_pctrank24000,-0.013308901098215111,-0.1510378409786582,128.79148253436662,2
parkinson_vol,2000.0,12,100,1200,100.0,24000.0,parkinson_vol_1200_pctrank24000,0.0064230812818372035,0.05863017557389721,83.32120721211886,3
parkinson_vol,500.0,1,20,20,1.6666666666666667,6000.0,parkinson_vol_20_pctrank6000,0.008918500545608063,0.35427237189502314,1577.9414463180033,4
parkinson_vol,500.0,3,20,60,5.0,6000.0,parkinson_vol_60_pctrank6000,0.022057532247979635,0.602208927487248,745.384801588847,4
parkinson_vol,500.0,6,20,120,10.0,6000.0,parkinson_vol_120_pctrank6000,0.0016446600275917933,0.03641270469934515,490.1777608162312,1
parkinson_vol,500.0,12,20,240,20.0,6000.0,parkinson_vol_240_pctrank6000,-0.025860422418616167,-0.4792515784906127,343.4439534249777,2
garman_klass_vol,500.0,1,20,20,1.6666666666666667,6000.0,garman_klass_vol_20_pctrank6000,0.008009642939948046,0.3129057696879248,1526.1626823474437,4
garman_klass_vol,500.0,3,20,60,5.0,6000.0,garman_klass_vol_60_pctrank6000,0.008485252945981014,0.2301933606853936,735.9630328283813,4
garman_klass_vol,500.0,6,20,120,10.0,6000.0,garman_klass_vol_120_pctrank6000,-0.010823666827848273,-0.23740220000701606,481.0837057517817,1
garman_klass_vol,500.0,12,20,240,20.0,6000.0,garman_klass_vol_240_pctrank6000,-0.005779320219422594,-0.10664287094334285,340.49453016083186,2
garman_klass_vol,,1,20,20,1.6666666666666667,,garman_klass_vol_20,0.0018861027520984618,0.06760139816337962,1284.6376883835042,4
garman_klass_vol,,3,20,60,5.0,,garman_klass_vol_60,-0.016054457647800016,-0.37896519618506536,557.1952116515441,1
garman_klass_vol,,6,20,120,10.0,,garman_klass_vol_120,0.013560830646748527,0.252777101095319,347.4584462011761,3
garman_klass_vol,,12,20,240,20.0,,garman_klass_vol_240,0.026423722941198883,0.36366811231600354,189.41851629736362,4
autocorr_returns,2000.0,1,50,50,4.166666666666667,24000.0,autocorr_returns_50_pctrank24000,0.0074456173610413425,0.45453905925998617,3726.842079520231,3
autocorr_returns,2000.0,3,50,150,12.5,24000.0,autocorr_returns_150_pctrank24000,0.007968817411732736,0.3411109238665325,1832.3292028505787,3
autocorr_returns,2000.0,6,50,300,25.0,24000.0,autocorr_returns_300_pctrank24000,0.0037463945826183317,0.11870520302483346,1003.9509077456289,3
autocorr_returns,2000.0,12,50,600,50.0,24000.0,autocorr_returns_600_pctrank24000,-0.005813553412659087,-0.14838744363031817,651.4948276802057,2
avg_gap,,1,50,50,4.166666666666667,,avg_gap_50,-0.00047503960815551294,-0.015475656045873117,1061.300804548464,2
avg_gap,,3,50,150,12.5,,avg_gap_150,-0.008360932018335338,-0.17202486408927276,423.3241668289264,2
avg_gap,,6,50,300,25.0,,avg_gap_300,0.0009264832309410809,0.013702837079177214,218.74889209081354,3
avg_gap,,12,50,600,50.0,,avg_gap_600,0.02369739911298782,0.25935323514166697,119.77935589392112,2
kurt_returns,,1,100,100,8.333333333333334,,kurt_returns_100,0.006257435817407578,0.23077773621094996,1360.1756953152383,3
kurt_returns,,3,100,300,25.0,,kurt_returns_300,0.021589268123760982,0.4411333886367258,417.5072487246389,4
kurt_returns,,6,100,600,50.0,,kurt_returns_600,0.07241315800269303,1.0487084585289514,209.73676545036804,5
kurt_returns,,12,100,1200,100.0,,kurt_returns_1200,0.07660403448658017,0.8369484692178198,119.36971377390087,5
mean_reversion_speed,500.0,1,50,50,4.166666666666667,6000.0,mean_reversion_speed_50_pctrank6000,0.005699622561693272,0.3674551928663574,4156.392806573465,4
mean_reversion_speed,500.0,3,50,150,12.5,6000.0,mean_reversion_speed_150_pctrank6000,-0.011059492427314025,-0.5281198676316116,2280.313825304724,1
mean_reversion_speed,500.0,6,50,300,25.0,6000.0,mean_reversion_speed_300_pctrank6000,0.0049599196852512465,0.19096212381097163,1482.330975505277,3
mean_reversion_speed,500.0,12,50,600,50.0,6000.0,mean_reversion_speed_600_pctrank6000,0.006360581574927243,0.21100097824555336,1100.4625912223999,3
realized_vol,2000.0,1,100,100,8.333333333333334,24000.0,realized_vol_100_pctrank24000,0.02119913592789193,0.49985309734980127,555.9662852914834,4
realized_vol,2000.0,3,100,300,25.0,24000.0,realized_vol_300_pctrank24000,-0.011085916637601896,-0.17397361870247133,246.27684255617433,1
realized_vol,2000.0,6,100,600,50.0,24000.0,realized_vol_600_pctrank24000,-0.013019156566866152,-0.15871529897748624,148.61816114334673,3
realized_vol,2000.0,12,100,1200,100.0,24000.0,realized_vol_1200_pctrank24000,0.006385521024705464,0.059674974471527684,87.33569998831732,3
roc,,1,10,10,0.8333333333333334,,roc_10,0.00379259324637369,0.34210795871622995,8136.803358386232,3
roc,,3,10,30,2.5,,roc_30,-0.005310992310622505,-0.365866162718742,4745.622032010593,2
roc,,6,10,60,5.0,,roc_60,-0.014874800632944116,-0.8627465175404743,3364.063018030298,0
roc,,12,10,120,10.0,,roc_120,-0.010878630256733534,-0.5181002245138722,2268.1884185521244,2
variance_ratio_2,2000.0,1,50,50,4.166666666666667,24000.0,variance_ratio_2_50_pctrank24000,0.0030443271182163875,0.21886265856221834,5168.454628295495,3
variance_ratio_2,2000.0,3,50,150,12.5,24000.0,variance_ratio_2_150_pctrank24000,0.002604329259581237,0.1329374167394318,2605.5696686008027,3
variance_ratio_2,2000.0,6,50,300,25.0,24000.0,variance_ratio_2_300_pctrank24000,0.00694612763765384,0.26681169312080866,1475.4489878889367,3
variance_ratio_2,2000.0,12,50,600,50.0,24000.0,variance_ratio_2_600_pctrank24000,-0.0021104809699824282,-0.06535863910759873,959.0541313914094,2
aroon_up,500.0,1,10,10,0.8333333333333334,6000.0,aroon_up_10_pctrank6000,0.00900661274678628,1.0700368710514452,14114.792744265744,5
aroon_up,500.0,3,10,30,2.5,6000.0,aroon_up_30_pctrank6000,0.008634978978198822,0.6443586092492347,5568.429194283267,5
aroon_up,500.0,6,10,60,5.0,6000.0,aroon_up_60_pctrank6000,-0.0052939970498887805,-0.28792452270684515,2957.9438202422216,2
aroon_up,500.0,12,10,120,10.0,6000.0,aroon_up_120_pctrank6000,-0.016557712165191727,-0.648406486097982,1533.536240507808,1
zscore_vs_ma,500.0,1,100,100,8.333333333333334,6000.0,zscore_vs_ma_100_pctrank6000,-0.011558282945318202,-0.7626575424126102,4353.840308423226,0
zscore_vs_ma,500.0,3,100,300,25.0,6000.0,zscore_vs_ma_300_pctrank6000,-0.01977165312208968,-0.9603263032391881,2359.1289691966203,1
zscore_vs_ma,500.0,6,100,600,50.0,6000.0,zscore_vs_ma_600_pctrank6000,-0.018679787080372864,-0.7523722759418373,1622.2647237041942,1
zscore_vs_ma,500.0,12,100,1200,100.0,6000.0,zscore_vs_ma_1200_pctrank6000,-0.03930757924540289,-1.3304829291017872,1145.6870812726354,0
stochastic_d,2000.0,1,100,100,8.333333333333334,24000.0,stochastic_d_100_pctrank24000,-0.018849691183751186,-0.9947407260652591,2784.910988745668,0
stochastic_d,2000.0,3,100,300,25.0,24000.0,stochastic_d_300_pctrank24000,-0.016556021745116847,-0.6373361655858064,1481.9213333852567,1
stochastic_d,2000.0,6,100,600,50.0,24000.0,stochastic_d_600_pctrank24000,-0.026391990381994627,-0.8458024452353404,1027.054723314771,1
stochastic_d,2000.0,12,100,1200,100.0,24000.0,stochastic_d_1200_pctrank24000,-0.031125696392383037,-0.8487107324983887,743.5004478367539,1
keltner_width,,1,20,20,1.6666666666666667,,keltner_width_20,0.004707844805803032,0.17141235324473675,1325.6838288095332,4
keltner_width,,3,20,60,5.0,,keltner_width_60,-0.011673106287964915,-0.277682472925102,565.8796245959735,2
keltner_width,,6,20,120,10.0,,keltner_width_120,-0.009134814181012543,-0.17225105182980402,355.56936017757704,2
keltner_width,,12,20,240,20.0,,keltner_width_240,-0.018112100189580427,-0.24133236444855843,177.53889481677638,2
