variant_a,variant_b,oos_sharpe_all,ann_sharpe,annual_rate,n_folds_positive,oos_sharpe_long,oos_sharpe_short
adx_50_pctrank24000,autocorr_returns_50_pctrank24000,0.03434451637660075,0.14811110913869396,18.597752248919353,2,0.05133552139578347,0.018919530203114356
avg_gap_300,garman_klass_vol_20_pctrank6000,0.0737890198695775,0.1981300632364854,7.209701312356401,3,0.0737890198695775,
kurt_returns_600,mean_reversion_speed_50_pctrank6000,0.08788412427486071,0.22639677670504033,6.636202344328051,3,0.03278242785050666,0.30036857554593044
realized_vol_100_pctrank24000,roc_10,-0.0261958494222374,-0.14167195722266063,29.248447369445856,2,-0.03015884080128201,-0.017068340017195725
realized_vol_100_pctrank24000,variance_ratio_2_300_pctrank24000,0.05081041331852357,0.0953683471539987,3.5229222321741505,1,0.015358498120232458,0.10048515215985168
parkinson_vol_100_pctrank24000,aroon_up_10_pctrank6000,-0.015481061432160385,-0.09667663168994546,38.997929825927805,2,0.034577562620244875,-0.12177265045188373
avg_gap_300,zscore_vs_ma_600_pctrank6000,0.08503795888453324,0.144000549740869,2.8674948401417506,0,0.12234424268370392,
avg_gap_300,roc_10,-0.032594731071752425,-0.11615303219792644,12.698905720627753,2,-0.0395641462994041,
stochastic_d_300_pctrank24000,keltner_width_20,0.05672715774326241,0.19348731445706258,11.633836208575103,3,0.044077059570548256,0.09841142402704399
