kind,name,n_hold,hours,oos_sharpe_all,ann_sharpe,annual_rate,n_long,n_short,n_folds_positive
single,vol_of_vol_100,6,0.5,0.023507132110174297,0.5948904600357162,640.4344904396589,5360,2457,5
single,vol_of_vol_100,12,1.0,0.02768055460061005,0.7005064583473164,640.4344904396589,5360,2457,5
single,vol_of_vol_100,24,2.0,0.02981837621760237,0.7545596291799459,640.3525620156549,5360,2456,5
single,vol_of_vol_100,48,4.0,0.015799761547118145,0.399815943266801,640.3525620156549,5360,2456,3
single,vol_of_vol_100,96,8.0,0.013674075242959816,0.34600291437988184,640.2706335916508,5359,2456,4
single,vol_of_vol_100,192,16.0,0.012950687337327689,0.32769861817493445,640.2706335916508,5359,2456,4
single,adx_50_pctrank24000,6,0.5,0.008346646572748804,0.2454822829414627,865.00030063476,5938,4620,3
single,adx_50_pctrank24000,12,1.0,0.009212650828023798,0.2709522366251389,865.00030063476,5938,4620,3
single,adx_50_pctrank24000,24,2.0,0.0035014511343415262,0.10298078522606692,865.00030063476,5938,4620,2
single,adx_50_pctrank24000,48,4.0,0.020968189071436227,0.6166930488239454,865.00030063476,5938,4620,4
single,adx_50_pctrank24000,96,8.0,0.01830190879733642,0.5382498878153075,864.918372210756,5938,4619,4
single,adx_50_pctrank24000,192,16.0,0.011362187149677001,0.33412452747285143,864.7545153627478,5936,4619,3
single,bb_width_100,6,0.5,0.03245858776700888,0.743543681972778,524.7515557459403,3827,2578,5
single,bb_width_100,12,1.0,0.023246046840968846,0.5325078029739073,524.7515557459403,3827,2578,3
single,bb_width_100,24,2.0,0.003067962886958481,0.07027373937828096,524.6696273219363,3827,2577,2
single,bb_width_100,48,4.0,0.0016303431913830507,0.03734409989619859,524.6696273219363,3827,2577,2
single,bb_width_100,96,8.0,-0.008850465988086668,-0.20272583572213188,524.6696273219363,3827,2577,2
single,bb_width_100,192,16.0,-0.013278087738820547,-0.3041434696509257,524.6696273219363,3827,2577,2
single,bb_width_300_pctrank6000,6,0.5,-0.003641992816127309,-0.055308971776061394,230.6285135714008,1695,1120,3
single,bb_width_300_pctrank6000,12,1.0,0.015945365960791838,0.24215363412555876,230.6285135714008,1695,1120,4
single,bb_width_300_pctrank6000,24,2.0,0.02508275989039141,0.3809182853684379,230.6285135714008,1695,1120,3
single,bb_width_300_pctrank6000,48,4.0,0.022073757469899067,0.3352221957956753,230.6285135714008,1695,1120,4
single,bb_width_300_pctrank6000,96,8.0,0.01663694130570268,0.2526562142139421,230.6285135714008,1695,1120,3
single,bb_width_300_pctrank6000,192,16.0,0.005958525858770124,0.0904728300094014,230.54658514739674,1694,1120,3
single,parkinson_vol_100_pctrank24000,6,0.5,0.015581691262898977,0.33423001225806426,460.11002920674485,3225,2391,4
single,parkinson_vol_100_pctrank24000,12,1.0,0.016702245261383922,0.35826609218869476,460.11002920674485,3225,2391,4
single,parkinson_vol_100_pctrank24000,24,2.0,0.0014943826390774906,0.032054769880235846,460.11002920674485,3225,2391,3
single,parkinson_vol_100_pctrank24000,48,4.0,-0.023487795766291352,-0.5038173414188104,460.11002920674485,3225,2391,0
single,parkinson_vol_100_pctrank24000,96,8.0,-0.02874062068150767,-0.6164913577486383,460.11002920674485,3225,2391,0
single,parkinson_vol_100_pctrank24000,192,16.0,-0.019084130660827044,-0.40928505417618316,459.94617235873676,3223,2391,1
single,garman_klass_vol_20_pctrank6000,6,0.5,0.010624895746659414,0.41507358148027346,1526.1626823474437,10738,7890,3
single,garman_klass_vol_20_pctrank6000,12,1.0,0.007454845479815733,0.29123197878548873,1526.1626823474437,10738,7890,4
single,garman_klass_vol_20_pctrank6000,24,2.0,0.004809128049572099,0.18787403198386607,1526.1626823474437,10738,7890,4
single,garman_klass_vol_20_pctrank6000,48,4.0,-0.0017165012149556087,-0.06705526340129155,1526.0807539234397,10738,7889,4
single,garman_klass_vol_20_pctrank6000,96,8.0,-0.01466182609564636,-0.5727500868293403,1525.9988254994355,10738,7888,2
single,garman_klass_vol_20_pctrank6000,192,16.0,-0.014261343191985819,-0.5570906534363351,1525.9168970754315,10737,7888,1
single,parkinson_vol_60_pctrank6000,6,0.5,0.020983503350800924,0.5728860738248875,745.384801588847,5256,3842,4
single,parkinson_vol_60_pctrank6000,12,1.0,0.02137736493156156,0.5836391788169485,745.384801588847,5256,3842,4
single,parkinson_vol_60_pctrank6000,24,2.0,-0.0040353948552723845,-0.11016723097895181,745.3028731648429,5256,3841,3
single,parkinson_vol_60_pctrank6000,48,4.0,-0.029251705223075835,-0.7985784493005422,745.3028731648429,5256,3841,1
single,parkinson_vol_60_pctrank6000,96,8.0,-0.027419507155166792,-0.74855901006703,745.3028731648429,5256,3841,1
single,parkinson_vol_60_pctrank6000,192,16.0,-0.008888306819682735,-0.24263953444566785,745.220944740839,5255,3841,2
single,garman_klass_vol_240,6,0.5,0.014710772303551113,0.2024634759548478,189.41851629736362,1530,782,4
single,garman_klass_vol_240,12,1.0,0.026559488779642603,0.36553664939890057,189.41851629736362,1530,782,4
single,garman_klass_vol_240,24,2.0,0.0209089452820576,0.28776855850954874,189.41851629736362,1530,782,4
single,garman_klass_vol_240,48,4.0,0.016205347147360882,0.22303321979347374,189.41851629736362,1530,782,3
single,garman_klass_vol_240,96,8.0,0.04436207242652239,0.6105525392345507,189.41851629736362,1530,782,4
single,garman_klass_vol_240,192,16.0,0.0019145458241161346,0.02634977922483514,189.41851629736362,1530,782,2
pair,adx_50_pctrank2000+autocorr_returns_50_pctrank2000,6,0.5,0.04574367089144599,0.2078493086067151,20.645962849020602,138,114,3
pair,adx_50_pctrank2000+autocorr_returns_50_pctrank2000,12,1.0,0.1086534088350944,0.4936974987803223,20.645962849020602,138,114,4
pair,adx_50_pctrank2000+autocorr_returns_50_pctrank2000,24,2.0,0.13493761649194527,0.6131272315124495,20.645962849020602,138,114,5
pair,adx_50_pctrank2000+autocorr_returns_50_pctrank2000,48,4.0,0.11520288491348495,0.523456896049951,20.645962849020602,138,114,5
pair,adx_50_pctrank2000+autocorr_returns_50_pctrank2000,96,8.0,0.07569546089888443,0.3439437392297666,20.645962849020602,138,114,4
pair,adx_50_pctrank2000+autocorr_returns_50_pctrank2000,192,16.0,0.08376342881408384,0.3806028337089756,20.645962849020602,138,114,3
pair,avg_gap_50+garman_klass_vol_20_pctrank500,6,0.5,0.07445893020512354,0.36729271728149493,24.332741929202854,292,5,4
pair,avg_gap_50+garman_klass_vol_20_pctrank500,12,1.0,0.10797016357624083,0.532597697227138,24.332741929202854,292,5,4
pair,avg_gap_50+garman_klass_vol_20_pctrank500,24,2.0,0.13183143726000496,0.6503011348801289,24.332741929202854,292,5,4
pair,avg_gap_50+garman_klass_vol_20_pctrank500,48,4.0,0.07061057914436417,0.3483094829768182,24.332741929202854,292,5,3
pair,avg_gap_50+garman_klass_vol_20_pctrank500,96,8.0,0.0018960529227415297,0.009352893308898722,24.332741929202854,292,5,3
pair,avg_gap_50+garman_klass_vol_20_pctrank500,192,16.0,-0.0023370540580229613,-0.011528273815380878,24.332741929202854,292,5,2
pair,kurt_returns_100+mean_reversion_speed_50_pctrank500,6,0.5,0.07281992079568571,0.49631686401263536,46.453416410296356,431,136,5
pair,kurt_returns_100+mean_reversion_speed_50_pctrank500,12,1.0,0.07788937531439463,0.5308686149825342,46.453416410296356,431,136,5
pair,kurt_returns_100+mean_reversion_speed_50_pctrank500,24,2.0,0.0468785888681097,0.3195091942167603,46.453416410296356,431,136,3
pair,kurt_returns_100+mean_reversion_speed_50_pctrank500,48,4.0,0.021545326204076218,0.14684592648403294,46.453416410296356,431,136,3
pair,kurt_returns_100+mean_reversion_speed_50_pctrank500,96,8.0,0.03382083797340615,0.23051181679168878,46.453416410296356,431,136,3
pair,kurt_returns_100+mean_reversion_speed_50_pctrank500,192,16.0,0.08217851316201327,0.5601019816573043,46.453416410296356,431,136,3
pair,realized_vol_100_pctrank2000+roc_10,6,0.5,0.00829821125207339,0.0513836219350266,38.342502433895405,317,151,3
pair,realized_vol_100_pctrank2000+roc_10,12,1.0,0.06320370430765294,0.3913656989903936,38.342502433895405,317,151,4
pair,realized_vol_100_pctrank2000+roc_10,24,2.0,0.05822153873782481,0.3605154706362057,38.342502433895405,317,151,4
pair,realized_vol_100_pctrank2000+roc_10,48,4.0,-0.02298326057909838,-0.14231539021563427,38.342502433895405,317,151,3
pair,realized_vol_100_pctrank2000+roc_10,96,8.0,-0.0016696134919472574,-0.01033846763378093,38.342502433895405,317,151,3
pair,realized_vol_100_pctrank2000+roc_10,192,16.0,-0.0021513038671901936,-0.013321158165434947,38.342502433895405,317,151,3
pair,realized_vol_100_pctrank2000+variance_ratio_2_50_pctrank2000,6,0.5,0.04451782911127789,0.202279349713958,20.645962849020602,152,100,3
pair,realized_vol_100_pctrank2000+variance_ratio_2_50_pctrank2000,12,1.0,0.056363265585938266,0.2561024411585785,20.645962849020602,152,100,3
pair,realized_vol_100_pctrank2000+variance_ratio_2_50_pctrank2000,24,2.0,0.024995213730134927,0.11357282419713106,20.645962849020602,152,100,3
pair,realized_vol_100_pctrank2000+variance_ratio_2_50_pctrank2000,48,4.0,0.0004753319414087716,0.002159805137085659,20.645962849020602,152,100,2
pair,realized_vol_100_pctrank2000+variance_ratio_2_50_pctrank2000,96,8.0,0.07904839872204902,0.35917876070410104,20.645962849020602,152,100,2
pair,realized_vol_100_pctrank2000+variance_ratio_2_50_pctrank2000,192,16.0,0.08463850425230392,0.38457898650275524,20.645962849020602,152,100,4
pair,parkinson_vol_100_pctrank2000+aroon_up_10_pctrank500,6,0.5,0.03830481341908638,0.2751952454694366,51.61490712255151,405,225,3
pair,parkinson_vol_100_pctrank2000+aroon_up_10_pctrank500,12,1.0,0.04825509689784931,0.34668157995355736,51.61490712255151,405,225,4
pair,parkinson_vol_100_pctrank2000+aroon_up_10_pctrank500,24,2.0,-0.028339926403898374,-0.20360399404583754,51.61490712255151,405,225,1
pair,parkinson_vol_100_pctrank2000+aroon_up_10_pctrank500,48,4.0,-0.0024243336045028066,-0.017417264877173932,51.61490712255151,405,225,2
pair,parkinson_vol_100_pctrank2000+aroon_up_10_pctrank500,96,8.0,0.00252365943274689,0.018130856544780537,51.61490712255151,405,225,4
pair,parkinson_vol_100_pctrank2000+aroon_up_10_pctrank500,192,16.0,0.021767372272852074,0.15638445461967246,51.61490712255151,405,225,4
pair,avg_gap_50+zscore_vs_ma_100_pctrank500,6,0.5,0.005861294339463572,0.03478924944766714,35.2292223217415,419,11,3
pair,avg_gap_50+zscore_vs_ma_100_pctrank500,12,1.0,0.045481002509893696,0.26994889691744695,35.2292223217415,419,11,3
pair,avg_gap_50+zscore_vs_ma_100_pctrank500,24,2.0,0.06958247966629734,0.41300131030778264,35.2292223217415,419,11,3
pair,avg_gap_50+zscore_vs_ma_100_pctrank500,48,4.0,0.011187899309230705,0.06640489238761405,35.2292223217415,419,11,3
pair,avg_gap_50+zscore_vs_ma_100_pctrank500,96,8.0,-0.05928052878353834,-0.3518548948061994,35.2292223217415,419,11,2
pair,avg_gap_50+zscore_vs_ma_100_pctrank500,192,16.0,-0.03517145957466751,-0.20875741938829712,35.2292223217415,419,11,2
pair,avg_gap_50+roc_10,6,0.5,0.04876817285650788,0.36799861768000325,56.94025468281476,671,24,4
pair,avg_gap_50+roc_10,12,1.0,0.03175172881291531,0.23959462960572886,56.94025468281476,671,24,3
pair,avg_gap_50+roc_10,24,2.0,0.011464956764403265,0.08651314974369369,56.94025468281476,671,24,3
pair,avg_gap_50+roc_10,48,4.0,-0.016180891730222944,-0.12209901336824912,56.94025468281476,671,24,3
pair,avg_gap_50+roc_10,96,8.0,0.00011691677384566554,0.0008822395558145043,56.94025468281476,671,24,2
pair,avg_gap_50+roc_10,192,16.0,0.007730589303528229,0.0583340734523864,56.94025468281476,671,24,4
pair,stochastic_d_100_pctrank2000+keltner_width_20,6,0.5,0.10478790227434696,0.5081236336737102,23.513457689162355,186,101,5
pair,stochastic_d_100_pctrank2000+keltner_width_20,12,1.0,0.024614157533899585,0.11935571659023489,23.513457689162355,186,101,3
pair,stochastic_d_100_pctrank2000+keltner_width_20,24,2.0,0.02779129900585103,0.13476189072278666,23.513457689162355,186,101,2
pair,stochastic_d_100_pctrank2000+keltner_width_20,48,4.0,-0.004975566351273544,-0.024126858149852326,23.513457689162355,186,101,2
pair,stochastic_d_100_pctrank2000+keltner_width_20,96,8.0,0.0010648612349588476,0.00516358423369284,23.513457689162355,186,101,3
pair,stochastic_d_100_pctrank2000+keltner_width_20,192,16.0,0.02522602591771051,0.1223227078150242,23.513457689162355,186,101,3
