kind,name,best_n_hold,best_hours,ann_sharpe,annual_rate,n_folds_positive,met_usability_bar
single,vol_of_vol_100,24,2.0,0.7545596291799459,640.3525620156549,5,True
single,adx_50_pctrank24000,48,4.0,0.6166930488239454,865.00030063476,4,True
single,bb_width_100,6,0.5,0.743543681972778,524.7515557459403,5,True
single,bb_width_300_pctrank6000,24,2.0,0.3809182853684379,230.6285135714008,3,True
single,parkinson_vol_100_pctrank24000,12,1.0,0.35826609218869476,460.11002920674485,4,True
single,garman_klass_vol_20_pctrank6000,6,0.5,0.41507358148027346,1526.1626823474437,3,True
single,parkinson_vol_60_pctrank6000,12,1.0,0.5836391788169485,745.384801588847,4,True
single,garman_klass_vol_240,96,8.0,0.6105525392345507,189.41851629736362,4,True
pair,adx_50_pctrank2000+autocorr_returns_50_pctrank2000,24,2.0,0.6131272315124495,20.645962849020602,5,True
pair,avg_gap_50+garman_klass_vol_20_pctrank500,24,2.0,0.6503011348801289,24.332741929202854,4,True
pair,kurt_returns_100+mean_reversion_speed_50_pctrank500,192,16.0,0.5601019816573043,46.453416410296356,3,True
pair,realized_vol_100_pctrank2000+roc_10,12,1.0,0.3913656989903936,38.342502433895405,4,True
pair,realized_vol_100_pctrank2000+variance_ratio_2_50_pctrank2000,192,16.0,0.38457898650275524,20.645962849020602,4,True
pair,parkinson_vol_100_pctrank2000+aroon_up_10_pctrank500,12,1.0,0.34668157995355736,51.61490712255151,4,True
pair,avg_gap_50+zscore_vs_ma_100_pctrank500,24,2.0,0.41300131030778264,35.2292223217415,3,True
pair,avg_gap_50+roc_10,6,0.5,0.36799861768000325,56.94025468281476,4,True
pair,stochastic_d_100_pctrank2000+keltner_width_20,6,0.5,0.5081236336737102,23.513457689162355,5,True
