kind,name,n_hold,sl_type,sl_level,rr_ratio,oos_sharpe_all,ann_sharpe,annual_rate,n_long,n_short,n_folds_positive
single,vol_of_vol_100,24,none,,,0.02981837621760237,0.7545596291799459,640.3525620156549,5360,2456,5
single,vol_of_vol_100,24,atr,0.5,1.0,-0.08058215483078753,-2.0391466129448794,640.3525620156549,5360,2456,0
single,vol_of_vol_100,24,atr,0.5,1.5,-0.03274492902377135,-0.8286165994214985,640.3525620156549,5360,2456,1
single,vol_of_vol_100,24,atr,0.5,2.0,-0.01725406097613151,-0.4366172643670808,640.3525620156549,5360,2456,1
single,vol_of_vol_100,24,atr,1.0,1.0,-0.010982944440541497,-0.277925478700842,640.3525620156549,5360,2456,2
single,vol_of_vol_100,24,atr,1.0,1.5,0.010702258880303022,0.27082267770644436,640.3525620156549,5360,2456,4
single,vol_of_vol_100,24,atr,1.0,2.0,0.023606629003356448,0.5973701953779115,640.3525620156549,5360,2456,4
single,vol_of_vol_100,24,atr,1.5,1.0,0.006304706793343138,0.15954179346845085,640.3525620156549,5360,2456,4
single,vol_of_vol_100,24,atr,1.5,1.5,0.021161282117383464,0.5354902316256641,640.3525620156549,5360,2456,4
single,vol_of_vol_100,24,atr,1.5,2.0,0.02152577996681636,0.544713918391767,640.3525620156549,5360,2456,4
single,vol_of_vol_100,24,atr,2.0,1.0,0.015235153038841867,0.3855284185696883,640.3525620156549,5360,2456,4
single,vol_of_vol_100,24,atr,2.0,1.5,0.019881879235002037,0.5031147005955204,640.3525620156549,5360,2456,5
single,vol_of_vol_100,24,atr,2.0,2.0,0.028683021811025323,0.7258292719746172,640.3525620156549,5360,2456,5
single,vol_of_vol_100,24,pct,0.002,1.0,0.01885177635113947,0.4770477530061446,640.3525620156549,5360,2456,4
single,vol_of_vol_100,24,pct,0.002,1.5,0.02788265440354587,0.7055758239066133,640.3525620156549,5360,2456,5
single,vol_of_vol_100,24,pct,0.002,2.0,0.029188069686726735,0.73860960364078,640.3525620156549,5360,2456,5
single,vol_of_vol_100,24,pct,0.003,1.0,0.033617025609628606,0.850685167865044,640.3525620156549,5360,2456,5
single,vol_of_vol_100,24,pct,0.003,1.5,0.03645152876009357,0.9224128042231114,640.3525620156549,5360,2456,5
single,vol_of_vol_100,24,pct,0.003,2.0,0.036110303424075625,0.913778032794461,640.3525620156549,5360,2456,5
single,vol_of_vol_100,24,pct,0.005,1.0,0.02873227064426132,0.7270755229801351,640.3525620156549,5360,2456,5
single,vol_of_vol_100,24,pct,0.005,1.5,0.03025252604951852,0.7655458724880507,640.3525620156549,5360,2456,5
single,vol_of_vol_100,24,pct,0.005,2.0,0.03239351840553613,0.8197240875070189,640.3525620156549,5360,2456,5
single,vol_of_vol_100,24,pct,0.01,1.0,0.03044213247958857,0.770343898930528,640.3525620156549,5360,2456,5
single,vol_of_vol_100,24,pct,0.01,1.5,0.030442702631849134,0.7703583267409214,640.3525620156549,5360,2456,5
single,vol_of_vol_100,24,pct,0.01,2.0,0.030402159109205806,0.7693323652603852,640.3525620156549,5360,2456,5
single,adx_50_pctrank24000,48,none,,,0.020968189071436227,0.6166930488239454,865.00030063476,5938,4620,4
single,adx_50_pctrank24000,48,atr,0.5,1.0,-0.056731697983058264,-1.668529584263954,865.00030063476,5938,4620,0
single,adx_50_pctrank24000,48,atr,0.5,1.5,-0.007665179794441554,-0.2254397402233116,865.00030063476,5938,4620,2
single,adx_50_pctrank24000,48,atr,0.5,2.0,0.011793749742665435,0.3468646463026572,865.00030063476,5938,4620,4
single,adx_50_pctrank24000,48,atr,1.0,1.0,-0.0038233599367085962,-0.11244840878185812,865.00030063476,5938,4620,2
single,adx_50_pctrank24000,48,atr,1.0,1.5,-0.0051106625710748395,-0.15030912167612803,865.00030063476,5938,4620,2
single,adx_50_pctrank24000,48,atr,1.0,2.0,0.0024775863438304103,0.07286801310766187,865.00030063476,5938,4620,2
single,adx_50_pctrank24000,48,atr,1.5,1.0,-0.0171763577211314,-0.5051719237482866,865.00030063476,5938,4620,1
single,adx_50_pctrank24000,48,atr,1.5,1.5,-0.005685914154440049,-0.16722778125029,865.00030063476,5938,4620,2
single,adx_50_pctrank24000,48,atr,1.5,2.0,-0.008547959690468298,-0.25140308038905007,865.00030063476,5938,4620,2
single,adx_50_pctrank24000,48,atr,2.0,1.0,-0.017159405756255394,-0.504673351417251,865.00030063476,5938,4620,2
single,adx_50_pctrank24000,48,atr,2.0,1.5,-0.010984066315889463,-0.32305113816709297,865.00030063476,5938,4620,2
single,adx_50_pctrank24000,48,atr,2.0,2.0,-0.008071394585010034,-0.23738687770951025,865.00030063476,5938,4620,1
single,adx_50_pctrank24000,48,pct,0.002,1.0,-0.004325817164031183,-0.12722612174340803,865.00030063476,5938,4620,2
single,adx_50_pctrank24000,48,pct,0.002,1.5,-0.0030098246180603125,-0.08852161308796534,865.00030063476,5938,4620,3
single,adx_50_pctrank24000,48,pct,0.002,2.0,0.00819422609982798,0.2409994615672136,865.00030063476,5938,4620,3
single,adx_50_pctrank24000,48,pct,0.003,1.0,-0.011123610644216145,-0.3271552607018855,865.00030063476,5938,4620,3
single,adx_50_pctrank24000,48,pct,0.003,1.5,-0.001116472955410618,-0.032836460433275476,865.00030063476,5938,4620,3
single,adx_50_pctrank24000,48,pct,0.003,2.0,0.0036555986131739057,0.10751439937680737,865.00030063476,5938,4620,3
single,adx_50_pctrank24000,48,pct,0.005,1.0,0.007751049168850732,0.22796523472951763,865.00030063476,5938,4620,3
single,adx_50_pctrank24000,48,pct,0.005,1.5,0.011108327417468788,0.32670576744013624,865.00030063476,5938,4620,3
single,adx_50_pctrank24000,48,pct,0.005,2.0,0.011932582258541831,0.3509478338015883,865.00030063476,5938,4620,3
single,adx_50_pctrank24000,48,pct,0.01,1.0,0.009369175924326277,0.2755557786156932,865.00030063476,5938,4620,3
single,adx_50_pctrank24000,48,pct,0.01,1.5,0.013950417855316376,0.41029416943223823,865.00030063476,5938,4620,3
single,adx_50_pctrank24000,48,pct,0.01,2.0,0.013569639446901312,0.3990951385187054,865.00030063476,5938,4620,3
single,bb_width_100,6,none,,,0.03245858776700888,0.743543681972778,524.7515557459403,3827,2578,5
single,bb_width_100,6,atr,0.5,1.0,-0.05940796355547655,-1.3608853311061417,524.7515557459403,3827,2578,0
single,bb_width_100,6,atr,0.5,1.5,0.0002448385290456793,0.0056086279132716394,524.7515557459403,3827,2578,2
single,bb_width_100,6,atr,0.5,2.0,0.01651006766766335,0.3782036541870588,524.7515557459403,3827,2578,5
single,bb_width_100,6,atr,1.0,1.0,0.02145293312410374,0.49143212880089515,524.7515557459403,3827,2578,3
single,bb_width_100,6,atr,1.0,1.5,0.028981078200565467,0.6638827834244747,524.7515557459403,3827,2578,4
single,bb_width_100,6,atr,1.0,2.0,0.03244648642724033,0.7432664710604334,524.7515557459403,3827,2578,5
single,bb_width_100,6,atr,1.5,1.0,0.014298503555984223,0.32754234586642605,524.7515557459403,3827,2578,3
single,bb_width_100,6,atr,1.5,1.5,0.014683055306532153,0.336351448300701,524.7515557459403,3827,2578,3
single,bb_width_100,6,atr,1.5,2.0,0.014655430931352976,0.33571864413249874,524.7515557459403,3827,2578,3
single,bb_width_100,6,atr,2.0,1.0,0.01765845069129374,0.40451018815687784,524.7515557459403,3827,2578,3
single,bb_width_100,6,atr,2.0,1.5,0.015019910821414243,0.3440679512991106,524.7515557459403,3827,2578,3
single,bb_width_100,6,atr,2.0,2.0,0.017988448406795268,0.4120695964154221,524.7515557459403,3827,2578,4
single,bb_width_100,6,pct,0.002,1.0,0.022959156292006958,0.5259358702506011,524.7515557459403,3827,2578,3
single,bb_width_100,6,pct,0.002,1.5,0.024152246973174855,0.5532665429333065,524.7515557459403,3827,2578,3
single,bb_width_100,6,pct,0.002,2.0,0.02493579037109493,0.5712155291078409,524.7515557459403,3827,2578,3
single,bb_width_100,6,pct,0.003,1.0,0.027119514509258983,0.6212390944508058,524.7515557459403,3827,2578,3
single,bb_width_100,6,pct,0.003,1.5,0.027067486925481072,0.620047274847191,524.7515557459403,3827,2578,3
single,bb_width_100,6,pct,0.003,2.0,0.02798036515900166,0.6409589931208555,524.7515557459403,3827,2578,4
single,bb_width_100,6,pct,0.005,1.0,0.03152273670078674,0.7221057145371084,524.7515557459403,3827,2578,4
single,bb_width_100,6,pct,0.005,1.5,0.030154018660650702,0.6907518657975859,524.7515557459403,3827,2578,4
single,bb_width_100,6,pct,0.005,2.0,0.029412496661939916,0.6737654829905794,524.7515557459403,3827,2578,4
single,bb_width_100,6,pct,0.01,1.0,0.028182853623987383,0.6455974887908837,524.7515557459403,3827,2578,4
single,bb_width_100,6,pct,0.01,1.5,0.02780719594750964,0.636992126970013,524.7515557459403,3827,2578,4
single,bb_width_100,6,pct,0.01,2.0,0.027838764939421213,0.6377152922737714,524.7515557459403,3827,2578,4
single,bb_width_300_pctrank6000,24,none,,,0.02508275989039141,0.3809182853684379,230.6285135714008,1695,1120,3
single,bb_width_300_pctrank6000,24,atr,0.5,1.0,-0.027389815339803534,-0.4159542865852188,230.6285135714008,1695,1120,2
single,bb_width_300_pctrank6000,24,atr,0.5,1.5,0.022261594600263203,0.3380747765299925,230.6285135714008,1695,1120,3
single,bb_width_300_pctrank6000,24,atr,0.5,2.0,0.0256668883855861,0.38978912836166224,230.6285135714008,1695,1120,3
single,bb_width_300_pctrank6000,24,atr,1.0,1.0,0.024052051019322056,0.36526546815065725,230.6285135714008,1695,1120,4
single,bb_width_300_pctrank6000,24,atr,1.0,1.5,0.02080064040272779,0.31588805663318426,230.6285135714008,1695,1120,3
single,bb_width_300_pctrank6000,24,atr,1.0,2.0,0.030440327255011907,0.46228075836563465,230.6285135714008,1695,1120,5
single,bb_width_300_pctrank6000,24,atr,1.5,1.0,0.007262895250504636,0.11029765535062203,230.6285135714008,1695,1120,2
single,bb_width_300_pctrank6000,24,atr,1.5,1.5,0.01573549533486413,0.23896644263120462,230.6285135714008,1695,1120,4
single,bb_width_300_pctrank6000,24,atr,1.5,2.0,0.015721587151543148,0.23875522658614537,230.6285135714008,1695,1120,4
single,bb_width_300_pctrank6000,24,atr,2.0,1.0,0.020818541868875336,0.3161599165010896,230.6285135714008,1695,1120,3
single,bb_width_300_pctrank6000,24,atr,2.0,1.5,0.017795661693294943,0.2702530729803563,230.6285135714008,1695,1120,2
single,bb_width_300_pctrank6000,24,atr,2.0,2.0,0.020005866351063967,0.30381825369530724,230.6285135714008,1695,1120,3
single,bb_width_300_pctrank6000,24,pct,0.002,1.0,0.01130924176364539,0.17174732765652237,230.6285135714008,1695,1120,3
single,bb_width_300_pctrank6000,24,pct,0.002,1.5,0.01282395991840695,0.1947505316440248,230.6285135714008,1695,1120,3
single,bb_width_300_pctrank6000,24,pct,0.002,2.0,-0.0009693590510364819,-0.014721130738433697,230.6285135714008,1695,1120,3
single,bb_width_300_pctrank6000,24,pct,0.003,1.0,0.01929985321750706,0.29309641473271697,230.6285135714008,1695,1120,3
single,bb_width_300_pctrank6000,24,pct,0.003,1.5,0.010316471231168682,0.15667065943309438,230.6285135714008,1695,1120,3
single,bb_width_300_pctrank6000,24,pct,0.003,2.0,0.018254157944634315,0.27721600714993117,230.6285135714008,1695,1120,3
single,bb_width_300_pctrank6000,24,pct,0.005,1.0,0.0099678152900378,0.15137581054647045,230.6285135714008,1695,1120,3
single,bb_width_300_pctrank6000,24,pct,0.005,1.5,0.021864902064924415,0.33205042191191897,230.6285135714008,1695,1120,4
single,bb_width_300_pctrank6000,24,pct,0.005,2.0,0.02653642669076539,0.40299433551264874,230.6285135714008,1695,1120,4
single,bb_width_300_pctrank6000,24,pct,0.01,1.0,0.02583313389382844,0.39231380882850897,230.6285135714008,1695,1120,3
single,bb_width_300_pctrank6000,24,pct,0.01,1.5,0.025435385054865624,0.3862734126995709,230.6285135714008,1695,1120,3
single,bb_width_300_pctrank6000,24,pct,0.01,2.0,0.02660647681862676,0.4040581488534213,230.6285135714008,1695,1120,3
single,parkinson_vol_100_pctrank24000,12,none,,,0.016702245261383922,0.35826609218869476,460.11002920674485,3225,2391,4
single,parkinson_vol_100_pctrank24000,12,atr,0.5,1.0,-0.08424349066737788,-1.8070376599915554,460.11002920674485,3225,2391,0
single,parkinson_vol_100_pctrank24000,12,atr,0.5,1.5,-0.029530857267687952,-0.6334420712128882,460.11002920674485,3225,2391,0
single,parkinson_vol_100_pctrank24000,12,atr,0.5,2.0,-0.0035787913786250783,-0.07676570316824341,460.11002920674485,3225,2391,3
single,parkinson_vol_100_pctrank24000,12,atr,1.0,1.0,-0.006432998440168304,-0.13798894556671726,460.11002920674485,3225,2391,1
single,parkinson_vol_100_pctrank24000,12,atr,1.0,1.5,0.0035175559890817274,0.07545219331540516,460.11002920674485,3225,2391,4
single,parkinson_vol_100_pctrank24000,12,atr,1.0,2.0,0.00527240131576575,0.11309393355737457,460.11002920674485,3225,2391,3
single,parkinson_vol_100_pctrank24000,12,atr,1.5,1.0,-0.001349690248941321,-0.02895109271753848,460.11002920674485,3225,2391,3
single,parkinson_vol_100_pctrank24000,12,atr,1.5,1.5,-0.006374496418217728,-0.13673406692846443,460.11002920674485,3225,2391,2
single,parkinson_vol_100_pctrank24000,12,atr,1.5,2.0,-0.0007066470717367875,-0.015157703709036904,460.11002920674485,3225,2391,2
single,parkinson_vol_100_pctrank24000,12,atr,2.0,1.0,-0.0008993495432336919,-0.01929120554294416,460.11002920674485,3225,2391,3
single,parkinson_vol_100_pctrank24000,12,atr,2.0,1.5,0.0002130744913910705,0.004570485236033908,460.11002920674485,3225,2391,2
single,parkinson_vol_100_pctrank24000,12,atr,2.0,2.0,0.007798808077442767,0.1672858019930392,460.11002920674485,3225,2391,4
single,parkinson_vol_100_pctrank24000,12,pct,0.002,1.0,0.0022571873217858726,0.04841706420056994,460.11002920674485,3225,2391,4
single,parkinson_vol_100_pctrank24000,12,pct,0.002,1.5,0.012758416087371025,0.27367026424332697,460.11002920674485,3225,2391,3
single,parkinson_vol_100_pctrank24000,12,pct,0.002,2.0,0.01578002054147067,0.33848421009126,460.11002920674485,3225,2391,4
single,parkinson_vol_100_pctrank24000,12,pct,0.003,1.0,0.014670212916502839,0.3146786417586168,460.11002920674485,3225,2391,3
single,parkinson_vol_100_pctrank24000,12,pct,0.003,1.5,0.02115763200690822,0.45383491982403007,460.11002920674485,3225,2391,4
single,parkinson_vol_100_pctrank24000,12,pct,0.003,2.0,0.022561753156633807,0.4839535649163008,460.11002920674485,3225,2391,5
single,parkinson_vol_100_pctrank24000,12,pct,0.005,1.0,0.017824361165469167,0.38233567526857426,460.11002920674485,3225,2391,4
single,parkinson_vol_100_pctrank24000,12,pct,0.005,1.5,0.0185057790948398,0.3969522094460098,460.11002920674485,3225,2391,4
single,parkinson_vol_100_pctrank24000,12,pct,0.005,2.0,0.018265176448513734,0.3917912404552841,460.11002920674485,3225,2391,4
single,parkinson_vol_100_pctrank24000,12,pct,0.01,1.0,0.01621548415445627,0.3478249810159587,460.11002920674485,3225,2391,4
single,parkinson_vol_100_pctrank24000,12,pct,0.01,1.5,0.015324193985738184,0.32870665047083697,460.11002920674485,3225,2391,4
single,parkinson_vol_100_pctrank24000,12,pct,0.01,2.0,0.014653357179276242,0.31431708323683566,460.11002920674485,3225,2391,4
single,garman_klass_vol_20_pctrank6000,6,none,,,0.010624895746659414,0.41507358148027346,1526.1626823474437,10738,7890,3
single,garman_klass_vol_20_pctrank6000,6,atr,0.5,1.0,-0.07055305215547529,-2.756234860162755,1526.1626823474437,10738,7890,0
single,garman_klass_vol_20_pctrank6000,6,atr,0.5,1.5,-0.018696639742856683,-0.7304053992392279,1526.1626823474437,10738,7890,0
single,garman_klass_vol_20_pctrank6000,6,atr,0.5,2.0,0.0020652028666302102,0.08067948813568789,1526.1626823474437,10738,7890,4
single,garman_klass_vol_20_pctrank6000,6,atr,1.0,1.0,0.0017526465987285945,0.06846912366478744,1526.1626823474437,10738,7890,3
single,garman_klass_vol_20_pctrank6000,6,atr,1.0,1.5,0.010490387195508124,0.4098188526436501,1526.1626823474437,10738,7890,4
single,garman_klass_vol_20_pctrank6000,6,atr,1.0,2.0,0.013262513814465892,0.5181151175184725,1526.1626823474437,10738,7890,5
single,garman_klass_vol_20_pctrank6000,6,atr,1.5,1.0,0.004306087430663221,0.16822218068111705,1526.1626823474437,10738,7890,4
single,garman_klass_vol_20_pctrank6000,6,atr,1.5,1.5,0.007843456004955791,0.3064134889213909,1526.1626823474437,10738,7890,4
single,garman_klass_vol_20_pctrank6000,6,atr,1.5,2.0,0.010751798229001531,0.42003117062754025,1526.1626823474437,10738,7890,4
single,garman_klass_vol_20_pctrank6000,6,atr,2.0,1.0,0.0023944819870948962,0.0935431497749961,1526.1626823474437,10738,7890,3
single,garman_klass_vol_20_pctrank6000,6,atr,2.0,1.5,0.0069328260114394245,0.270838697241102,1526.1626823474437,10738,7890,4
single,garman_klass_vol_20_pctrank6000,6,atr,2.0,2.0,0.009384046004160358,0.3665983814426737,1526.1626823474437,10738,7890,4
single,garman_klass_vol_20_pctrank6000,6,pct,0.002,1.0,0.012107606474787798,0.4729973547480697,1526.1626823474437,10738,7890,4
single,garman_klass_vol_20_pctrank6000,6,pct,0.002,1.5,0.01265367860441054,0.494330280735634,1526.1626823474437,10738,7890,4
single,garman_klass_vol_20_pctrank6000,6,pct,0.002,2.0,0.014906820127583853,0.5823518052667814,1526.1626823474437,10738,7890,4
single,garman_klass_vol_20_pctrank6000,6,pct,0.003,1.0,0.010319917373531025,0.40315925604811775,1526.1626823474437,10738,7890,3
single,garman_klass_vol_20_pctrank6000,6,pct,0.003,1.5,0.012472190093183878,0.48724022656959115,1526.1626823474437,10738,7890,4
single,garman_klass_vol_20_pctrank6000,6,pct,0.003,2.0,0.014041867197707785,0.5485614397915818,1526.1626823474437,10738,7890,5
single,garman_klass_vol_20_pctrank6000,6,pct,0.005,1.0,0.012986806313418744,0.5073442918436327,1526.1626823474437,10738,7890,3
single,garman_klass_vol_20_pctrank6000,6,pct,0.005,1.5,0.013568769978033817,0.5300793612808186,1526.1626823474437,10738,7890,3
single,garman_klass_vol_20_pctrank6000,6,pct,0.005,2.0,0.013159795426636759,0.5141023074037452,1526.1626823474437,10738,7890,3
single,garman_klass_vol_20_pctrank6000,6,pct,0.01,1.0,0.01195405973322706,0.4669988774487249,1526.1626823474437,10738,7890,3
single,garman_klass_vol_20_pctrank6000,6,pct,0.01,1.5,0.01192436437546702,0.46583879467777883,1526.1626823474437,10738,7890,3
single,garman_klass_vol_20_pctrank6000,6,pct,0.01,2.0,0.012369053154045226,0.48321106527408825,1526.1626823474437,10738,7890,4
single,parkinson_vol_60_pctrank6000,12,none,,,0.02137736493156156,0.5836391788169485,745.384801588847,5256,3842,4
single,parkinson_vol_60_pctrank6000,12,atr,0.5,1.0,-0.07094829898416104,-1.9370117453737237,745.384801588847,5256,3842,0
single,parkinson_vol_60_pctrank6000,12,atr,0.5,1.5,-0.01819042624180198,-0.4966302193036502,745.384801588847,5256,3842,0
single,parkinson_vol_60_pctrank6000,12,atr,0.5,2.0,0.005015528912206886,0.13693264745325473,745.384801588847,5256,3842,2
single,parkinson_vol_60_pctrank6000,12,atr,1.0,1.0,0.009593476547719271,0.26191856630767296,745.384801588847,5256,3842,3
single,parkinson_vol_60_pctrank6000,12,atr,1.0,1.5,0.013541364977377185,0.36970277490976494,745.384801588847,5256,3842,3
single,parkinson_vol_60_pctrank6000,12,atr,1.0,2.0,0.021009763939681646,0.5736030334959538,745.384801588847,5256,3842,4
single,parkinson_vol_60_pctrank6000,12,atr,1.5,1.0,0.016733694192618963,0.45685890512796046,745.384801588847,5256,3842,4
single,parkinson_vol_60_pctrank6000,12,atr,1.5,1.5,0.019553072462152255,0.5338328269968501,745.384801588847,5256,3842,5
single,parkinson_vol_60_pctrank6000,12,atr,1.5,2.0,0.020552725774747493,0.5611250980663933,745.384801588847,5256,3842,5
single,parkinson_vol_60_pctrank6000,12,atr,2.0,1.0,0.013296139345811312,0.3630076893980485,745.384801588847,5256,3842,3
single,parkinson_vol_60_pctrank6000,12,atr,2.0,1.5,0.013806814556375616,0.37695000929996875,745.384801588847,5256,3842,3
single,parkinson_vol_60_pctrank6000,12,atr,2.0,2.0,0.01622669140994174,0.4430168488835651,745.384801588847,5256,3842,4
single,parkinson_vol_60_pctrank6000,12,pct,0.002,1.0,0.00822317140317117,0.2245068566861601,745.384801588847,5256,3842,4
single,parkinson_vol_60_pctrank6000,12,pct,0.002,1.5,0.012953930864952017,0.3536648037153497,745.384801588847,5256,3842,4
single,parkinson_vol_60_pctrank6000,12,pct,0.002,2.0,0.017123428788144306,0.46749933625767087,745.384801588847,5256,3842,4
single,parkinson_vol_60_pctrank6000,12,pct,0.003,1.0,0.020488354639062865,0.5593676542986152,745.384801588847,5256,3842,4
single,parkinson_vol_60_pctrank6000,12,pct,0.003,1.5,0.02391152807175473,0.6528262324536139,745.384801588847,5256,3842,4
single,parkinson_vol_60_pctrank6000,12,pct,0.003,2.0,0.022933049205016938,0.6261120605198486,745.384801588847,5256,3842,4
single,parkinson_vol_60_pctrank6000,12,pct,0.005,1.0,0.019863709325792844,0.5423137527136486,745.384801588847,5256,3842,5
single,parkinson_vol_60_pctrank6000,12,pct,0.005,1.5,0.018105095428385655,0.4943005399428157,745.384801588847,5256,3842,4
single,parkinson_vol_60_pctrank6000,12,pct,0.005,2.0,0.019890850062138542,0.5430547419386537,745.384801588847,5256,3842,4
single,parkinson_vol_60_pctrank6000,12,pct,0.01,1.0,0.021823215541955154,0.5958116745832985,745.384801588847,5256,3842,4
single,parkinson_vol_60_pctrank6000,12,pct,0.01,1.5,0.02152886771744577,0.5877754679164245,745.384801588847,5256,3842,4
single,parkinson_vol_60_pctrank6000,12,pct,0.01,2.0,0.02130241377462412,0.5815928820995377,745.384801588847,5256,3842,4
single,garman_klass_vol_240,96,none,,,0.04436207242652239,0.6105525392345507,189.41851629736362,1530,782,4
single,garman_klass_vol_240,96,atr,0.5,1.0,-0.06920564340798557,-0.9524731150036302,189.41851629736362,1530,782,0
single,garman_klass_vol_240,96,atr,0.5,1.5,-0.008601771868607413,-0.11838566976313557,189.41851629736362,1530,782,2
single,garman_klass_vol_240,96,atr,0.5,2.0,0.024062263384547564,0.33116748622372105,189.41851629736362,1530,782,4
single,garman_klass_vol_240,96,atr,1.0,1.0,0.007172173202212315,0.09871018915299136,189.41851629736362,1530,782,2
single,garman_klass_vol_240,96,atr,1.0,1.5,0.01283436641864145,0.17663861442332673,189.41851629736362,1530,782,2
single,garman_klass_vol_240,96,atr,1.0,2.0,0.034191943169467776,0.4705816609009693,189.41851629736362,1530,782,4
single,garman_klass_vol_240,96,atr,1.5,1.0,-0.0044356138580609,-0.061047087206952254,189.41851629736362,1530,782,2
single,garman_klass_vol_240,96,atr,1.5,1.5,0.004617696337404096,0.06355307743762159,189.41851629736362,1530,782,2
single,garman_klass_vol_240,96,atr,1.5,2.0,0.003039254513437893,0.041829077386613865,189.41851629736362,1530,782,1
single,garman_klass_vol_240,96,atr,2.0,1.0,0.0016134999418110961,0.022206502821960024,189.41851629736362,1530,782,2
single,garman_klass_vol_240,96,atr,2.0,1.5,0.0001799722896602563,0.0024769478167622973,189.41851629736362,1530,782,2
single,garman_klass_vol_240,96,atr,2.0,2.0,0.0034809046902406307,0.04790748225254808,189.41851629736362,1530,782,3
single,garman_klass_vol_240,96,pct,0.002,1.0,-0.0016512338785659283,-0.022725832727909255,189.41851629736362,1530,782,3
single,garman_klass_vol_240,96,pct,0.002,1.5,0.021509090897532883,0.29602832658160677,189.41851629736362,1530,782,4
single,garman_klass_vol_240,96,pct,0.002,2.0,0.01852711353998886,0.25498755125254574,189.41851629736362,1530,782,4
single,garman_klass_vol_240,96,pct,0.003,1.0,0.015408015361108456,0.21205959029239135,189.41851629736362,1530,782,3
single,garman_klass_vol_240,96,pct,0.003,1.5,0.009984576510969427,0.13741712703010248,189.41851629736362,1530,782,2
single,garman_klass_vol_240,96,pct,0.003,2.0,0.015932337180014446,0.21927580000485147,189.41851629736362,1530,782,4
single,garman_klass_vol_240,96,pct,0.005,1.0,0.011096904733937527,0.15272603357679934,189.41851629736362,1530,782,4
single,garman_klass_vol_240,96,pct,0.005,1.5,0.019386159704558176,0.26681055203697085,189.41851629736362,1530,782,3
single,garman_klass_vol_240,96,pct,0.005,2.0,0.02511798298117505,0.34569729164496693,189.41851629736362,1530,782,4
single,garman_klass_vol_240,96,pct,0.01,1.0,0.03612767450899754,0.49722301510242906,189.41851629736362,1530,782,4
single,garman_klass_vol_240,96,pct,0.01,1.5,0.039383751563122175,0.5420362080981332,189.41851629736362,1530,782,5
single,garman_klass_vol_240,96,pct,0.01,2.0,0.04234539294195397,0.5827971005731833,189.41851629736362,1530,782,5
pair,adx_50_pctrank2000+autocorr_returns_50_pctrank2000,24,none,,,0.13493761649194527,0.6131272315124495,20.645962849020602,138,114,5
pair,adx_50_pctrank2000+autocorr_returns_50_pctrank2000,24,atr,0.5,1.0,-0.08701200778266217,-0.39536367120659727,20.645962849020602,138,114,1
pair,adx_50_pctrank2000+autocorr_returns_50_pctrank2000,24,atr,0.5,1.5,-0.0045659155463007054,-0.020746528884998592,20.645962849020602,138,114,2
pair,adx_50_pctrank2000+autocorr_returns_50_pctrank2000,24,atr,0.5,2.0,-0.01338386018274494,-0.06081335474964423,20.645962849020602,138,114,3
pair,adx_50_pctrank2000+autocorr_returns_50_pctrank2000,24,atr,1.0,1.0,-0.007145708735191044,-0.03246854900733731,20.645962849020602,138,114,3
pair,adx_50_pctrank2000+autocorr_returns_50_pctrank2000,24,atr,1.0,1.5,0.02439514415128382,0.11084623831870195,20.645962849020602,138,114,4
pair,adx_50_pctrank2000+autocorr_returns_50_pctrank2000,24,atr,1.0,2.0,0.07092925796422331,0.3222871479387109,20.645962849020602,138,114,4
pair,adx_50_pctrank2000+autocorr_returns_50_pctrank2000,24,atr,1.5,1.0,0.050816699166464634,0.23090004762604724,20.645962849020602,138,114,4
pair,adx_50_pctrank2000+autocorr_returns_50_pctrank2000,24,atr,1.5,1.5,0.1263571096087098,0.5741392712455975,20.645962849020602,138,114,5
pair,adx_50_pctrank2000+autocorr_returns_50_pctrank2000,24,atr,1.5,2.0,0.13614097413749654,0.6185950273792916,20.645962849020602,138,114,5
pair,adx_50_pctrank2000+autocorr_returns_50_pctrank2000,24,atr,2.0,1.0,0.11681692384612012,0.530790738517659,20.645962849020602,138,114,5
pair,adx_50_pctrank2000+autocorr_returns_50_pctrank2000,24,atr,2.0,1.5,0.1436414351970825,0.6526754939244035,20.645962849020602,138,114,5
pair,adx_50_pctrank2000+autocorr_returns_50_pctrank2000,24,atr,2.0,2.0,0.1335969323838799,0.6070354540164395,20.645962849020602,138,114,5
pair,adx_50_pctrank2000+autocorr_returns_50_pctrank2000,24,pct,0.002,1.0,0.1277897655107787,0.5806489486045265,20.645962849020602,138,114,5
pair,adx_50_pctrank2000+autocorr_returns_50_pctrank2000,24,pct,0.002,1.5,0.14908404409321013,0.6774055270422402,20.645962849020602,138,114,5
pair,adx_50_pctrank2000+autocorr_returns_50_pctrank2000,24,pct,0.002,2.0,0.16268307337885757,0.7391965634776841,20.645962849020602,138,114,5
pair,adx_50_pctrank2000+autocorr_returns_50_pctrank2000,24,pct,0.003,1.0,0.14035982878481795,0.6377645868936322,20.645962849020602,138,114,5
pair,adx_50_pctrank2000+autocorr_returns_50_pctrank2000,24,pct,0.003,1.5,0.1597760093372008,0.7259874956578386,20.645962849020602,138,114,5
pair,adx_50_pctrank2000+autocorr_returns_50_pctrank2000,24,pct,0.003,2.0,0.15454628676700125,0.7022247717828691,20.645962849020602,138,114,5
pair,adx_50_pctrank2000+autocorr_returns_50_pctrank2000,24,pct,0.005,1.0,0.16714157054195794,0.7594550065522364,20.645962849020602,138,114,5
pair,adx_50_pctrank2000+autocorr_returns_50_pctrank2000,24,pct,0.005,1.5,0.14319510430117952,0.6506474632413523,20.645962849020602,138,114,5
pair,adx_50_pctrank2000+autocorr_returns_50_pctrank2000,24,pct,0.005,2.0,0.13155959057713715,0.5977782151968453,20.645962849020602,138,114,5
pair,adx_50_pctrank2000+autocorr_returns_50_pctrank2000,24,pct,0.01,1.0,0.14178790979278683,0.6442534769270777,20.645962849020602,138,114,5
pair,adx_50_pctrank2000+autocorr_returns_50_pctrank2000,24,pct,0.01,1.5,0.13979376182237355,0.6351925015214638,20.645962849020602,138,114,5
pair,adx_50_pctrank2000+autocorr_returns_50_pctrank2000,24,pct,0.01,2.0,0.13979376182237355,0.6351925015214638,20.645962849020602,138,114,5
pair,avg_gap_50+garman_klass_vol_20_pctrank500,24,none,,,0.13183143726000496,0.6503011348801289,24.332741929202854,292,5,4
pair,avg_gap_50+garman_klass_vol_20_pctrank500,24,atr,0.5,1.0,-0.034265969675884383,-0.16902796048599233,24.332741929202854,292,5,2
pair,avg_gap_50+garman_klass_vol_20_pctrank500,24,atr,0.5,1.5,0.04539766843472206,0.22393865922728579,24.332741929202854,292,5,3
pair,avg_gap_50+garman_klass_vol_20_pctrank500,24,atr,0.5,2.0,0.08786622229787454,0.4334285149697938,24.332741929202854,292,5,3
pair,avg_gap_50+garman_klass_vol_20_pctrank500,24,atr,1.0,1.0,0.04778369672493256,0.2357085142575375,24.332741929202854,292,5,2
pair,avg_gap_50+garman_klass_vol_20_pctrank500,24,atr,1.0,1.5,0.058099716105676526,0.2865956110697516,24.332741929202854,292,5,4
pair,avg_gap_50+garman_klass_vol_20_pctrank500,24,atr,1.0,2.0,-0.007528626373919358,-0.03713738070982511,24.332741929202854,292,5,3
pair,avg_gap_50+garman_klass_vol_20_pctrank500,24,atr,1.5,1.0,0.038937820253102016,0.19207337207748618,24.332741929202854,292,5,3
pair,avg_gap_50+garman_klass_vol_20_pctrank500,24,atr,1.5,1.5,-0.016653252772427924,-0.08214754691626976,24.332741929202854,292,5,2
pair,avg_gap_50+garman_klass_vol_20_pctrank500,24,atr,1.5,2.0,0.0022689004918472412,0.011192084342282835,24.332741929202854,292,5,2
pair,avg_gap_50+garman_klass_vol_20_pctrank500,24,atr,2.0,1.0,0.022971192263815648,0.11331282362678832,24.332741929202854,292,5,3
pair,avg_gap_50+garman_klass_vol_20_pctrank500,24,atr,2.0,1.5,0.02767938411730545,0.13653750029870584,24.332741929202854,292,5,3
pair,avg_gap_50+garman_klass_vol_20_pctrank500,24,atr,2.0,2.0,0.02653684398080392,0.13090155212992674,24.332741929202854,292,5,3
pair,avg_gap_50+garman_klass_vol_20_pctrank500,24,pct,0.002,1.0,0.07468761907117412,0.3684207989607824,24.332741929202854,292,5,4
pair,avg_gap_50+garman_klass_vol_20_pctrank500,24,pct,0.002,1.5,0.07648188627160074,0.37727160132603593,24.332741929202854,292,5,4
pair,avg_gap_50+garman_klass_vol_20_pctrank500,24,pct,0.002,2.0,0.08046848056234474,0.396936765003683,24.332741929202854,292,5,2
pair,avg_gap_50+garman_klass_vol_20_pctrank500,24,pct,0.003,1.0,0.09000987619389261,0.4440027800339105,24.332741929202854,292,5,4
pair,avg_gap_50+garman_klass_vol_20_pctrank500,24,pct,0.003,1.5,0.10005754647790381,0.49356615827203976,24.332741929202854,292,5,4
pair,avg_gap_50+garman_klass_vol_20_pctrank500,24,pct,0.003,2.0,0.08636776438934432,0.4260368874586301,24.332741929202854,292,5,4
pair,avg_gap_50+garman_klass_vol_20_pctrank500,24,pct,0.005,1.0,0.0849665871562378,0.41912512829256504,24.332741929202854,292,5,4
pair,avg_gap_50+garman_klass_vol_20_pctrank500,24,pct,0.005,1.5,0.09707286697540267,0.47884326282258843,24.332741929202854,292,5,4
pair,avg_gap_50+garman_klass_vol_20_pctrank500,24,pct,0.005,2.0,0.09014588580232093,0.4446736913472803,24.332741929202854,292,5,4
pair,avg_gap_50+garman_klass_vol_20_pctrank500,24,pct,0.01,1.0,0.12014972205107456,0.5926773023891623,24.332741929202854,292,5,4
pair,avg_gap_50+garman_klass_vol_20_pctrank500,24,pct,0.01,1.5,0.11942690439460324,0.5891117708886019,24.332741929202854,292,5,4
pair,avg_gap_50+garman_klass_vol_20_pctrank500,24,pct,0.01,2.0,0.11942690439460324,0.5891117708886019,24.332741929202854,292,5,4
pair,kurt_returns_100+mean_reversion_speed_50_pctrank500,192,none,,,0.08217851316201327,0.5601019816573043,46.453416410296356,431,136,3
pair,kurt_returns_100+mean_reversion_speed_50_pctrank500,192,atr,0.5,1.0,-0.029150892938846106,-0.1986829923527375,46.453416410296356,431,136,1
pair,kurt_returns_100+mean_reversion_speed_50_pctrank500,192,atr,0.5,1.5,0.030764152589367027,0.20967844472120672,46.453416410296356,431,136,3
pair,kurt_returns_100+mean_reversion_speed_50_pctrank500,192,atr,0.5,2.0,0.04964809778392597,0.33838526500801547,46.453416410296356,431,136,3
pair,kurt_returns_100+mean_reversion_speed_50_pctrank500,192,atr,1.0,1.0,0.04369784235788577,0.2978302619146668,46.453416410296356,431,136,4
pair,kurt_returns_100+mean_reversion_speed_50_pctrank500,192,atr,1.0,1.5,0.04591277372949121,0.3129265127804539,46.453416410296356,431,136,3
pair,kurt_returns_100+mean_reversion_speed_50_pctrank500,192,atr,1.0,2.0,0.04560646563728845,0.31083881658300383,46.453416410296356,431,136,3
pair,kurt_returns_100+mean_reversion_speed_50_pctrank500,192,atr,1.5,1.0,0.04322431159585033,0.2946028304610354,46.453416410296356,431,136,4
pair,kurt_returns_100+mean_reversion_speed_50_pctrank500,192,atr,1.5,1.5,0.014490875968553316,0.09876509118552272,46.453416410296356,431,136,2
pair,kurt_returns_100+mean_reversion_speed_50_pctrank500,192,atr,1.5,2.0,0.009262819609346253,0.06313236172453854,46.453416410296356,431,136,4
pair,kurt_returns_100+mean_reversion_speed_50_pctrank500,192,atr,2.0,1.0,0.06605530237046324,0.45021142794015584,46.453416410296356,431,136,4
pair,kurt_returns_100+mean_reversion_speed_50_pctrank500,192,atr,2.0,1.5,0.01808870994334957,0.12328675580829976,46.453416410296356,431,136,3
pair,kurt_returns_100+mean_reversion_speed_50_pctrank500,192,atr,2.0,2.0,0.011838791362480153,0.08068934624650322,46.453416410296356,431,136,4
pair,kurt_returns_100+mean_reversion_speed_50_pctrank500,192,pct,0.002,1.0,-0.0001863913530432934,-0.00127038275805156,46.453416410296356,431,136,2
pair,kurt_returns_100+mean_reversion_speed_50_pctrank500,192,pct,0.002,1.5,0.021687232940243575,0.14781311658129304,46.453416410296356,431,136,3
pair,kurt_returns_100+mean_reversion_speed_50_pctrank500,192,pct,0.002,2.0,-0.000291674801751156,-0.001987960455529876,46.453416410296356,431,136,3
pair,kurt_returns_100+mean_reversion_speed_50_pctrank500,192,pct,0.003,1.0,0.02689924832166409,0.18333651596194034,46.453416410296356,431,136,2
pair,kurt_returns_100+mean_reversion_speed_50_pctrank500,192,pct,0.003,1.5,0.039472937672437605,0.269034687553672,46.453416410296356,431,136,3
pair,kurt_returns_100+mean_reversion_speed_50_pctrank500,192,pct,0.003,2.0,0.049009496369165156,0.3340327657459331,46.453416410296356,431,136,3
pair,kurt_returns_100+mean_reversion_speed_50_pctrank500,192,pct,0.005,1.0,0.061970963812088095,0.42237390652144624,46.453416410296356,431,136,3
pair,kurt_returns_100+mean_reversion_speed_50_pctrank500,192,pct,0.005,1.5,0.07736869657067662,0.527319838240999,46.453416410296356,431,136,4
pair,kurt_returns_100+mean_reversion_speed_50_pctrank500,192,pct,0.005,2.0,0.09332650040591514,0.6360830320139814,46.453416410296356,431,136,4
pair,kurt_returns_100+mean_reversion_speed_50_pctrank500,192,pct,0.01,1.0,0.06030669806054969,0.4110308131802061,46.453416410296356,431,136,3
pair,kurt_returns_100+mean_reversion_speed_50_pctrank500,192,pct,0.01,1.5,0.08258646902815721,0.5628824759770964,46.453416410296356,431,136,4
pair,kurt_returns_100+mean_reversion_speed_50_pctrank500,192,pct,0.01,2.0,0.07761461849746885,0.5289959620016926,46.453416410296356,431,136,3
pair,realized_vol_100_pctrank2000+roc_10,12,none,,,0.06320370430765294,0.3913656989903936,38.342502433895405,317,151,4
pair,realized_vol_100_pctrank2000+roc_10,12,atr,0.5,1.0,-0.11410009833895944,-0.7065229044793903,38.342502433895405,317,151,1
pair,realized_vol_100_pctrank2000+roc_10,12,atr,0.5,1.5,-0.07068859322686782,-0.43771312143694924,38.342502433895405,317,151,2
pair,realized_vol_100_pctrank2000+roc_10,12,atr,0.5,2.0,-0.0585957346469581,-0.3628325412120764,38.342502433895405,317,151,1
pair,realized_vol_100_pctrank2000+roc_10,12,atr,1.0,1.0,-0.08368442563605542,-0.5181850350771102,38.342502433895405,317,151,1
pair,realized_vol_100_pctrank2000+roc_10,12,atr,1.0,1.5,-0.041434443726969326,-0.25656755737843645,38.342502433895405,317,151,1
pair,realized_vol_100_pctrank2000+roc_10,12,atr,1.0,2.0,-0.0018024859776865332,-0.011161231644649928,38.342502433895405,317,151,2
pair,realized_vol_100_pctrank2000+roc_10,12,atr,1.5,1.0,-0.006482471659317218,-0.04014032215239808,38.342502433895405,317,151,2
pair,realized_vol_100_pctrank2000+roc_10,12,atr,1.5,1.5,0.03381421335499011,0.20938208275054562,38.342502433895405,317,151,3
pair,realized_vol_100_pctrank2000+roc_10,12,atr,1.5,2.0,0.0214591600991895,0.1328779584039215,38.342502433895405,317,151,2
pair,realized_vol_100_pctrank2000+roc_10,12,atr,2.0,1.0,0.04002306401165678,0.24782810745418135,38.342502433895405,317,151,3
pair,realized_vol_100_pctrank2000+roc_10,12,atr,2.0,1.5,0.029988023574082836,0.18568980941818397,38.342502433895405,317,151,2
pair,realized_vol_100_pctrank2000+roc_10,12,atr,2.0,2.0,0.051023588156707766,0.3159448083413996,38.342502433895405,317,151,3
pair,realized_vol_100_pctrank2000+roc_10,12,pct,0.002,1.0,0.016484081523904424,0.10207161365756118,38.342502433895405,317,151,4
pair,realized_vol_100_pctrank2000+roc_10,12,pct,0.002,1.5,0.017523774691910667,0.10850953130636948,38.342502433895405,317,151,4
pair,realized_vol_100_pctrank2000+roc_10,12,pct,0.002,2.0,0.02828124092538344,0.17512118544827476,38.342502433895405,317,151,3
pair,realized_vol_100_pctrank2000+roc_10,12,pct,0.003,1.0,-0.0015363790785289924,-0.00951346251884021,38.342502433895405,317,151,3
pair,realized_vol_100_pctrank2000+roc_10,12,pct,0.003,1.5,0.019221412469579008,0.11902152902497821,38.342502433895405,317,151,4
pair,realized_vol_100_pctrank2000+roc_10,12,pct,0.003,2.0,0.024446731803550035,0.15137739765624086,38.342502433895405,317,151,4
pair,realized_vol_100_pctrank2000+roc_10,12,pct,0.005,1.0,0.024552209000345573,0.15203052641354434,38.342502433895405,317,151,3
pair,realized_vol_100_pctrank2000+roc_10,12,pct,0.005,1.5,0.026861031978168404,0.1663270637519627,38.342502433895405,317,151,3
pair,realized_vol_100_pctrank2000+roc_10,12,pct,0.005,2.0,0.031442652981942536,0.19469706716067142,38.342502433895405,317,151,3
pair,realized_vol_100_pctrank2000+roc_10,12,pct,0.01,1.0,0.06066384733873749,0.37563856861308653,38.342502433895405,317,151,4
pair,realized_vol_100_pctrank2000+roc_10,12,pct,0.01,1.5,0.06153773803406149,0.38104981541520266,38.342502433895405,317,151,4
pair,realized_vol_100_pctrank2000+roc_10,12,pct,0.01,2.0,0.06320370430765294,0.3913656989903936,38.342502433895405,317,151,4
pair,realized_vol_100_pctrank2000+variance_ratio_2_50_pctrank2000,192,none,,,0.08463850425230392,0.38457898650275524,20.645962849020602,152,100,4
pair,realized_vol_100_pctrank2000+variance_ratio_2_50_pctrank2000,192,atr,0.5,1.0,-0.15657250247302495,-0.7114314560165091,20.645962849020602,152,100,2
pair,realized_vol_100_pctrank2000+variance_ratio_2_50_pctrank2000,192,atr,0.5,1.5,-0.060331424880566885,-0.2741328954215769,20.645962849020602,152,100,3
pair,realized_vol_100_pctrank2000+variance_ratio_2_50_pctrank2000,192,atr,0.5,2.0,-0.03420475601407683,-0.15541898474782673,20.645962849020602,152,100,3
pair,realized_vol_100_pctrank2000+variance_ratio_2_50_pctrank2000,192,atr,1.0,1.0,-0.029682061792056617,-0.13486884417608977,20.645962849020602,152,100,3
pair,realized_vol_100_pctrank2000+variance_ratio_2_50_pctrank2000,192,atr,1.0,1.5,-0.013661849294348832,-0.06207647691542277,20.645962849020602,152,100,2
pair,realized_vol_100_pctrank2000+variance_ratio_2_50_pctrank2000,192,atr,1.0,2.0,-0.04741294231691689,-0.21543411552971944,20.645962849020602,152,100,2
pair,realized_vol_100_pctrank2000+variance_ratio_2_50_pctrank2000,192,atr,1.5,1.0,-0.056103888378122364,-0.2549238874425724,20.645962849020602,152,100,0
pair,realized_vol_100_pctrank2000+variance_ratio_2_50_pctrank2000,192,atr,1.5,1.5,-0.07523069598404408,-0.34183194836708164,20.645962849020602,152,100,1
pair,realized_vol_100_pctrank2000+variance_ratio_2_50_pctrank2000,192,atr,1.5,2.0,-0.05056807087776669,-0.22977033466469413,20.645962849020602,152,100,1
pair,realized_vol_100_pctrank2000+variance_ratio_2_50_pctrank2000,192,atr,2.0,1.0,-0.05584677337696267,-0.2537556127024389,20.645962849020602,152,100,1
pair,realized_vol_100_pctrank2000+variance_ratio_2_50_pctrank2000,192,atr,2.0,1.5,-0.005098899267311638,-0.02316829119116874,20.645962849020602,152,100,4
pair,realized_vol_100_pctrank2000+variance_ratio_2_50_pctrank2000,192,atr,2.0,2.0,0.004910137844123868,0.02231060026832385,20.645962849020602,152,100,3
pair,realized_vol_100_pctrank2000+variance_ratio_2_50_pctrank2000,192,pct,0.002,1.0,-0.057789490529731244,-0.2625828976393997,20.645962849020602,152,100,3
pair,realized_vol_100_pctrank2000+variance_ratio_2_50_pctrank2000,192,pct,0.002,1.5,-0.040503180799736534,-0.1840376594518626,20.645962849020602,152,100,2
pair,realized_vol_100_pctrank2000+variance_ratio_2_50_pctrank2000,192,pct,0.002,2.0,-0.002718225263996746,-0.01235102541507398,20.645962849020602,152,100,3
pair,realized_vol_100_pctrank2000+variance_ratio_2_50_pctrank2000,192,pct,0.003,1.0,-0.0157499867767424,-0.0715645202563526,20.645962849020602,152,100,3
pair,realized_vol_100_pctrank2000+variance_ratio_2_50_pctrank2000,192,pct,0.003,1.5,0.06838309178347862,0.3107179216402472,20.645962849020602,152,100,4
pair,realized_vol_100_pctrank2000+variance_ratio_2_50_pctrank2000,192,pct,0.003,2.0,0.0824569604049162,0.3746665249198008,20.645962849020602,152,100,3
pair,realized_vol_100_pctrank2000+variance_ratio_2_50_pctrank2000,192,pct,0.005,1.0,0.17200932084848422,0.7815730070529529,20.645962849020602,152,100,5
pair,realized_vol_100_pctrank2000+variance_ratio_2_50_pctrank2000,192,pct,0.005,1.5,0.12207464298400175,0.5546806727175254,20.645962849020602,152,100,4
pair,realized_vol_100_pctrank2000+variance_ratio_2_50_pctrank2000,192,pct,0.005,2.0,0.11578024474097456,0.5260802937489637,20.645962849020602,152,100,4
pair,realized_vol_100_pctrank2000+variance_ratio_2_50_pctrank2000,192,pct,0.01,1.0,0.11639697695652178,0.528882591030727,20.645962849020602,152,100,5
pair,realized_vol_100_pctrank2000+variance_ratio_2_50_pctrank2000,192,pct,0.01,1.5,0.10275000011959991,0.4668736913327255,20.645962849020602,152,100,5
pair,realized_vol_100_pctrank2000+variance_ratio_2_50_pctrank2000,192,pct,0.01,2.0,0.08612735498657033,0.3913440009780964,20.645962849020602,152,100,4
pair,parkinson_vol_100_pctrank2000+aroon_up_10_pctrank500,12,none,,,0.04825509689784931,0.34668157995355736,51.61490712255151,405,225,4
pair,parkinson_vol_100_pctrank2000+aroon_up_10_pctrank500,12,atr,0.5,1.0,-0.07217660348886669,-0.5185420927901393,51.61490712255151,405,225,1
pair,parkinson_vol_100_pctrank2000+aroon_up_10_pctrank500,12,atr,0.5,1.5,-0.010704525150215402,-0.07690507180174505,51.61490712255151,405,225,1
pair,parkinson_vol_100_pctrank2000+aroon_up_10_pctrank500,12,atr,0.5,2.0,0.001848583332039019,0.013280872517648217,51.61490712255151,405,225,2
pair,parkinson_vol_100_pctrank2000+aroon_up_10_pctrank500,12,atr,1.0,1.0,0.019923021846476232,0.14313399278436545,51.61490712255151,405,225,2
pair,parkinson_vol_100_pctrank2000+aroon_up_10_pctrank500,12,atr,1.0,1.5,0.046628047083380746,0.334992282105142,51.61490712255151,405,225,3
pair,parkinson_vol_100_pctrank2000+aroon_up_10_pctrank500,12,atr,1.0,2.0,0.04884111680003159,0.350891752943218,51.61490712255151,405,225,3
pair,parkinson_vol_100_pctrank2000+aroon_up_10_pctrank500,12,atr,1.5,1.0,0.06821833513417994,0.49010450142050865,51.61490712255151,405,225,4
pair,parkinson_vol_100_pctrank2000+aroon_up_10_pctrank500,12,atr,1.5,1.5,0.05215822295936084,0.3747230097040182,51.61490712255151,405,225,4
pair,parkinson_vol_100_pctrank2000+aroon_up_10_pctrank500,12,atr,1.5,2.0,0.046705681364227196,0.33555003407068834,51.61490712255151,405,225,3
pair,parkinson_vol_100_pctrank2000+aroon_up_10_pctrank500,12,atr,2.0,1.0,0.072075800567652,0.5178178891673673,51.61490712255151,405,225,5
pair,parkinson_vol_100_pctrank2000+aroon_up_10_pctrank500,12,atr,2.0,1.5,0.056112339922249385,0.4031307760155694,51.61490712255151,405,225,5
pair,parkinson_vol_100_pctrank2000+aroon_up_10_pctrank500,12,atr,2.0,2.0,0.061294568937389673,0.44036173104718335,51.61490712255151,405,225,5
pair,parkinson_vol_100_pctrank2000+aroon_up_10_pctrank500,12,pct,0.002,1.0,0.0739167563468597,0.531043962664047,51.61490712255151,405,225,4
pair,parkinson_vol_100_pctrank2000+aroon_up_10_pctrank500,12,pct,0.002,1.5,0.06635446674847968,0.47671381570397353,51.61490712255151,405,225,5
pair,parkinson_vol_100_pctrank2000+aroon_up_10_pctrank500,12,pct,0.002,2.0,0.07222710122216065,0.5189048862583503,51.61490712255151,405,225,4
pair,parkinson_vol_100_pctrank2000+aroon_up_10_pctrank500,12,pct,0.003,1.0,0.0508031200973526,0.3649874743636769,51.61490712255151,405,225,4
pair,parkinson_vol_100_pctrank2000+aroon_up_10_pctrank500,12,pct,0.003,1.5,0.05946920607559568,0.42724768255081624,51.61490712255151,405,225,4
pair,parkinson_vol_100_pctrank2000+aroon_up_10_pctrank500,12,pct,0.003,2.0,0.05504342248414703,0.39545129736763096,51.61490712255151,405,225,4
pair,parkinson_vol_100_pctrank2000+aroon_up_10_pctrank500,12,pct,0.005,1.0,0.05443176506924794,0.3910569354738726,51.61490712255151,405,225,3
pair,parkinson_vol_100_pctrank2000+aroon_up_10_pctrank500,12,pct,0.005,1.5,0.05053306802560495,0.36304732534477857,51.61490712255151,405,225,4
pair,parkinson_vol_100_pctrank2000+aroon_up_10_pctrank500,12,pct,0.005,2.0,0.042304741885116216,0.303932137724361,51.61490712255151,405,225,4
pair,parkinson_vol_100_pctrank2000+aroon_up_10_pctrank500,12,pct,0.01,1.0,0.025529313166744755,0.18341156049301574,51.61490712255151,405,225,4
pair,parkinson_vol_100_pctrank2000+aroon_up_10_pctrank500,12,pct,0.01,1.5,0.027257517619617387,0.19582758882413615,51.61490712255151,405,225,4
pair,parkinson_vol_100_pctrank2000+aroon_up_10_pctrank500,12,pct,0.01,2.0,0.027257517619617387,0.19582758882413615,51.61490712255151,405,225,4
pair,avg_gap_50+zscore_vs_ma_100_pctrank500,24,none,,,0.06958247966629734,0.41300131030778264,35.2292223217415,419,11,3
pair,avg_gap_50+zscore_vs_ma_100_pctrank500,24,atr,0.5,1.0,-0.10874743744424126,-0.6454618227530492,35.2292223217415,419,11,0
pair,avg_gap_50+zscore_vs_ma_100_pctrank500,24,atr,0.5,1.5,-0.07041275113139521,-0.41792932098864766,35.2292223217415,419,11,1
pair,avg_gap_50+zscore_vs_ma_100_pctrank500,24,atr,0.5,2.0,-0.05790592561174991,-0.3436960462882322,35.2292223217415,419,11,1
pair,avg_gap_50+zscore_vs_ma_100_pctrank500,24,atr,1.0,1.0,-0.0010832557129363675,-0.006429578695480221,35.2292223217415,419,11,3
pair,avg_gap_50+zscore_vs_ma_100_pctrank500,24,atr,1.0,1.5,0.05471207727969536,0.32473921186110627,35.2292223217415,419,11,4
pair,avg_gap_50+zscore_vs_ma_100_pctrank500,24,atr,1.0,2.0,0.06957468063863553,0.41295501979530164,35.2292223217415,419,11,5
pair,avg_gap_50+zscore_vs_ma_100_pctrank500,24,atr,1.5,1.0,0.022851626642563252,0.1356340244168402,35.2292223217415,419,11,2
pair,avg_gap_50+zscore_vs_ma_100_pctrank500,24,atr,1.5,1.5,0.03752839906264901,0.22274684749607399,35.2292223217415,419,11,4
pair,avg_gap_50+zscore_vs_ma_100_pctrank500,24,atr,1.5,2.0,0.06213336558904473,0.36878768226101455,35.2292223217415,419,11,4
pair,avg_gap_50+zscore_vs_ma_100_pctrank500,24,atr,2.0,1.0,0.033243810361820385,0.19731600979011008,35.2292223217415,419,11,4
pair,avg_gap_50+zscore_vs_ma_100_pctrank500,24,atr,2.0,1.5,0.04527061958214104,0.2687001856722465,35.2292223217415,419,11,4
pair,avg_gap_50+zscore_vs_ma_100_pctrank500,24,atr,2.0,2.0,0.07851983914414987,0.4660483013426911,35.2292223217415,419,11,5
pair,avg_gap_50+zscore_vs_ma_100_pctrank500,24,pct,0.002,1.0,0.08999495048346456,0.5341579180420819,35.2292223217415,419,11,4
pair,avg_gap_50+zscore_vs_ma_100_pctrank500,24,pct,0.002,1.5,0.08386421127837086,0.4977693998834601,35.2292223217415,419,11,5
pair,avg_gap_50+zscore_vs_ma_100_pctrank500,24,pct,0.002,2.0,0.08956467893381183,0.5316040752551193,35.2292223217415,419,11,5
pair,avg_gap_50+zscore_vs_ma_100_pctrank500,24,pct,0.003,1.0,0.07826948522603319,0.4645623454423159,35.2292223217415,419,11,4
pair,avg_gap_50+zscore_vs_ma_100_pctrank500,24,pct,0.003,1.5,0.10042315810993617,0.5960537204703538,35.2292223217415,419,11,5
pair,avg_gap_50+zscore_vs_ma_100_pctrank500,24,pct,0.003,2.0,0.10537215660385964,0.6254281100078343,35.2292223217415,419,11,5
pair,avg_gap_50+zscore_vs_ma_100_pctrank500,24,pct,0.005,1.0,0.060644691740156936,0.3599517762519135,35.2292223217415,419,11,4
pair,avg_gap_50+zscore_vs_ma_100_pctrank500,24,pct,0.005,1.5,0.06855899422856945,0.40692649335831876,35.2292223217415,419,11,4
pair,avg_gap_50+zscore_vs_ma_100_pctrank500,24,pct,0.005,2.0,0.06890080992454338,0.4089553134147183,35.2292223217415,419,11,4
pair,avg_gap_50+zscore_vs_ma_100_pctrank500,24,pct,0.01,1.0,0.06498123948832671,0.38569101277805673,35.2292223217415,419,11,3
pair,avg_gap_50+zscore_vs_ma_100_pctrank500,24,pct,0.01,1.5,0.06940775891260505,0.4119642690790288,35.2292223217415,419,11,3
pair,avg_gap_50+zscore_vs_ma_100_pctrank500,24,pct,0.01,2.0,0.07109355193206898,0.4219701603505861,35.2292223217415,419,11,3
pair,avg_gap_50+roc_10,6,none,,,0.04876817285650788,0.36799861768000325,56.94025468281476,671,24,4
pair,avg_gap_50+roc_10,6,atr,0.5,1.0,-0.005262328292181594,-0.03970888027728885,56.94025468281476,671,24,3
pair,avg_gap_50+roc_10,6,atr,0.5,1.5,0.040919579454370344,0.3087740998532383,56.94025468281476,671,24,4
pair,avg_gap_50+roc_10,6,atr,0.5,2.0,0.04739185180593872,0.3576130687773698,56.94025468281476,671,24,4
pair,avg_gap_50+roc_10,6,atr,1.0,1.0,0.01194870240105739,0.09016343465638128,56.94025468281476,671,24,3
pair,avg_gap_50+roc_10,6,atr,1.0,1.5,-0.00931630512192641,-0.07029968944790088,56.94025468281476,671,24,1
pair,avg_gap_50+roc_10,6,atr,1.0,2.0,0.016719891358185694,0.1261662380847449,56.94025468281476,671,24,3
pair,avg_gap_50+roc_10,6,atr,1.5,1.0,-0.006991040098842682,-0.05275352636419854,56.94025468281476,671,24,2
pair,avg_gap_50+roc_10,6,atr,1.5,1.5,0.017793047046667163,0.13426413855517258,56.94025468281476,671,24,3
pair,avg_gap_50+roc_10,6,atr,1.5,2.0,0.010324571411715402,0.0779079425187596,56.94025468281476,671,24,4
pair,avg_gap_50+roc_10,6,atr,2.0,1.0,0.013550990522633954,0.10225410320777811,56.94025468281476,671,24,3
pair,avg_gap_50+roc_10,6,atr,2.0,1.5,0.005384449318850584,0.04063039048305523,56.94025468281476,671,24,3
pair,avg_gap_50+roc_10,6,atr,2.0,2.0,0.002500059171166534,0.018865138167355536,56.94025468281476,671,24,3
pair,avg_gap_50+roc_10,6,pct,0.002,1.0,0.05122775378423942,0.3865583120146767,56.94025468281476,671,24,4
pair,avg_gap_50+roc_10,6,pct,0.002,1.5,0.06570579505135768,0.49580782580495153,56.94025468281476,671,24,4
pair,avg_gap_50+roc_10,6,pct,0.002,2.0,0.05718675812807787,0.4315242238550473,56.94025468281476,671,24,4
pair,avg_gap_50+roc_10,6,pct,0.003,1.0,0.06518578876836825,0.4918839225271298,56.94025468281476,671,24,4
pair,avg_gap_50+roc_10,6,pct,0.003,1.5,0.05448306026660225,0.41112245324586527,56.94025468281476,671,24,4
pair,avg_gap_50+roc_10,6,pct,0.003,2.0,0.048180884598134285,0.3635670129139793,56.94025468281476,671,24,4
pair,avg_gap_50+roc_10,6,pct,0.005,1.0,0.03770873298636229,0.2845454484070111,56.94025468281476,671,24,4
pair,avg_gap_50+roc_10,6,pct,0.005,1.5,0.04049123365683621,0.3055418552939557,56.94025468281476,671,24,4
pair,avg_gap_50+roc_10,6,pct,0.005,2.0,0.0404800535711902,0.3054574917465376,56.94025468281476,671,24,4
pair,avg_gap_50+roc_10,6,pct,0.01,1.0,0.047258155566907975,0.3566042134467203,56.94025468281476,671,24,4
pair,avg_gap_50+roc_10,6,pct,0.01,1.5,0.04876817285650788,0.36799861768000325,56.94025468281476,671,24,4
pair,avg_gap_50+roc_10,6,pct,0.01,2.0,0.04876817285650788,0.36799861768000325,56.94025468281476,671,24,4
pair,stochastic_d_100_pctrank2000+keltner_width_20,6,none,,,0.10478790227434696,0.5081236336737102,23.513457689162355,186,101,5
pair,stochastic_d_100_pctrank2000+keltner_width_20,6,atr,0.5,1.0,0.021185393019999745,0.10272940528902302,23.513457689162355,186,101,2
pair,stochastic_d_100_pctrank2000+keltner_width_20,6,atr,0.5,1.5,0.0626523152921265,0.3038053192529631,23.513457689162355,186,101,3
pair,stochastic_d_100_pctrank2000+keltner_width_20,6,atr,0.5,2.0,0.054722874116935764,0.2653549220650215,23.513457689162355,186,101,3
pair,stochastic_d_100_pctrank2000+keltner_width_20,6,atr,1.0,1.0,0.036674246572709554,0.17783590496908747,23.513457689162355,186,101,3
pair,stochastic_d_100_pctrank2000+keltner_width_20,6,atr,1.0,1.5,0.07603431251321549,0.3686955299185874,23.513457689162355,186,101,3
pair,stochastic_d_100_pctrank2000+keltner_width_20,6,atr,1.0,2.0,0.08872203739330325,0.43021916699115437,23.513457689162355,186,101,4
pair,stochastic_d_100_pctrank2000+keltner_width_20,6,atr,1.5,1.0,0.13907103999376075,0.6743648899030503,23.513457689162355,186,101,4
pair,stochastic_d_100_pctrank2000+keltner_width_20,6,atr,1.5,1.5,0.12419775742158556,0.6022433355900038,23.513457689162355,186,101,4
pair,stochastic_d_100_pctrank2000+keltner_width_20,6,atr,1.5,2.0,0.13919334197590652,0.6749579404959585,23.513457689162355,186,101,4
pair,stochastic_d_100_pctrank2000+keltner_width_20,6,atr,2.0,1.0,0.14601586295220953,0.7080408066861605,23.513457689162355,186,101,5
pair,stochastic_d_100_pctrank2000+keltner_width_20,6,atr,2.0,1.5,0.15402797763616596,0.7468920933162116,23.513457689162355,186,101,4
pair,stochastic_d_100_pctrank2000+keltner_width_20,6,atr,2.0,2.0,0.12733698104923877,0.6174656435280071,23.513457689162355,186,101,4
pair,stochastic_d_100_pctrank2000+keltner_width_20,6,pct,0.002,1.0,0.12355400406526365,0.5991217319744687,23.513457689162355,186,101,4
pair,stochastic_d_100_pctrank2000+keltner_width_20,6,pct,0.002,1.5,0.12770923628747707,0.6192707343848934,23.513457689162355,186,101,5
pair,stochastic_d_100_pctrank2000+keltner_width_20,6,pct,0.002,2.0,0.11225993637143823,0.5443560329673579,23.513457689162355,186,101,5
pair,stochastic_d_100_pctrank2000+keltner_width_20,6,pct,0.003,1.0,0.12222263957474529,0.5926658554087256,23.513457689162355,186,101,5
pair,stochastic_d_100_pctrank2000+keltner_width_20,6,pct,0.003,1.5,0.10669873349812738,0.5173893836667051,23.513457689162355,186,101,5
pair,stochastic_d_100_pctrank2000+keltner_width_20,6,pct,0.003,2.0,0.10903918659067267,0.5287383991924995,23.513457689162355,186,101,5
pair,stochastic_d_100_pctrank2000+keltner_width_20,6,pct,0.005,1.0,0.10288593542177403,0.498900867616937,23.513457689162355,186,101,5
pair,stochastic_d_100_pctrank2000+keltner_width_20,6,pct,0.005,1.5,0.1062752524598609,0.515335895436809,23.513457689162355,186,101,5
pair,stochastic_d_100_pctrank2000+keltner_width_20,6,pct,0.005,2.0,0.10563016213779515,0.5122078087838515,23.513457689162355,186,101,5
pair,stochastic_d_100_pctrank2000+keltner_width_20,6,pct,0.01,1.0,0.10478790227434696,0.5081236336737102,23.513457689162355,186,101,5
pair,stochastic_d_100_pctrank2000+keltner_width_20,6,pct,0.01,1.5,0.10478790227434696,0.5081236336737102,23.513457689162355,186,101,5
pair,stochastic_d_100_pctrank2000+keltner_width_20,6,pct,0.01,2.0,0.10478790227434696,0.5081236336737102,23.513457689162355,186,101,5
