kind,name,n_hold,baseline_no_sl_ann_sharpe,best_sl_type,best_sl_level,best_rr,best_ann_sharpe,best_annual_rate,best_folds_positive,sl_helps
single,vol_of_vol_100,24,0.7545596291799459,pct,0.003,1.5,0.9224128042231114,640.3525620156549,5,True
single,adx_50_pctrank24000,48,0.6166930488239454,none,,,0.6166930488239454,865.00030063476,4,False
single,bb_width_100,6,0.743543681972778,none,,,0.743543681972778,524.7515557459403,5,False
single,bb_width_300_pctrank6000,24,0.3809182853684379,atr,1.0,2.0,0.46228075836563465,230.6285135714008,5,True
single,parkinson_vol_100_pctrank24000,12,0.35826609218869476,pct,0.003,2.0,0.4839535649163008,460.11002920674485,5,True
single,garman_klass_vol_20_pctrank6000,6,0.41507358148027346,pct,0.002,2.0,0.5823518052667814,1526.1626823474437,4,True
single,parkinson_vol_60_pctrank6000,12,0.5836391788169485,pct,0.003,1.5,0.6528262324536139,745.384801588847,4,True
single,garman_klass_vol_240,96,0.6105525392345507,none,,,0.6105525392345507,189.41851629736362,4,False
pair,adx_50_pctrank2000+autocorr_returns_50_pctrank2000,24,0.6131272315124495,pct,0.005,1.0,0.7594550065522364,20.645962849020602,5,True
pair,avg_gap_50+garman_klass_vol_20_pctrank500,24,0.6503011348801289,none,,,0.6503011348801289,24.332741929202854,4,False
pair,kurt_returns_100+mean_reversion_speed_50_pctrank500,192,0.5601019816573043,pct,0.005,2.0,0.6360830320139814,46.453416410296356,4,True
pair,realized_vol_100_pctrank2000+roc_10,12,0.3913656989903936,none,,,0.3913656989903936,38.342502433895405,4,False
pair,realized_vol_100_pctrank2000+variance_ratio_2_50_pctrank2000,192,0.38457898650275524,pct,0.005,1.0,0.7815730070529529,20.645962849020602,5,True
pair,parkinson_vol_100_pctrank2000+aroon_up_10_pctrank500,12,0.34668157995355736,pct,0.002,1.0,0.531043962664047,51.61490712255151,4,True
pair,avg_gap_50+zscore_vs_ma_100_pctrank500,24,0.41300131030778264,pct,0.003,2.0,0.6254281100078343,35.2292223217415,5,True
pair,avg_gap_50+roc_10,6,0.36799861768000325,pct,0.002,1.5,0.49580782580495153,56.94025468281476,4,True
pair,stochastic_d_100_pctrank2000+keltner_width_20,6,0.5081236336737102,atr,2.0,1.5,0.7468920933162116,23.513457689162355,4,True
