name,n_hold,shared_sl_type,shared_sl_level,shared_rr,shared_ann_sharpe,long_sl_type,long_sl_level,long_rr,long_sharpe,long_n_trades,short_sl_type,short_sl_level,short_rr,short_sharpe,short_n_trades,split_combined_sharpe,split_ann_sharpe
vol_of_vol_100,24,pct,0.003,1.5,0.9224128042231114,pct,0.003,1.5,0.03417131102740755,5360,pct,0.003,1.0,0.04424324553328335,2456,0.037136021655846625,0.9397340259364132
adx_50_pctrank24000,48,none,,,0.6166930488239454,none,,,0.0361585519386388,5938,pct,0.002,2.0,0.002748016067112616,4620,0.025126968806320215,0.7390064515386594
bb_width_100,6,none,,,0.743543681972778,none,,,0.04355092485723723,3827,atr,1.0,2.0,0.032431056219410385,2578,0.039452160498915166,0.9037486439554852
bb_width_300_pctrank6000,24,atr,1.0,2.0,0.4622807583656346,none,,,0.06247055886361676,1695,atr,1.0,2.0,0.032373663255098724,1120,0.052439305570250644,0.7963673236525866
parkinson_vol_100_pctrank24000,12,pct,0.003,2.0,0.4839535649163008,none,,,0.045970949092120066,3225,atr,0.5,2.0,0.03543112575655384,2391,0.038754324229402504,0.8312870563086946
garman_klass_vol_20_pctrank6000,6,pct,0.002,2.0,0.5823518052667814,pct,0.005,1.0,0.027590062368270187,10738,atr,1.5,2.0,0.007925471790010415,7890,0.01904583888837434,0.744047259209989
parkinson_vol_60_pctrank6000,12,pct,0.003,1.5,0.6528262324536139,none,,,0.012146214257298645,5256,atr,2.0,1.0,0.05951099638505403,3842,0.027747408229362724,0.7575524207557669
garman_klass_vol_240,96,none,,,0.6105525392345507,none,,,0.08689807991143905,1530,atr,0.5,2.0,0.026347128687743377,782,0.07156257680195234,0.9849114477906434
adx_50_pctrank2000+autocorr_returns_50_pctrank2000,24,pct,0.005,1.0,0.7594550065522364,pct,0.002,2.0,0.2038744229278877,138,pct,0.005,1.0,0.16904739862870743,114,0.18500536545527196,0.8406242120284588
avg_gap_50+garman_klass_vol_20_pctrank500,24,none,,,0.6503011348801289,none,,,0.13302919803659435,292,none,,,,5,0.13183143726000496,0.6503011348801289
kurt_returns_100+mean_reversion_speed_50_pctrank500,192,pct,0.005,2.0,0.6360830320139814,none,,,0.14375164837685897,431,atr,1.0,1.0,0.013871266758564305,136,0.12524648993537624,0.8536392848836891
realized_vol_100_pctrank2000+roc_10,12,none,,,0.3913656989903936,pct,0.01,1.0,0.1117437565470907,317,atr,1.5,1.5,0.03333218133945887,151,0.08729293170299646,0.5405293820528057
realized_vol_100_pctrank2000+variance_ratio_2_50_pctrank2000,192,pct,0.005,1.0,0.7815730070529529,pct,0.005,1.0,0.22704162775816686,152,pct,0.005,1.0,0.08590140674078105,100,0.1720093208484842,0.7815730070529527
parkinson_vol_100_pctrank2000+aroon_up_10_pctrank500,12,pct,0.002,1.0,0.531043962664047,atr,2.0,1.0,0.09225373535718276,405,pct,0.002,2.0,0.08824668767447316,225,0.09044304861243073,0.6497746560357925
avg_gap_50+zscore_vs_ma_100_pctrank500,24,pct,0.003,2.0,0.6254281100078343,pct,0.003,2.0,0.10464680999222609,419,pct,0.003,1.5,0.23510006071008346,11,0.10867010103801707,0.6450027986242992
avg_gap_50+roc_10,6,pct,0.002,1.5,0.4958078258049515,pct,0.003,1.0,0.07664717281335945,671,atr,0.5,1.5,-0.023269554881579287,24,0.07359964364712368,0.5553738337414058
stochastic_d_100_pctrank2000+keltner_width_20,6,atr,2.0,1.5,0.7468920933162116,atr,2.0,1.5,0.06724889833995643,186,atr,1.5,1.0,0.29887779050653,101,0.1560522845248793,0.7567080944922896
