name,side,sharpe,n_trades,n_folds_positive
vol_of_vol_100,long,0.03417131102740755,5360,5
vol_of_vol_100,short,0.041348157580763496,2456,4
adx_50_pctrank24000,long,0.0361585519386388,5938,4
adx_50_pctrank24000,short,0.0010847249805836432,4620,4
bb_width_100,long,0.04355092485723723,3827,5
bb_width_100,short,0.017983180419594694,2578,5
bb_width_300_pctrank6000,long,0.029404935223810852,1695,3
bb_width_300_pctrank6000,short,0.032373663255098724,1120,3
parkinson_vol_100_pctrank24000,long,0.040608439864176935,3225,4
parkinson_vol_100_pctrank24000,short,-0.007031358496101288,2391,2
garman_klass_vol_20_pctrank6000,long,0.02539165309637688,10738,5
garman_klass_vol_20_pctrank6000,short,0.003055747725552039,7890,2
parkinson_vol_60_pctrank6000,long,0.007978574936592984,5256,4
parkinson_vol_60_pctrank6000,short,0.04546828063022656,3842,4
garman_klass_vol_240,long,0.08689807991143905,1530,5
garman_klass_vol_240,short,-0.018267378610533725,782,2
adx_50_pctrank2000+autocorr_returns_50_pctrank2000,long,0.16495270591394887,138,4
adx_50_pctrank2000+autocorr_returns_50_pctrank2000,short,0.16904739862870743,114,4
avg_gap_50+garman_klass_vol_20_pctrank500,long,0.13302919803659435,292,4
avg_gap_50+garman_klass_vol_20_pctrank500,short,,5,0
kurt_returns_100+mean_reversion_speed_50_pctrank500,long,0.12833038698513144,431,4
kurt_returns_100+mean_reversion_speed_50_pctrank500,short,-0.022750205509620397,136,1
realized_vol_100_pctrank2000+roc_10,long,0.10645339288000487,317,4
realized_vol_100_pctrank2000+roc_10,short,-0.0022935756252487026,151,3
realized_vol_100_pctrank2000+variance_ratio_2_50_pctrank2000,long,0.22704162775816686,152,5
realized_vol_100_pctrank2000+variance_ratio_2_50_pctrank2000,short,0.08590140674078105,100,3
parkinson_vol_100_pctrank2000+aroon_up_10_pctrank500,long,0.07553140658715424,405,4
parkinson_vol_100_pctrank2000+aroon_up_10_pctrank500,short,0.07082959555136824,225,3
avg_gap_50+zscore_vs_ma_100_pctrank500,long,0.10464680999222609,419,5
avg_gap_50+zscore_vs_ma_100_pctrank500,short,0.12596318403251133,11,0
avg_gap_50+roc_10,long,0.07551647819114934,671,5
avg_gap_50+roc_10,short,-0.13515785769913427,24,0
stochastic_d_100_pctrank2000+keltner_width_20,long,0.06724889833995643,186,3
stochastic_d_100_pctrank2000+keltner_width_20,short,0.26735283742501675,101,4
