name,n_trades,n_overlaps,n_opposite_overlaps,overlap_rate
vol_of_vol_100,9549,161,147,0.01686040423080951
adx_50_pctrank24000,12463,1593,430,0.12781834229318784
bb_width_100,7862,74,0,0.009412363266344441
bb_width_300_pctrank6000,3361,58,0,0.017256768818803926
parkinson_vol_100_pctrank24000,6930,537,0,0.07748917748917748
garman_klass_vol_20_pctrank6000,21929,1840,0,0.08390715490902458
parkinson_vol_60_pctrank6000,10880,1158,1,0.10643382352941176
garman_klass_vol_240,2940,410,3,0.13945578231292516
adx_50_pctrank2000+autocorr_returns_50_pctrank2000,292,0,0,0.0
avg_gap_50+garman_klass_vol_20_pctrank500,266,3,0,0.011278195488721804
kurt_returns_100+mean_reversion_speed_50_pctrank500,641,50,10,0.078003120124805
realized_vol_100_pctrank2000+roc_10,562,6,0,0.010676156583629894
realized_vol_100_pctrank2000+variance_ratio_2_50_pctrank2000,311,10,3,0.03215434083601286
parkinson_vol_100_pctrank2000+aroon_up_10_pctrank500,786,10,0,0.01272264631043257
avg_gap_50+zscore_vs_ma_100_pctrank500,502,19,0,0.037848605577689244
avg_gap_50+roc_10,762,3,0,0.003937007874015748
stochastic_d_100_pctrank2000+keltner_width_20,319,0,0,0.0
