name,baseline_ann_sharpe,baseline_n_trades,net_ann_sharpe,net_n_trades,n_forced_close
vol_of_vol_100,0.704724408150248,9549,0.7353796571787354,9535,147
adx_50_pctrank24000,0.5688197484259738,12463,0.4226313164307526,11420,420
bb_width_100,0.3250480689000251,7862,0.3051314076587131,7792,0
bb_width_300_pctrank6000,0.7458448798012508,3361,0.6842635113732496,3305,0
parkinson_vol_100_pctrank24000,0.8926973142479465,6930,0.8029070499612935,6437,0
garman_klass_vol_20_pctrank6000,1.0097015502362712,21929,1.0113784514552504,20244,0
parkinson_vol_60_pctrank6000,0.8682584124153729,10880,0.7261229366691876,9819,1
garman_klass_vol_240,0.4297033872762161,2940,0.5054876796733744,2564,3
adx_50_pctrank2000+autocorr_returns_50_pctrank2000,0.8732405989641379,292,0.8732405989641377,292,0
avg_gap_50+garman_klass_vol_20_pctrank500,0.39585789086218637,266,0.37115316789912356,263,0
kurt_returns_100+mean_reversion_speed_50_pctrank500,0.650930518011186,641,0.6217607348269635,602,9
realized_vol_100_pctrank2000+roc_10,0.578529405575909,562,0.5833259430680331,556,0
realized_vol_100_pctrank2000+variance_ratio_2_50_pctrank2000,0.3679198685726102,311,0.3050979195658823,304,3
parkinson_vol_100_pctrank2000+aroon_up_10_pctrank500,0.6956846842661708,786,0.7345681898910891,776,0
avg_gap_50+zscore_vs_ma_100_pctrank500,0.5938251015180033,502,0.5776121212386054,484,0
avg_gap_50+roc_10,0.7652073512562525,762,0.7566558930630974,759,0
stochastic_d_100_pctrank2000+keltner_width_20,0.21989315513699426,319,0.2198931551369942,319,0
