name,fold,n_hold,long_sl_type,long_sl_level,long_rr,short_sl_type,short_sl_level,short_rr
vol_of_vol_100,1,12,pct,0.002,2.0,pct,0.003,2.0
vol_of_vol_100,2,24,pct,0.005,2.0,atr,0.5,2.0
vol_of_vol_100,3,12,pct,0.005,1.5,atr,0.5,2.0
vol_of_vol_100,4,192,pct,0.01,2.0,atr,0.5,2.0
vol_of_vol_100,5,24,pct,0.01,1.5,atr,0.5,2.0
adx_50_pctrank24000,1,192,pct,0.01,2.0,atr,0.5,1.5
adx_50_pctrank24000,2,192,pct,0.01,2.0,atr,0.5,1.5
adx_50_pctrank24000,3,192,pct,0.01,2.0,atr,0.5,1.5
adx_50_pctrank24000,4,192,pct,0.01,2.0,atr,0.5,2.0
adx_50_pctrank24000,5,96,pct,0.005,2.0,atr,0.5,2.0
bb_width_100,1,192,pct,0.005,2.0,atr,0.5,2.0
bb_width_100,2,96,pct,0.01,2.0,atr,0.5,2.0
bb_width_100,3,48,none,,,atr,0.5,2.0
bb_width_100,4,12,pct,0.005,2.0,atr,2.0,1.5
bb_width_100,5,12,pct,0.003,2.0,atr,1.0,2.0
bb_width_300_pctrank6000,1,192,pct,0.003,1.5,atr,0.5,2.0
bb_width_300_pctrank6000,2,48,pct,0.003,2.0,pct,0.002,1.0
bb_width_300_pctrank6000,3,192,pct,0.003,1.5,pct,0.002,1.0
bb_width_300_pctrank6000,4,48,pct,0.003,2.0,pct,0.002,1.0
bb_width_300_pctrank6000,5,24,pct,0.005,2.0,atr,1.0,2.0
parkinson_vol_100_pctrank24000,1,192,pct,0.01,1.5,atr,0.5,2.0
parkinson_vol_100_pctrank24000,2,192,pct,0.01,2.0,atr,0.5,2.0
parkinson_vol_100_pctrank24000,3,6,pct,0.002,2.0,atr,1.5,2.0
parkinson_vol_100_pctrank24000,4,6,pct,0.002,2.0,atr,0.5,2.0
parkinson_vol_100_pctrank24000,5,12,pct,0.002,2.0,atr,1.0,1.5
garman_klass_vol_20_pctrank6000,1,24,pct,0.005,1.0,atr,0.5,2.0
garman_klass_vol_20_pctrank6000,2,24,pct,0.003,1.5,atr,0.5,2.0
garman_klass_vol_20_pctrank6000,3,6,pct,0.003,1.5,atr,0.5,2.0
garman_klass_vol_20_pctrank6000,4,12,pct,0.005,2.0,atr,1.0,2.0
garman_klass_vol_20_pctrank6000,5,24,pct,0.005,1.5,atr,1.0,1.5
parkinson_vol_60_pctrank6000,1,96,none,,,atr,0.5,2.0
parkinson_vol_60_pctrank6000,2,6,pct,0.002,2.0,atr,0.5,2.0
parkinson_vol_60_pctrank6000,3,6,pct,0.002,2.0,atr,0.5,2.0
parkinson_vol_60_pctrank6000,4,6,pct,0.002,2.0,atr,0.5,2.0
parkinson_vol_60_pctrank6000,5,6,pct,0.003,1.0,atr,1.5,1.5
garman_klass_vol_240,1,192,pct,0.01,2.0,pct,0.005,2.0
garman_klass_vol_240,2,192,pct,0.01,1.5,pct,0.01,1.5
garman_klass_vol_240,3,192,pct,0.005,2.0,atr,0.5,1.5
garman_klass_vol_240,4,192,none,,,atr,1.5,2.0
garman_klass_vol_240,5,6,pct,0.01,1.5,atr,2.0,1.0
adx_50_pctrank2000+autocorr_returns_50_pctrank2000,1,192,none,,,atr,1.0,2.0
adx_50_pctrank2000+autocorr_returns_50_pctrank2000,2,192,pct,0.005,1.0,atr,2.0,1.0
adx_50_pctrank2000+autocorr_returns_50_pctrank2000,3,12,pct,0.002,1.0,atr,2.0,1.0
adx_50_pctrank2000+autocorr_returns_50_pctrank2000,4,12,pct,0.002,1.0,atr,2.0,2.0
adx_50_pctrank2000+autocorr_returns_50_pctrank2000,5,12,pct,0.002,1.0,pct,0.003,1.0
avg_gap_50+garman_klass_vol_20_pctrank500,1,96,atr,0.5,1.0,atr,1.5,1.0
avg_gap_50+garman_klass_vol_20_pctrank500,2,48,atr,1.0,1.0,atr,0.5,1.0
avg_gap_50+garman_klass_vol_20_pctrank500,3,24,atr,0.5,2.0,atr,1.5,1.0
avg_gap_50+garman_klass_vol_20_pctrank500,4,12,atr,1.0,1.5,none,,
avg_gap_50+garman_klass_vol_20_pctrank500,5,12,pct,0.01,1.0,pct,0.005,2.0
kurt_returns_100+mean_reversion_speed_50_pctrank500,1,6,atr,2.0,1.0,atr,1.5,1.5
kurt_returns_100+mean_reversion_speed_50_pctrank500,2,192,pct,0.01,1.5,atr,1.5,1.5
kurt_returns_100+mean_reversion_speed_50_pctrank500,3,192,pct,0.01,1.5,pct,0.005,1.0
kurt_returns_100+mean_reversion_speed_50_pctrank500,4,6,pct,0.003,1.5,atr,1.5,1.5
kurt_returns_100+mean_reversion_speed_50_pctrank500,5,48,atr,2.0,1.0,pct,0.01,2.0
realized_vol_100_pctrank2000+roc_10,1,48,pct,0.01,1.0,atr,2.0,1.0
realized_vol_100_pctrank2000+roc_10,2,96,pct,0.01,2.0,atr,2.0,1.0
realized_vol_100_pctrank2000+roc_10,3,96,pct,0.01,2.0,pct,0.005,1.0
realized_vol_100_pctrank2000+roc_10,4,96,pct,0.01,2.0,atr,2.0,1.0
realized_vol_100_pctrank2000+roc_10,5,48,pct,0.01,1.5,pct,0.003,2.0
realized_vol_100_pctrank2000+variance_ratio_2_50_pctrank2000,1,24,none,,,atr,1.0,1.0
realized_vol_100_pctrank2000+variance_ratio_2_50_pctrank2000,2,12,pct,0.01,1.0,none,,
realized_vol_100_pctrank2000+variance_ratio_2_50_pctrank2000,3,12,pct,0.01,1.0,atr,1.5,1.0
realized_vol_100_pctrank2000+variance_ratio_2_50_pctrank2000,4,12,none,,,atr,1.5,1.0
realized_vol_100_pctrank2000+variance_ratio_2_50_pctrank2000,5,12,pct,0.01,1.0,pct,0.005,1.5
parkinson_vol_100_pctrank2000+aroon_up_10_pctrank500,1,24,pct,0.002,2.0,atr,1.0,1.5
parkinson_vol_100_pctrank2000+aroon_up_10_pctrank500,2,6,atr,1.5,1.0,atr,0.5,1.5
parkinson_vol_100_pctrank2000+aroon_up_10_pctrank500,3,6,pct,0.003,2.0,atr,0.5,2.0
parkinson_vol_100_pctrank2000+aroon_up_10_pctrank500,4,192,pct,0.005,1.0,atr,0.5,1.5
parkinson_vol_100_pctrank2000+aroon_up_10_pctrank500,5,6,pct,0.005,1.0,atr,0.5,1.5
avg_gap_50+zscore_vs_ma_100_pctrank500,1,192,atr,1.0,1.5,atr,1.5,1.5
avg_gap_50+zscore_vs_ma_100_pctrank500,2,12,none,,,atr,0.5,2.0
avg_gap_50+zscore_vs_ma_100_pctrank500,3,12,atr,2.0,1.5,atr,0.5,2.0
avg_gap_50+zscore_vs_ma_100_pctrank500,4,192,pct,0.01,2.0,atr,0.5,2.0
avg_gap_50+zscore_vs_ma_100_pctrank500,5,96,pct,0.003,2.0,none,,
avg_gap_50+roc_10,1,192,atr,0.5,1.5,none,,
avg_gap_50+roc_10,2,6,pct,0.005,2.0,atr,1.0,1.0
avg_gap_50+roc_10,3,12,atr,1.5,1.5,pct,0.003,2.0
avg_gap_50+roc_10,4,96,atr,1.5,1.5,pct,0.01,1.5
avg_gap_50+roc_10,5,6,none,,,pct,0.01,1.5
stochastic_d_100_pctrank2000+keltner_width_20,1,6,pct,0.003,1.0,atr,1.0,2.0
stochastic_d_100_pctrank2000+keltner_width_20,2,24,none,,,atr,1.0,1.0
stochastic_d_100_pctrank2000+keltner_width_20,3,6,pct,0.002,2.0,none,,
stochastic_d_100_pctrank2000+keltner_width_20,4,48,pct,0.01,1.0,pct,0.01,1.0
stochastic_d_100_pctrank2000+keltner_width_20,5,48,none,,,atr,1.0,2.0
