name,overall_sharpe,choppy_sharpe,choppy_n,mid_sharpe,mid_n,trending_sharpe,trending_n,regime_dependent
vol_of_vol_100,0.02987929432155147,0.01792696972789235,3163,0.019147175639568303,3059,0.0486803672937664,3312,False
adx_50_pctrank24000,0.03846303473603373,0.028023827295507658,3328,0.04315970449985381,4432,0.04430305953869948,4700,False
bb_width_100,0.02271773622468259,0.05696034907886138,1222,0.006288055957050591,3012,0.025881955583162492,3615,False
bb_width_300_pctrank6000,0.05800251680019158,0.02704930105442978,751,0.026488227681562282,1040,0.08644591928388823,1570,False
garman_klass_vol_20_pctrank6000,0.030671764271368827,0.038210202144053074,7407,0.020796774352521356,7141,0.032272572351738006,7381,False
garman_klass_vol_240,0.039642453001939845,0.04098111474154559,920,0.08364564287327089,892,0.004902872913664561,1126,False
adx_50_pctrank2000+autocorr_returns_50_pctrank2000,0.15416746718776347,0.26616758130797463,62,0.08504394285421264,102,0.167553633464734,128,False
kurt_returns_100+mean_reversion_speed_50_pctrank500,0.09507560260247257,0.13196410107763268,231,0.05536797970649095,191,0.0891141674591441,219,False
realized_vol_100_pctrank2000+variance_ratio_2_50_pctrank2000,0.10968972097751216,0.0754775882351592,93,0.18177550279642704,94,0.08265886830105701,124,False
parkinson_vol_100_pctrank2000+aroon_up_10_pctrank500,0.08179467802103055,0.11206600234713832,250,0.029842470337850764,266,0.10432334302519489,270,False
avg_gap_50+roc_10,0.09542292768024808,0.08988296216658152,230,0.08651630647155205,258,0.10898522584213129,274,False
stochastic_d_100_pctrank2000+keltner_width_20,0.00036026240317145003,0.14685504819543932,103,-0.11598845856482748,118,-0.02908544995439013,98,True
