time,type,n_layers,pnl
2009-01-01 23:00:00+00:00,take_profit,2,0.8055000000002792
2009-01-02 15:00:00+00:00,take_profit,7,540.6027142857362
2009-01-04 23:00:00+00:00,take_profit,2,8.69635714285755
2009-01-05 18:00:00+00:00,take_profit,8,1566.5014285714483
2009-01-06 15:00:00+00:00,take_profit,5,151.2113571428598
2009-01-06 17:00:00+00:00,take_profit,1,5.69428571428557
2009-01-07 08:00:00+00:00,take_profit,2,10.14042857142897
2009-01-08 06:00:00+00:00,take_profit,6,263.07449999998346
2009-01-08 13:00:00+00:00,take_profit,1,5.22300000000007
2009-01-09 06:00:00+00:00,take_profit,2,7.164000000000442
2009-01-09 11:00:00+00:00,take_profit,3,20.235999999999763
2009-01-09 16:00:00+00:00,take_profit,4,70.14964285714007
2009-01-12 02:00:00+00:00,take_profit,4,26.369999999998186
2009-01-12 04:00:00+00:00,take_profit,1,1.9280714285714566
2009-01-13 03:00:00+00:00,take_profit,8,1144.7860714285514
2009-01-13 13:00:00+00:00,take_profit,4,57.59035714285619
2009-01-13 15:00:00+00:00,take_profit,1,4.467857142857156
2009-01-14 02:00:00+00:00,take_profit,2,11.273785714285623
2009-01-14 06:00:00+00:00,take_profit,1,2.3657142857143754
2009-01-15 13:00:00+00:00,take_profit,6,230.2919999999914
2009-01-15 18:00:00+00:00,take_profit,2,16.406785714285547
2009-01-16 06:00:00+00:00,take_profit,1,3.7788571428570776
2009-01-16 09:00:00+00:00,take_profit,1,3.043142857142925
2009-01-16 11:00:00+00:00,take_profit,1,3.403857142857305
2009-01-16 13:00:00+00:00,take_profit,1,3.8877857142857692
2009-01-16 16:00:00+00:00,take_profit,1,4.53064285714288
2009-01-16 19:00:00+00:00,take_profit,1,5.1748571428571495
2009-01-18 23:00:00+00:00,take_profit,1,2.4981428571428523
2009-01-19 06:00:00+00:00,take_profit,2,5.801785714285984
2009-01-19 08:00:00+00:00,take_profit,1,2.3138571428571595
2009-01-19 16:00:00+00:00,take_profit,4,46.52678571428544
2009-01-20 09:00:00+00:00,take_profit,5,103.44699999999852
2009-01-20 11:00:00+00:00,take_profit,1,4.680714285714203
2009-01-20 13:00:00+00:00,take_profit,1,5.8670000000000755
2009-01-20 16:00:00+00:00,take_profit,1,6.8194285714286025
2009-01-21 09:00:00+00:00,take_profit,3,29.529499999999985
2009-01-21 21:00:00+00:00,take_profit,4,89.98178571428457
2009-01-22 08:00:00+00:00,take_profit,2,8.435785714286226
2009-01-22 14:00:00+00:00,take_profit,4,62.00357142857035
2009-01-22 17:00:00+00:00,take_profit,1,4.8540000000001555
2009-01-23 09:00:00+00:00,take_profit,2,10.019785714285831
2009-01-23 11:00:00+00:00,take_profit,1,4.018785714285855
2009-01-23 13:00:00+00:00,take_profit,1,4.7448571428571995
2009-01-23 15:00:00+00:00,take_profit,1,5.525571428571425
2009-01-25 23:00:00+00:00,take_profit,1,3.027428571428686
2009-01-26 02:00:00+00:00,take_profit,1,2.392428571428468
2009-01-26 06:00:00+00:00,take_profit,1,2.1288571428573277
2009-01-26 08:00:00+00:00,take_profit,1,2.8347857142858857
2009-01-26 10:00:00+00:00,take_profit,1,3.5504285714285975
2009-01-26 14:00:00+00:00,take_profit,3,34.29749999999967
2009-01-27 13:00:00+00:00,take_profit,5,126.67485714285885
2009-01-28 00:00:00+00:00,take_profit,1,3.9534999999999627
2009-01-28 08:00:00+00:00,take_profit,3,22.90699999999947
2009-01-28 10:00:00+00:00,take_profit,1,4.351714285714365
2009-01-28 13:00:00+00:00,take_profit,1,5.228142857142757
2009-01-29 13:00:00+00:00,take_profit,5,115.48385714285723
2009-01-29 15:00:00+00:00,take_profit,1,4.870142857142923
2009-01-29 17:00:00+00:00,take_profit,1,5.533571428571463
2009-01-30 08:00:00+00:00,take_profit,1,4.433500000000095
2009-01-30 16:00:00+00:00,take_profit,2,18.541928571428798
2009-02-02 14:00:00+00:00,take_profit,8,1385.9796428571608
2009-02-03 09:00:00+00:00,take_profit,4,63.78750000000082
2009-02-03 13:00:00+00:00,take_profit,1,4.296357142857119
2009-02-04 09:00:00+00:00,take_profit,3,20.66699999999992
2009-02-04 13:00:00+00:00,take_profit,2,10.148142857143284
2009-02-05 08:00:00+00:00,take_profit,2,8.125714285714366
2009-02-05 10:00:00+00:00,take_profit,1,2.834500000000048
2009-02-05 12:00:00+00:00,take_profit,1,3.114928571428436
2009-02-06 07:00:00+00:00,take_profit,4,41.916428571426536
2009-02-06 09:00:00+00:00,take_profit,1,3.0145714285714575
2009-02-06 12:00:00+00:00,take_profit,1,3.2200714285716003
2009-02-06 15:00:00+00:00,take_profit,2,13.01892857142866
2009-02-10 12:00:00+00:00,take_profit,8,824.3785714286001
2009-02-10 16:00:00+00:00,take_profit,2,13.861928571428962
2009-02-10 19:00:00+00:00,take_profit,1,5.109428571428452
2009-02-11 07:00:00+00:00,take_profit,2,8.52685714285758
2009-02-11 09:00:00+00:00,take_profit,1,2.7749999999999773
2009-02-11 11:00:00+00:00,take_profit,1,3.1014999999999873
2009-02-11 14:00:00+00:00,take_profit,2,14.39828571428609
2009-02-12 08:00:00+00:00,take_profit,2,8.392500000000041
2009-02-12 13:00:00+00:00,take_profit,3,25.35900000000015
2009-02-12 15:00:00+00:00,take_profit,1,4.4958571428572895
2009-02-13 11:00:00+00:00,take_profit,5,90.38935714285446
2009-02-13 13:00:00+00:00,take_profit,1,3.226285714285836
2009-02-13 17:00:00+00:00,take_profit,2,12.130500000000325
2009-02-15 23:00:00+00:00,take_profit,1,2.3677857142856737
2009-02-16 07:00:00+00:00,take_profit,1,2.091571428571342
2009-02-16 09:00:00+00:00,take_profit,1,2.4019285714284706
2009-02-16 16:00:00+00:00,take_profit,1,2.348500000000058
2009-02-17 00:00:00+00:00,take_profit,2,6.4024285714288
2009-02-17 03:00:00+00:00,take_profit,1,2.401571428571515
2009-02-17 06:00:00+00:00,take_profit,1,3.030571428571534
2009-02-17 09:00:00+00:00,take_profit,1,3.4501428571427373
2009-02-17 13:00:00+00:00,take_profit,1,4.6425714285715
2009-02-17 17:00:00+00:00,take_profit,2,15.587999999999852
2009-02-18 04:00:00+00:00,take_profit,2,10.222928571428838
2009-02-18 09:00:00+00:00,take_profit,3,21.04849999999942
2009-02-18 12:00:00+00:00,take_profit,1,3.922142857142944
2009-02-18 14:00:00+00:00,take_profit,1,4.672285714285749
2009-02-18 18:00:00+00:00,take_profit,1,5.75621428571435
2009-02-19 12:00:00+00:00,take_profit,3,30.500500000000102
2009-02-19 23:00:00+00:00,take_profit,2,14.74457142857159
2009-02-20 06:00:00+00:00,take_profit,1,3.6055714285714657
2009-02-20 08:00:00+00:00,take_profit,1,3.3079285714287607
2009-02-20 11:00:00+00:00,take_profit,1,3.9228571428571968
2009-02-20 13:00:00+00:00,take_profit,1,4.057000000000016
2009-02-20 17:00:00+00:00,take_profit,1,5.498142857142852
2009-02-23 11:00:00+00:00,take_profit,5,119.44964285714174
2009-02-23 15:00:00+00:00,take_profit,2,14.52171428571421
2009-02-23 17:00:00+00:00,take_profit,1,5.1907857142857665
2009-02-24 06:00:00+00:00,take_profit,3,25.770499999999743
2009-02-24 10:00:00+00:00,take_profit,2,9.998142857143193
2009-02-24 13:00:00+00:00,take_profit,1,3.8023571428572036
2009-02-25 13:00:00+00:00,take_profit,7,591.8835000000382
2009-02-25 15:00:00+00:00,take_profit,1,5.339785714285881
2009-02-26 20:00:00+00:00,take_profit,7,765.5832142857046
2009-02-27 07:00:00+00:00,take_profit,3,24.9574999999993
2009-02-27 11:00:00+00:00,take_profit,1,3.528500000000122
2009-02-27 13:00:00+00:00,take_profit,1,4.373285714285771
2009-03-01 23:00:00+00:00,take_profit,3,35.559999999999604
2009-03-02 07:00:00+00:00,take_profit,1,3.17971428571434
2009-03-05 20:00:00+00:00,take_profit,8,1304.5617857143152
2009-03-06 06:00:00+00:00,take_profit,1,3.4298571428572586
2009-03-06 09:00:00+00:00,take_profit,1,3.289071428571333
2009-03-06 13:00:00+00:00,take_profit,1,3.2787142857143863
2009-03-06 15:00:00+00:00,take_profit,1,4.103571428571513
2009-03-06 18:00:00+00:00,take_profit,1,4.796785714285761
2009-03-09 00:00:00+00:00,take_profit,3,14.62300000000107
2009-03-09 08:00:00+00:00,take_profit,3,19.168999999999073
2009-03-09 13:00:00+00:00,take_profit,2,9.716142857143495
2009-03-11 07:00:00+00:00,take_profit,8,706.0949999999995
2009-03-11 14:00:00+00:00,take_profit,4,56.783571428567484
2009-03-11 16:00:00+00:00,take_profit,1,4.543428571428535
2009-03-12 00:00:00+00:00,take_profit,2,15.464571428571844
2009-03-12 03:00:00+00:00,take_profit,1,4.520071428571441
2009-03-12 11:00:00+00:00,take_profit,2,9.483214285714666
2009-03-12 13:00:00+00:00,take_profit,1,4.964357142857011
2009-03-13 11:00:00+00:00,take_profit,3,18.145999999999276
2009-03-16 01:00:00+00:00,take_profit,5,46.145714285707754
2009-03-16 07:00:00+00:00,take_profit,2,5.925857142857353
2009-03-16 21:00:00+00:00,take_profit,4,60.67392857142556
2009-03-17 09:00:00+00:00,take_profit,3,17.59899999999834
2009-03-17 13:00:00+00:00,take_profit,3,20.71799999999962
2009-03-17 21:00:00+00:00,take_profit,2,11.78228571428565
2009-03-18 18:00:00+00:00,take_profit,7,978.5349999999972
2009-03-19 10:00:00+00:00,take_profit,3,28.049999999999955
2009-03-19 12:00:00+00:00,take_profit,1,4.862857142857024
2009-03-19 14:00:00+00:00,take_profit,1,5.810571428571279
2009-03-20 05:00:00+00:00,take_profit,2,11.628000000000156
2009-03-20 07:00:00+00:00,take_profit,1,4.136142857142886
2009-03-20 13:00:00+00:00,take_profit,4,78.61928571428564
2009-03-22 22:00:00+00:00,take_profit,2,4.923428571429099
2009-03-23 05:00:00+00:00,take_profit,3,13.50249999999994
2009-03-23 13:00:00+00:00,take_profit,3,26.00849999999923
2009-03-24 18:00:00+00:00,take_profit,8,1372.1550000000314
2009-03-24 22:00:00+00:00,take_profit,1,5.311357142857332
2009-03-25 12:00:00+00:00,take_profit,5,80.70407142856925
2009-03-25 14:00:00+00:00,take_profit,1,4.072714285714142
2009-03-25 16:00:00+00:00,take_profit,1,4.686785714285747
2009-03-25 18:00:00+00:00,take_profit,1,5.247785714285783
2009-03-26 06:00:00+00:00,take_profit,2,8.542928571428774
2009-03-26 08:00:00+00:00,take_profit,1,2.483500000000049
2009-03-26 11:00:00+00:00,take_profit,1,2.949285714285793
2009-03-30 00:00:00+00:00,take_profit,8,492.60535714288847
2009-03-30 04:00:00+00:00,take_profit,2,5.296714285714529
2009-03-30 13:00:00+00:00,take_profit,5,144.18542857142427
2009-03-31 12:00:00+00:00,take_profit,3,25.181999999999103
2009-03-31 15:00:00+00:00,take_profit,2,11.830499999999802
2009-04-01 09:00:00+00:00,take_profit,2,6.025714285715026
2009-04-01 11:00:00+00:00,take_profit,1,2.51992857142875
2009-04-02 03:00:00+00:00,take_profit,3,17.23449999999923
2009-04-26 22:00:00+00:00,take_profit,8,246.4392857143323
2009-04-27 14:00:00+00:00,take_profit,7,360.36250000000916
2009-04-29 03:00:00+00:00,take_profit,8,662.1074999999848
2009-04-29 06:00:00+00:00,take_profit,1,2.377214285714217
2009-04-29 10:00:00+00:00,take_profit,1,2.375428571428529
2009-04-29 12:00:00+00:00,take_profit,1,2.663214285714389
2009-04-29 14:00:00+00:00,take_profit,1,2.849357142857116
2009-04-29 18:00:00+00:00,take_profit,2,10.872642857143205
2009-04-30 06:00:00+00:00,take_profit,2,7.838142857142999
2009-04-30 17:00:00+00:00,take_profit,6,289.9799999999915
2009-05-01 12:00:00+00:00,take_profit,4,35.82321428571356
2009-05-01 14:00:00+00:00,take_profit,1,2.3672142857144536
2009-05-01 16:00:00+00:00,take_profit,1,2.6892857142855746
2009-05-03 22:00:00+00:00,take_profit,1,1.2483571428571167
2009-05-04 01:00:00+00:00,take_profit,2,3.5059285714291946
2009-05-04 06:00:00+00:00,take_profit,1,1.4700714285714866
2009-05-04 13:00:00+00:00,take_profit,3,23.863999999999805
2009-05-05 01:00:00+00:00,take_profit,2,10.821642857143047
2009-05-05 11:00:00+00:00,take_profit,3,18.38850000000025
2009-05-06 05:00:00+00:00,take_profit,6,160.05599999998765
2009-05-06 08:00:00+00:00,take_profit,1,2.213999999999942
2009-05-06 11:00:00+00:00,take_profit,1,2.2638571428573186
2009-05-06 13:00:00+00:00,take_profit,1,2.9316428571428332
2009-05-06 19:00:00+00:00,take_profit,2,10.009071428571588
2009-05-07 05:00:00+00:00,take_profit,1,1.7777857142858695
2009-05-07 09:00:00+00:00,take_profit,1,1.803571428571445
2009-05-07 11:00:00+00:00,take_profit,1,2.2046428571429715
2009-05-07 17:00:00+00:00,take_profit,4,57.551785714285074
2009-05-08 06:00:00+00:00,take_profit,1,2.4577857142857056
2009-05-08 09:00:00+00:00,take_profit,1,2.0547857142857993
2009-05-08 12:00:00+00:00,take_profit,1,2.4657142857141707
2009-05-08 17:00:00+00:00,take_profit,2,10.253785714285527
2009-05-10 23:00:00+00:00,take_profit,2,3.393857142857314
2009-05-11 03:00:00+00:00,take_profit,3,8.37450000000024
2009-05-11 05:00:00+00:00,take_profit,1,1.419499999999971
2009-05-11 13:00:00+00:00,take_profit,4,36.50357142857024
2009-05-12 07:00:00+00:00,take_profit,2,4.544785714285808
2009-05-12 09:00:00+00:00,take_profit,1,1.7013571428572052
2009-05-12 11:00:00+00:00,take_profit,1,2.1308571428572805
2009-05-12 15:00:00+00:00,take_profit,2,8.266500000000292
2009-05-12 23:00:00+00:00,take_profit,1,2.838428571428608
2009-05-13 13:00:00+00:00,take_profit,4,40.98964285714112
2009-05-13 15:00:00+00:00,take_profit,1,3.121428571428737
2009-05-14 13:00:00+00:00,take_profit,3,15.040000000000532
2009-05-15 11:00:00+00:00,take_profit,3,10.218500000000176
2009-05-15 13:00:00+00:00,take_profit,1,1.9842142857141882
2009-05-17 23:00:00+00:00,take_profit,2,2.008928571428669
2009-05-18 03:00:00+00:00,take_profit,1,0.8885714285714812
2009-05-19 06:00:00+00:00,take_profit,8,650.8692857143108
2009-05-19 12:00:00+00:00,take_profit,2,6.714642857143076
2009-05-19 17:00:00+00:00,take_profit,1,2.5645714285715258
2009-05-20 05:00:00+00:00,take_profit,2,4.867285714285572
2009-05-20 07:00:00+00:00,take_profit,1,1.609428571428566
2009-05-20 10:00:00+00:00,take_profit,2,5.269071428571806
2009-05-20 13:00:00+00:00,take_profit,2,8.330785714285867
2009-05-21 02:00:00+00:00,take_profit,1,2.849214285714311
2009-05-21 15:00:00+00:00,take_profit,3,18.577000000000794
2009-05-21 18:00:00+00:00,take_profit,1,3.2470714285714166
2009-05-22 10:00:00+00:00,take_profit,2,5.873571428571722
2009-05-22 13:00:00+00:00,take_profit,1,2.495428571428647
2009-05-24 22:00:00+00:00,take_profit,2,2.526214285714559
2009-05-25 06:00:00+00:00,take_profit,5,41.04842857142853
2009-05-25 10:00:00+00:00,take_profit,2,5.267357142857577
2009-05-25 15:00:00+00:00,take_profit,1,1.7859999999999445
2009-05-26 15:00:00+00:00,take_profit,8,810.4628571428775
2009-05-27 11:00:00+00:00,take_profit,3,14.75749999999937
2009-05-27 15:00:00+00:00,take_profit,2,8.488071428571402
2009-05-28 07:00:00+00:00,take_profit,4,35.13107142856893
2009-05-28 12:00:00+00:00,take_profit,1,2.551071428571504
2009-05-28 14:00:00+00:00,take_profit,1,3.231428571428637
2009-05-29 02:00:00+00:00,take_profit,2,9.646071428571531
2009-05-29 06:00:00+00:00,take_profit,1,2.4064285714285916
2009-05-29 08:00:00+00:00,take_profit,1,2.6294285714286616
2009-05-29 13:00:00+00:00,take_profit,1,3.253857142857214
2009-05-31 16:00:00+00:00,take_profit,2,6.8770714285716394
2009-05-31 22:00:00+00:00,take_profit,2,2.9717142857149383
2009-06-01 00:00:00+00:00,take_profit,1,0.8969285714285888
2009-06-01 04:00:00+00:00,take_profit,1,1.454499999999939
2009-06-01 07:00:00+00:00,take_profit,1,2.1442857142856155
2009-06-02 10:00:00+00:00,take_profit,6,175.6169999999944
2009-06-02 14:00:00+00:00,take_profit,2,11.696785714285966
2009-06-03 03:00:00+00:00,take_profit,1,3.061714285714288
2009-06-03 06:00:00+00:00,take_profit,1,2.4128571428573196
2009-06-04 06:00:00+00:00,take_profit,7,280.8967857142927
2009-06-04 12:00:00+00:00,take_profit,3,23.914000000000556
2009-06-04 14:00:00+00:00,take_profit,1,4.0070714285714075
2009-06-04 17:00:00+00:00,take_profit,1,4.6720714285715985
2009-06-05 07:00:00+00:00,take_profit,2,6.406285714286128
2009-06-05 12:00:00+00:00,take_profit,3,24.844999999999345
2009-06-08 02:00:00+00:00,take_profit,2,5.6980714285714384
2009-06-08 17:00:00+00:00,take_profit,7,509.70542857144085
2009-06-08 23:00:00+00:00,take_profit,1,3.300071428571414
2009-06-09 06:00:00+00:00,take_profit,2,7.108071428571293
2009-06-09 11:00:00+00:00,take_profit,2,8.610642857143034
2009-06-10 04:00:00+00:00,take_profit,2,6.686785714286089
2009-06-10 07:00:00+00:00,take_profit,2,6.335357142857333
2009-06-10 11:00:00+00:00,take_profit,2,6.7947857142864905
2009-06-11 04:00:00+00:00,take_profit,5,85.83457142856855
2009-06-11 14:00:00+00:00,take_profit,5,110.73864285714615
2009-06-11 17:00:00+00:00,take_profit,1,4.266428571428605
2009-06-26 06:00:00+00:00,take_profit,8,490.1828571428787
2009-06-26 11:00:00+00:00,take_profit,2,6.019714285714372
2009-06-29 07:00:00+00:00,take_profit,6,118.95749999999875
2009-06-29 10:00:00+00:00,take_profit,1,2.327714285714137
2009-06-29 17:00:00+00:00,take_profit,3,19.6539999999992
2009-06-30 01:00:00+00:00,take_profit,2,7.056214285714419
2009-06-30 06:00:00+00:00,take_profit,1,1.5539999999999736
2009-07-01 06:00:00+00:00,take_profit,7,225.9964999999794
2009-07-01 12:00:00+00:00,take_profit,1,2.037071428571494
2009-07-01 16:00:00+00:00,take_profit,1,2.717428571428627
2009-07-02 06:00:00+00:00,take_profit,3,9.945000000000505
2009-07-03 01:00:00+00:00,take_profit,6,166.8329999999861
2009-07-03 13:00:00+00:00,take_profit,2,4.619571428571703
2009-07-03 17:00:00+00:00,take_profit,3,11.666999999999689
2009-07-05 19:00:00+00:00,take_profit,1,0.6136428571427359
2009-07-07 11:00:00+00:00,take_profit,8,604.3864285714494
2009-07-07 17:00:00+00:00,take_profit,3,22.978499999998462
2009-07-08 07:00:00+00:00,take_profit,3,14.612999999999374
2009-07-08 10:00:00+00:00,take_profit,1,2.268071428571602
2009-07-09 05:00:00+00:00,take_profit,5,68.92849999999692
2009-07-09 09:00:00+00:00,take_profit,1,1.7765000000000555
2009-07-09 12:00:00+00:00,take_profit,1,2.1203571428571877
2009-07-09 14:00:00+00:00,take_profit,1,2.338785714285791
2009-07-10 13:00:00+00:00,take_profit,4,36.687857142856046
2009-07-10 17:00:00+00:00,take_profit,2,8.212071428571562
2009-07-12 22:00:00+00:00,take_profit,1,0.7766428571428605
2009-07-13 00:00:00+00:00,take_profit,1,0.6927857142857192
2009-07-13 08:00:00+00:00,take_profit,5,49.60221428571322
2009-07-13 10:00:00+00:00,take_profit,1,2.071214285714291
2009-07-13 15:00:00+00:00,take_profit,2,8.24292857142882
2009-07-13 17:00:00+00:00,take_profit,1,3.316357142857214
2009-07-14 06:00:00+00:00,take_profit,1,2.004285714285743
2009-07-14 10:00:00+00:00,take_profit,1,1.66150000000016
2009-07-14 13:00:00+00:00,take_profit,2,5.968285714285685
2009-07-14 15:00:00+00:00,take_profit,1,2.226785714285711
2009-07-15 05:00:00+00:00,take_profit,1,1.4764285714286416
2009-07-15 09:00:00+00:00,take_profit,2,4.430999999999926
2009-07-15 12:00:00+00:00,take_profit,1,2.348571428571404
2009-07-16 10:00:00+00:00,take_profit,3,11.67800000000102
2009-07-17 13:00:00+00:00,take_profit,5,53.375357142852636
2009-07-19 22:00:00+00:00,take_profit,2,2.4977142857146646
2009-07-20 01:00:00+00:00,take_profit,2,2.503714285714409
2009-07-20 05:00:00+00:00,take_profit,3,8.234499999999343
2009-07-20 08:00:00+00:00,take_profit,1,1.6102142857143917
2009-07-20 13:00:00+00:00,take_profit,1,2.587142857142908
2009-07-21 12:00:00+00:00,take_profit,1,1.8865714285715287
2009-07-21 22:00:00+00:00,take_profit,3,15.804999999997904
2009-07-22 03:00:00+00:00,take_profit,2,5.971928571428521
2009-07-22 14:00:00+00:00,take_profit,3,14.483499999999026
2009-07-22 16:00:00+00:00,take_profit,1,2.2469285714286116
2009-07-23 04:00:00+00:00,take_profit,2,5.241857142857725
2009-07-23 09:00:00+00:00,take_profit,1,1.767857142857224
2009-07-23 14:00:00+00:00,take_profit,2,7.4935714285715
2009-07-24 10:00:00+00:00,take_profit,4,27.40821428571326
2009-07-26 22:00:00+00:00,take_profit,3,5.62299999999982
2009-07-27 01:00:00+00:00,take_profit,2,2.8564285714288644
2009-07-27 03:00:00+00:00,take_profit,1,1.0735714285714266
2009-07-27 06:00:00+00:00,take_profit,1,1.5649999999999407
2009-07-27 11:00:00+00:00,take_profit,1,2.454642857142858
2009-07-28 05:00:00+00:00,take_profit,3,9.815499999998679
2009-07-31 15:00:00+00:00,take_profit,8,959.8017857143419
2009-08-02 19:00:00+00:00,take_profit,1,2.6447857142857174
2009-08-02 23:00:00+00:00,take_profit,2,3.443357142857508
2009-08-03 03:00:00+00:00,take_profit,2,3.1187142857143044
2009-08-03 08:00:00+00:00,take_profit,3,11.176000000000272
2009-08-03 10:00:00+00:00,take_profit,1,1.8496428571428396
2009-08-03 14:00:00+00:00,take_profit,2,6.946928571428657
2009-08-04 12:00:00+00:00,take_profit,5,70.30799999999738
2009-08-04 14:00:00+00:00,take_profit,1,2.7314285714287507
2009-08-04 16:00:00+00:00,take_profit,1,3.17550000000017
2009-08-04 20:00:00+00:00,take_profit,1,3.4804999999998927
2009-08-05 11:00:00+00:00,take_profit,2,4.728857142857805
2009-08-05 15:00:00+00:00,take_profit,3,15.915499999999385
2009-08-05 17:00:00+00:00,take_profit,1,2.905214285714351
2009-08-06 11:00:00+00:00,take_profit,4,38.425714285711706
2009-08-06 13:00:00+00:00,take_profit,1,3.128428571428458
2009-08-06 19:00:00+00:00,take_profit,3,29.6790000000002
2009-08-07 11:00:00+00:00,take_profit,3,12.816499999998882
2009-08-07 13:00:00+00:00,take_profit,1,2.8733571428571167
2009-08-09 22:00:00+00:00,take_profit,3,4.2315000000004375
2009-08-10 02:00:00+00:00,take_profit,3,5.19299999999987
2009-08-10 04:00:00+00:00,take_profit,1,0.9092142857142562
2009-08-11 12:00:00+00:00,take_profit,7,243.92164285713181
2009-08-11 16:00:00+00:00,take_profit,1,2.253642857142836
2009-08-12 00:00:00+00:00,take_profit,1,2.0883571428571486
2009-08-12 13:00:00+00:00,take_profit,4,33.07285714285684
2009-08-12 16:00:00+00:00,take_profit,1,2.5952142857142917
2009-08-13 00:00:00+00:00,take_profit,2,8.40107142857164
2009-08-13 06:00:00+00:00,take_profit,1,1.996500000000083
2009-08-13 09:00:00+00:00,take_profit,1,1.9397857142856765
2009-08-21 12:00:00+00:00,take_profit,8,636.1521428571968
2009-08-23 22:00:00+00:00,take_profit,1,0.8037142857143637
2009-08-24 00:00:00+00:00,take_profit,1,0.8645714285714803
2009-08-24 11:00:00+00:00,take_profit,2,4.863428571428926
2009-08-25 07:00:00+00:00,take_profit,5,63.4060714285655
2009-08-25 12:00:00+00:00,take_profit,1,2.280714285714339
2009-08-26 01:00:00+00:00,take_profit,4,42.88714285713854
2009-08-26 07:00:00+00:00,take_profit,1,1.8039999999999736
2009-08-26 12:00:00+00:00,take_profit,3,13.809999999999377
2009-08-26 14:00:00+00:00,take_profit,1,2.6880714285715612
2009-08-27 06:00:00+00:00,take_profit,1,1.4881428571428614
2009-08-27 11:00:00+00:00,take_profit,2,5.352428571428959
2009-08-27 16:00:00+00:00,take_profit,3,16.200000000000045
2009-08-27 22:00:00+00:00,take_profit,1,2.5410000000000537
2009-08-28 09:00:00+00:00,take_profit,1,1.6635714285714582
2009-08-28 12:00:00+00:00,take_profit,1,2.1541428571430288
2009-08-30 23:00:00+00:00,take_profit,2,3.923785714285941
2009-09-01 04:00:00+00:00,take_profit,8,402.00750000002233
2009-09-01 12:00:00+00:00,take_profit,5,68.80228571427983
2009-09-01 19:00:00+00:00,take_profit,2,9.605785714286071
2009-09-02 11:00:00+00:00,take_profit,2,4.524428571428416
2009-09-02 14:00:00+00:00,take_profit,1,2.6960714285715994
2009-09-02 16:00:00+00:00,take_profit,1,3.193928571428728
2009-09-02 19:00:00+00:00,take_profit,1,3.7302142857142826
2009-09-03 06:00:00+00:00,take_profit,2,6.605571428571693
2009-09-03 08:00:00+00:00,take_profit,1,2.333642857142877
2009-09-03 10:00:00+00:00,take_profit,1,2.317642857143028
2009-09-03 15:00:00+00:00,take_profit,3,26.281499999999482
2009-09-03 17:00:00+00:00,take_profit,1,4.500499999999988
2009-09-04 12:00:00+00:00,take_profit,3,16.607000000000085
2009-09-04 15:00:00+00:00,take_profit,1,3.0792857142857883
2009-09-06 22:00:00+00:00,take_profit,2,3.904071428571797
2009-09-07 06:00:00+00:00,take_profit,3,8.976499999998623
2009-09-07 14:00:00+00:00,take_profit,2,5.73214285714289
2009-09-08 00:00:00+00:00,take_profit,1,1.3624285714286088
2009-09-08 02:00:00+00:00,take_profit,1,1.5591428571428878
2009-09-08 06:00:00+00:00,take_profit,1,1.790214285714228
2009-09-08 23:00:00+00:00,take_profit,4,62.843571428569255
2009-09-09 12:00:00+00:00,take_profit,4,45.601071428568844
2009-09-09 14:00:00+00:00,take_profit,1,3.2721428571428532
2009-09-10 06:00:00+00:00,take_profit,3,17.355999999999426
2009-09-10 12:00:00+00:00,take_profit,4,45.94392857142691
2009-09-10 14:00:00+00:00,take_profit,1,3.4470000000000027
2009-09-10 16:00:00+00:00,take_profit,1,3.8480000000001837
2009-09-11 02:00:00+00:00,take_profit,2,9.205071428571614
2009-09-11 06:00:00+00:00,take_profit,1,2.4558571428572122
2009-09-11 10:00:00+00:00,take_profit,1,2.4595714285715076
2009-09-11 13:00:00+00:00,take_profit,1,3.1974999999998777
2009-09-13 22:00:00+00:00,take_profit,3,9.703999999998816
2009-09-15 15:00:00+00:00,take_profit,8,819.3878571429005
2009-09-15 17:00:00+00:00,take_profit,1,3.5992857142856565
2009-09-16 05:00:00+00:00,take_profit,1,2.6429285714285697
2009-09-16 09:00:00+00:00,take_profit,2,8.137499999999932
2009-09-17 04:00:00+00:00,take_profit,1,1.9928571428572468
2009-09-17 14:00:00+00:00,take_profit,5,101.19064285713489
2009-09-18 09:00:00+00:00,take_profit,3,16.9384999999985
2009-09-18 13:00:00+00:00,take_profit,1,2.5783571428572714
2009-09-22 00:00:00+00:00,take_profit,8,730.338214285749
2009-09-22 06:00:00+00:00,take_profit,1,1.940071428571514
2009-09-22 09:00:00+00:00,take_profit,1,2.3785714285714903
2009-09-22 13:00:00+00:00,take_profit,1,2.6378571428572286
2009-09-22 23:00:00+00:00,take_profit,1,2.4994285714285525
2009-09-23 04:00:00+00:00,take_profit,1,2.3230000000002065
2009-09-23 18:00:00+00:00,take_profit,4,49.23321428571239
2009-09-24 00:00:00+00:00,take_profit,1,3.5624285714287685
2009-09-24 06:00:00+00:00,take_profit,1,3.130071428571455
2009-09-24 09:00:00+00:00,take_profit,2,8.407285714285651
2009-09-24 12:00:00+00:00,take_profit,1,2.899357142857184
2009-09-27 21:00:00+00:00,take_profit,7,128.0160000000193
2009-09-28 00:00:00+00:00,take_profit,2,3.3227142857144827
2009-09-28 09:00:00+00:00,take_profit,3,18.762999999999693
2009-09-28 12:00:00+00:00,take_profit,1,3.0037857142857547
2009-09-28 14:00:00+00:00,take_profit,1,3.049928571428609
2009-09-29 04:00:00+00:00,take_profit,3,15.038499999999546
2009-09-29 13:00:00+00:00,take_profit,3,16.855499999999438
2009-09-29 16:00:00+00:00,take_profit,1,2.818071428571443
2009-09-30 01:00:00+00:00,take_profit,2,7.771928571428589
2009-09-30 06:00:00+00:00,take_profit,1,1.668571428571454
2009-09-30 08:00:00+00:00,take_profit,1,1.884714285714267
2009-09-30 11:00:00+00:00,take_profit,1,2.1117857142858156
2009-09-30 15:00:00+00:00,take_profit,3,22.616500000000656
2009-10-01 07:00:00+00:00,take_profit,2,6.777642857142951
2009-10-01 13:00:00+00:00,take_profit,2,7.171071428571395
2009-10-02 13:00:00+00:00,take_profit,5,100.84299999999814
2009-10-04 23:00:00+00:00,take_profit,3,9.577499999999532
2009-10-05 02:00:00+00:00,take_profit,1,1.1920000000000073
2009-10-05 06:00:00+00:00,take_profit,1,1.4575714285714412
2009-10-05 08:00:00+00:00,take_profit,1,1.7700000000000955
2009-10-05 13:00:00+00:00,take_profit,2,6.781285714286355
2009-10-05 15:00:00+00:00,take_profit,1,2.5612142857143
2009-10-06 01:00:00+00:00,take_profit,1,2.973500000000058
2009-10-06 06:00:00+00:00,take_profit,1,1.883642857142945
2009-10-06 09:00:00+00:00,take_profit,1,2.0270714285716167
2009-10-06 12:00:00+00:00,take_profit,1,2.583571428571304
2009-10-06 14:00:00+00:00,take_profit,1,3.5389285714284147
2009-10-06 19:00:00+00:00,take_profit,2,12.022500000000264
2009-10-07 06:00:00+00:00,take_profit,2,8.518071428571375
2009-10-07 08:00:00+00:00,take_profit,1,3.1604285714283837
2009-10-07 22:00:00+00:00,take_profit,3,21.03149999999937
2009-10-08 01:00:00+00:00,take_profit,1,3.0596428571427623
2009-10-08 04:00:00+00:00,take_profit,1,2.7538571428569867
2009-10-08 06:00:00+00:00,take_profit,1,2.7334999999998217
2009-10-08 15:00:00+00:00,take_profit,4,64.26107142857109
2009-10-09 10:00:00+00:00,take_profit,5,72.46914285713115
2009-10-09 14:00:00+00:00,take_profit,2,8.746071428570986
2009-10-09 19:00:00+00:00,take_profit,2,9.667071428570807
2009-10-11 22:00:00+00:00,take_profit,1,1.390714285714239
2009-10-12 04:00:00+00:00,take_profit,5,44.24142857142101
2009-10-12 08:00:00+00:00,take_profit,2,6.572571428571109
2009-10-12 10:00:00+00:00,take_profit,1,2.6143571428569885
2009-10-12 13:00:00+00:00,take_profit,2,9.14292857142891
2009-10-12 17:00:00+00:00,take_profit,2,9.671571428571042
2009-10-13 04:00:00+00:00,take_profit,2,7.818642857143232
2009-10-13 08:00:00+00:00,take_profit,1,2.76328571428553
2009-10-13 10:00:00+00:00,take_profit,1,3.1635714285714585
2009-10-13 16:00:00+00:00,take_profit,3,29.685999999998785
2009-10-14 01:00:00+00:00,take_profit,2,11.44092857142823
2009-10-14 18:00:00+00:00,take_profit,4,62.77285714285495
2009-10-15 04:00:00+00:00,take_profit,1,2.5667857142855155
2009-10-15 15:00:00+00:00,take_profit,6,263.22299999997995
2009-10-16 07:00:00+00:00,take_profit,3,18.577499999997826
2009-10-16 10:00:00+00:00,take_profit,1,2.7114285714285415
2009-10-16 13:00:00+00:00,take_profit,2,9.3522857142857
2009-10-16 15:00:00+00:00,take_profit,1,3.6861428571428405
2009-10-18 22:00:00+00:00,take_profit,1,1.8998571428571722
2009-10-19 06:00:00+00:00,take_profit,3,15.421499999997877
2009-10-19 15:00:00+00:00,take_profit,2,9.50935714285697
2009-10-19 18:00:00+00:00,take_profit,1,3.2744285714284156
2009-10-20 01:00:00+00:00,take_profit,1,3.185857142857003
2009-10-20 10:00:00+00:00,take_profit,3,17.079999999998563
2009-10-21 07:00:00+00:00,take_profit,5,70.9058571428493
2009-10-21 13:00:00+00:00,take_profit,4,46.91249999999718
2009-10-21 17:00:00+00:00,take_profit,1,3.949499999999944
2009-10-22 00:00:00+00:00,take_profit,3,33.197000000000344
2009-10-22 12:00:00+00:00,take_profit,3,20.22749999999769
2009-10-22 14:00:00+00:00,take_profit,1,3.309857142857027
2009-10-22 18:00:00+00:00,take_profit,2,10.940571428571047
2009-10-23 00:00:00+00:00,take_profit,1,3.238571428571277
2009-10-23 04:00:00+00:00,take_profit,1,2.2400714285713548
2009-10-23 12:00:00+00:00,take_profit,3,21.147999999998774
2009-10-26 01:00:00+00:00,take_profit,5,32.70721428570573
2009-10-26 08:00:00+00:00,take_profit,3,12.90099999999893
2009-10-26 13:00:00+00:00,take_profit,2,6.974357142857343
2009-10-27 06:00:00+00:00,take_profit,6,144.5489999999852
2009-10-27 13:00:00+00:00,take_profit,2,7.171714285713961
2009-10-27 19:00:00+00:00,take_profit,2,9.942214285714726
2009-10-28 06:00:00+00:00,take_profit,2,6.083785714285568
2009-10-28 13:00:00+00:00,take_profit,4,44.8607142857079
2009-10-29 08:00:00+00:00,take_profit,2,5.637214285714208
2009-10-29 12:00:00+00:00,take_profit,1,2.311357142857105
2009-10-29 15:00:00+00:00,take_profit,1,2.7283571428570212
2009-10-30 05:00:00+00:00,take_profit,1,2.027499999999918
2009-10-30 19:00:00+00:00,take_profit,6,216.98099999997112
2009-11-02 00:00:00+00:00,take_profit,3,11.165499999998701
2009-11-02 05:00:00+00:00,take_profit,1,1.2629285714285743
2009-11-02 08:00:00+00:00,take_profit,2,6.244928571428318
2009-11-02 14:00:00+00:00,take_profit,1,2.848071428571302
2009-11-02 23:00:00+00:00,take_profit,2,10.558071428570884
2009-11-03 12:00:00+00:00,take_profit,4,41.06464285714105
2009-11-03 14:00:00+00:00,take_profit,1,3.239142857142724
2009-11-03 17:00:00+00:00,take_profit,1,5.000999999999976
2009-11-04 08:00:00+00:00,take_profit,1,2.8728571428571286
2009-11-04 10:00:00+00:00,take_profit,1,2.9211428571427405
2009-11-04 15:00:00+00:00,take_profit,2,10.872642857142864
2009-11-04 19:00:00+00:00,take_profit,2,13.398642857142704
2009-11-05 09:00:00+00:00,take_profit,3,22.00849999999855
2009-11-05 12:00:00+00:00,take_profit,1,3.1891428571427696
2009-11-05 16:00:00+00:00,take_profit,2,10.538357142857194
2009-11-06 05:00:00+00:00,take_profit,1,1.9277857142856192
2009-11-06 08:00:00+00:00,take_profit,1,1.6719285714284524
2009-11-06 13:00:00+00:00,take_profit,2,6.787499999999909
2009-11-08 20:00:00+00:00,take_profit,2,7.705071428571728
2009-11-08 23:00:00+00:00,take_profit,2,5.224928571428791
2009-11-09 04:00:00+00:00,take_profit,1,2.007999999999811
2009-11-09 07:00:00+00:00,take_profit,1,2.264857142856954
2009-11-09 09:00:00+00:00,take_profit,1,2.7511428571426677
2009-11-10 09:00:00+00:00,take_profit,5,76.26221428570807
2009-11-10 13:00:00+00:00,take_profit,2,8.970642857143048
2009-11-10 15:00:00+00:00,take_profit,1,3.5616428571427154
2009-11-10 20:00:00+00:00,take_profit,1,3.8906428571428933
2009-11-11 04:00:00+00:00,take_profit,1,2.7325000000000728
2009-11-11 07:00:00+00:00,take_profit,1,1.953499999999849
2009-11-11 09:00:00+00:00,take_profit,1,2.2772857142856537
2009-11-11 19:00:00+00:00,take_profit,2,9.748071428571166
2009-11-12 01:00:00+00:00,take_profit,1,2.8797142857142717
2009-11-13 07:00:00+00:00,take_profit,7,356.6250714285545
2009-11-13 15:00:00+00:00,take_profit,3,25.2204999999999
2009-11-13 20:00:00+00:00,take_profit,1,3.819857142857018
2009-11-15 23:00:00+00:00,take_profit,1,1.5239999999998872
2009-11-16 03:00:00+00:00,take_profit,1,1.3747857142857356
2009-11-16 07:00:00+00:00,take_profit,1,2.1227857142855555
2009-11-16 14:00:00+00:00,take_profit,2,9.466500000000451
2009-11-16 16:00:00+00:00,take_profit,1,3.656071428571522
2009-11-16 18:00:00+00:00,take_profit,1,3.903785714285732
2009-11-17 14:00:00+00:00,take_profit,5,96.35242857141793
2009-11-17 17:00:00+00:00,take_profit,1,3.5556428571428573
2009-11-17 23:00:00+00:00,take_profit,1,3.640642857142666
2009-11-18 08:00:00+00:00,take_profit,2,9.009428571428998
2009-11-18 14:00:00+00:00,take_profit,1,3.4219285714284524
2009-11-19 07:00:00+00:00,take_profit,3,20.71399999999926
2009-11-19 13:00:00+00:00,take_profit,2,10.13935714285708
2009-11-19 16:00:00+00:00,take_profit,2,13.161857142856661
2009-11-20 04:00:00+00:00,take_profit,1,2.9859999999998763
2009-11-20 14:00:00+00:00,take_profit,4,48.23142857142511
2009-11-20 16:00:00+00:00,take_profit,1,3.6539999999999964
2009-11-20 18:00:00+00:00,take_profit,1,3.9234285714285306
2009-11-22 23:00:00+00:00,take_profit,1,2.2872857142856446
2009-11-23 02:00:00+00:00,take_profit,1,2.3294285714284797
2009-11-23 07:00:00+00:00,take_profit,2,8.252999999999702
2009-11-23 14:00:00+00:00,take_profit,1,2.824357142857025
2009-11-24 04:00:00+00:00,take_profit,4,49.47321428571263
2009-11-24 09:00:00+00:00,take_profit,2,9.63685714285748
2009-11-24 20:00:00+00:00,take_profit,3,28.97799999999847
2009-11-25 02:00:00+00:00,take_profit,1,3.8522857142854723
2009-11-25 11:00:00+00:00,take_profit,1,3.3142857142856883
2009-11-25 16:00:00+00:00,take_profit,1,3.441571428571251
2009-11-25 19:00:00+00:00,take_profit,1,3.4525714285712183
2009-11-26 01:00:00+00:00,take_profit,1,3.2847142857142444
2009-11-26 17:00:00+00:00,take_profit,4,59.75357142856842
2009-11-27 15:00:00+00:00,take_profit,8,2587.9221428572064
2009-11-29 23:00:00+00:00,take_profit,1,2.2891428571426786
2009-11-30 01:00:00+00:00,take_profit,1,2.3271428571426895
2009-11-30 15:00:00+00:00,take_profit,4,78.41249999999695
2009-11-30 18:00:00+00:00,take_profit,1,5.918499999999767
2009-11-30 23:00:00+00:00,take_profit,1,4.4099999999998545
2009-12-01 07:00:00+00:00,take_profit,2,10.120714285713575
2009-12-01 09:00:00+00:00,take_profit,1,3.5889999999999413
2009-12-01 14:00:00+00:00,take_profit,2,11.465142857143064
2009-12-01 16:00:00+00:00,take_profit,1,4.14421428571427
2009-12-02 00:00:00+00:00,take_profit,1,3.5869999999999895
2009-12-02 02:00:00+00:00,take_profit,1,3.7765714285712875
2009-12-02 05:00:00+00:00,take_profit,1,3.6899999999998276
2009-12-02 15:00:00+00:00,take_profit,2,13.627928571428583
2009-12-02 21:00:00+00:00,take_profit,1,4.545071428571418
2009-12-02 23:00:00+00:00,take_profit,1,4.446857142857198
2009-12-03 18:00:00+00:00,take_profit,5,163.62021428570597
2009-12-04 07:00:00+00:00,take_profit,4,65.20392857142565
2010-04-11 22:00:00+00:00,take_profit,8,405.66857142856657
2010-04-12 15:00:00+00:00,take_profit,4,46.31357142856814
2010-04-13 10:00:00+00:00,take_profit,6,193.61249999997813
2010-04-13 12:00:00+00:00,take_profit,1,3.2425714285714093
2010-04-13 16:00:00+00:00,take_profit,2,12.037928571428893
2010-04-14 01:00:00+00:00,take_profit,2,9.783214285713939
2010-04-14 08:00:00+00:00,take_profit,2,7.297500000000127
2010-04-14 12:00:00+00:00,take_profit,2,8.107071428571317
2010-04-14 14:00:00+00:00,take_profit,1,3.2079999999998563
2010-04-15 13:00:00+00:00,take_profit,3,20.096499999998514
2010-04-16 08:00:00+00:00,take_profit,4,39.112499999998136
2010-04-16 14:00:00+00:00,take_profit,4,62.200714285710546
2010-04-18 19:00:00+00:00,take_profit,1,4.145428571428511
2010-04-18 22:00:00+00:00,take_profit,1,2.935928571428576
2010-04-19 12:00:00+00:00,take_profit,6,189.15299999998456
2010-04-19 21:00:00+00:00,take_profit,2,9.877285714285563
2010-04-20 07:00:00+00:00,take_profit,1,2.2753571428570467
2010-04-20 13:00:00+00:00,take_profit,1,2.5718571428569703
2010-04-21 00:00:00+00:00,take_profit,2,7.995857142857176
2010-04-21 06:00:00+00:00,take_profit,1,1.7935714285713402
2010-04-21 13:00:00+00:00,take_profit,3,18.510499999996682
2010-04-21 16:00:00+00:00,take_profit,2,10.067142857142699
2010-04-22 07:00:00+00:00,take_profit,2,5.860928571428531
2010-04-22 16:00:00+00:00,take_profit,6,246.2804999999787
2010-04-23 12:00:00+00:00,take_profit,2,8.02821428571383
2010-04-23 14:00:00+00:00,take_profit,1,3.7368571428569344
2010-04-24 01:00:00+00:00,take_profit,1,3.3521428571427805
2010-04-25 22:00:00+00:00,take_profit,2,2.8369285714286434
2010-04-26 00:00:00+00:00,take_profit,1,1.185571428571393
2010-04-26 14:00:00+00:00,take_profit,5,67.37407142855682
2010-04-26 21:00:00+00:00,take_profit,1,2.5258571428571486
2010-04-27 01:00:00+00:00,take_profit,1,2.4790714285713875
2010-04-27 14:00:00+00:00,take_profit,4,43.297499999993306
2010-04-27 18:00:00+00:00,take_profit,1,3.8077857142855014
2010-04-28 14:00:00+00:00,take_profit,4,42.318214285708564
2010-04-29 08:00:00+00:00,take_profit,3,16.338999999997895
2010-04-29 14:00:00+00:00,take_profit,4,39.99749999999881
2010-04-29 18:00:00+00:00,take_profit,1,2.988499999999931
2010-04-30 00:00:00+00:00,take_profit,1,3.310428571428474
2010-04-30 09:00:00+00:00,take_profit,1,2.6342857142856246
2010-04-30 11:00:00+00:00,take_profit,1,2.7089999999998327
2010-04-30 13:00:00+00:00,take_profit,1,2.880999999999858
2010-05-02 23:00:00+00:00,take_profit,3,7.816499999998314
2010-05-03 10:00:00+00:00,take_profit,2,5.584071428571178
2010-05-03 13:00:00+00:00,take_profit,2,6.47314285714333
2010-05-03 15:00:00+00:00,take_profit,1,2.6653571428571468
2010-05-04 09:00:00+00:00,take_profit,3,15.254999999999656
2010-05-04 12:00:00+00:00,take_profit,1,2.7445000000000164
2010-05-05 14:00:00+00:00,take_profit,6,284.4854999999777
2010-05-06 07:00:00+00:00,take_profit,2,7.35664285714256
2010-05-06 10:00:00+00:00,take_profit,1,2.9526428571427914
2010-05-06 13:00:00+00:00,take_profit,2,11.063357142856376
2010-05-06 15:00:00+00:00,take_profit,1,4.648714285714277
2010-05-06 18:00:00+00:00,take_profit,1,6.2374285714283815
2010-05-07 13:00:00+00:00,take_profit,4,66.73928571428246
2010-05-07 16:00:00+00:00,take_profit,2,18.248785714285304
2010-05-10 13:00:00+00:00,take_profit,7,651.8819285714173
2010-05-11 04:00:00+00:00,take_profit,1,2.7512142857142408
2010-05-11 07:00:00+00:00,take_profit,1,2.480999999999767
2010-05-11 10:00:00+00:00,take_profit,1,2.777571428571264
2010-05-11 12:00:00+00:00,take_profit,1,3.1553571428571554
2010-05-11 18:00:00+00:00,take_profit,2,14.579999999999472
2010-05-12 04:00:00+00:00,take_profit,2,11.188071428571675
2010-05-12 09:00:00+00:00,take_profit,1,3.9999999999997726
2010-05-12 16:00:00+00:00,take_profit,2,17.62435714285789
2010-05-13 12:00:00+00:00,take_profit,4,45.920357142852026
2010-05-13 15:00:00+00:00,take_profit,1,3.472785714285692
2010-05-13 18:00:00+00:00,take_profit,2,12.686785714285179
2010-05-13 23:00:00+00:00,take_profit,1,4.068214285714248
2010-05-14 07:00:00+00:00,take_profit,1,2.477357142857045
2010-05-14 09:00:00+00:00,take_profit,1,2.8124999999997726
2010-05-17 02:00:00+00:00,take_profit,5,55.691499999993084
2010-05-17 13:00:00+00:00,take_profit,6,311.84549999998126
2010-05-18 13:00:00+00:00,take_profit,7,455.4038571428214
2010-05-18 18:00:00+00:00,take_profit,2,16.19292857142841
2010-05-18 23:00:00+00:00,take_profit,1,5.708142857142775
2010-05-19 08:00:00+00:00,take_profit,3,39.42349999999851
2010-05-20 07:00:00+00:00,take_profit,6,244.957499999992
2010-05-20 13:00:00+00:00,take_profit,4,75.2142857142851
2010-05-20 15:00:00+00:00,take_profit,1,6.308285714285603
2010-05-21 05:00:00+00:00,take_profit,3,39.238499999998794
2010-05-21 09:00:00+00:00,take_profit,2,16.69157142857057
2010-05-21 15:00:00+00:00,take_profit,2,19.71728571428571
2010-05-23 21:00:00+00:00,take_profit,2,3.131142857142549
2010-05-24 00:00:00+00:00,take_profit,2,4.583785714285341
2010-05-24 02:00:00+00:00,take_profit,1,1.731642857142788
2010-05-24 04:00:00+00:00,take_profit,1,2.02207142857128
2010-05-24 06:00:00+00:00,take_profit,1,2.405642857142766
2010-05-24 12:00:00+00:00,take_profit,3,22.672500000000127
2010-05-24 15:00:00+00:00,take_profit,1,3.429357142857043
2010-05-25 03:00:00+00:00,take_profit,3,24.720999999998867
2010-05-25 11:00:00+00:00,take_profit,2,12.595928571428885
2010-05-25 14:00:00+00:00,take_profit,1,4.516571428571297
2010-05-25 20:00:00+00:00,take_profit,1,4.4837142857143135
2010-05-26 04:00:00+00:00,take_profit,1,3.1009285714285397
2010-05-26 08:00:00+00:00,take_profit,1,2.8174999999998818
2010-05-26 14:00:00+00:00,take_profit,2,9.056999999999562
2010-05-27 03:00:00+00:00,take_profit,1,2.9881428571427477
2010-05-27 14:00:00+00:00,take_profit,4,55.17642857142323
2010-05-28 06:00:00+00:00,take_profit,2,6.690857142857567
2010-05-28 16:00:00+00:00,take_profit,5,108.22099999999546
2010-05-31 03:00:00+00:00,take_profit,4,14.706428571424569
2010-05-31 12:00:00+00:00,take_profit,3,13.45349999999894
2010-05-31 14:00:00+00:00,take_profit,1,1.8485714285714039
2010-06-01 00:00:00+00:00,take_profit,2,5.833285714285466
2010-06-01 06:00:00+00:00,take_profit,2,6.581142857142595
2010-06-01 08:00:00+00:00,take_profit,1,2.5431428571428114
2010-06-01 12:00:00+00:00,take_profit,1,3.2869285714284615
2010-06-02 15:00:00+00:00,take_profit,5,100.85185714284898
2010-06-03 06:00:00+00:00,take_profit,1,1.738142857142748
2010-06-04 15:00:00+00:00,take_profit,8,1297.822500000085
2010-06-06 19:00:00+00:00,take_profit,1,2.518285714285639
2010-06-07 02:00:00+00:00,take_profit,4,17.691428571426968
2010-06-07 14:00:00+00:00,take_profit,4,62.76857142856852
2010-06-07 19:00:00+00:00,take_profit,1,5.026999999999816
2010-06-08 06:00:00+00:00,take_profit,2,7.620857142857403
2010-06-08 09:00:00+00:00,take_profit,2,9.685714285714084
2010-06-08 14:00:00+00:00,take_profit,2,12.068142857142902
2010-06-10 16:00:00+00:00,take_profit,8,1064.9892857142934
2010-06-11 02:00:00+00:00,take_profit,1,3.927785714285619
2010-06-11 07:00:00+00:00,take_profit,2,7.854000000000497
2010-06-11 12:00:00+00:00,take_profit,1,2.6807142857142026
2010-06-11 14:00:00+00:00,take_profit,1,3.351428571428414
2010-06-11 16:00:00+00:00,take_profit,1,3.580428571428456
2010-06-13 22:00:00+00:00,take_profit,2,3.9160714285710587
2010-06-14 00:00:00+00:00,take_profit,1,1.1998571428571267
2010-06-14 06:00:00+00:00,take_profit,2,5.225571428571584
2010-06-14 17:00:00+00:00,take_profit,6,242.94149999998376
2010-06-15 06:00:00+00:00,take_profit,1,2.3395000000000437
2010-06-15 11:00:00+00:00,take_profit,1,2.0810714285714766
2010-06-15 14:00:00+00:00,take_profit,2,7.883357142857449
2010-06-16 08:00:00+00:00,take_profit,1,2.1869285714285525
2010-06-16 12:00:00+00:00,take_profit,3,14.661499999998341
2010-06-17 01:00:00+00:00,take_profit,3,20.86699999999837
2010-06-17 06:00:00+00:00,take_profit,1,2.260642857142784
2010-06-17 10:00:00+00:00,take_profit,1,2.2854285714283833
2010-06-17 12:00:00+00:00,take_profit,1,2.72878571428555
2010-06-17 14:00:00+00:00,take_profit,1,2.9089285714285325
2010-06-17 16:00:00+00:00,take_profit,1,3.4410714285713766
2010-06-18 11:00:00+00:00,take_profit,2,8.35521428571451
2010-06-18 16:00:00+00:00,take_profit,1,3.287142857142726
2010-06-20 22:00:00+00:00,take_profit,2,3.9889285714286866
2010-06-21 04:00:00+00:00,take_profit,3,9.566499999998314
2010-06-21 07:00:00+00:00,take_profit,1,1.8463571428571868
2010-06-21 11:00:00+00:00,take_profit,1,2.9159285714285943
2010-06-22 15:00:00+00:00,take_profit,6,208.0754999999749
2010-06-23 07:00:00+00:00,take_profit,2,7.3583571428578125
2010-06-23 10:00:00+00:00,take_profit,1,2.268785714285741
2010-06-24 03:00:00+00:00,take_profit,5,97.74521428570505
2010-06-24 10:00:00+00:00,take_profit,3,18.77149999999847
2010-06-24 12:00:00+00:00,take_profit,1,3.17871428571425
2010-06-24 14:00:00+00:00,take_profit,1,3.9403571428570103
2010-06-25 07:00:00+00:00,take_profit,2,7.905642857142766
2010-06-25 10:00:00+00:00,take_profit,2,7.973785714285668
2010-06-25 13:00:00+00:00,take_profit,1,3.115428571428538
2010-06-25 16:00:00+00:00,take_profit,1,3.4117857142855432
2010-06-27 20:00:00+00:00,take_profit,2,3.3306428571422657
2010-06-27 22:00:00+00:00,take_profit,1,0.9119285714284615
2010-06-28 00:00:00+00:00,take_profit,1,1.1535714285714675
2010-06-28 09:00:00+00:00,take_profit,3,15.117999999998348
2010-06-28 13:00:00+00:00,take_profit,2,9.260571428571211
2010-06-29 15:00:00+00:00,take_profit,6,272.62799999998106
2010-06-30 08:00:00+00:00,take_profit,2,6.293357142857985
2010-06-30 14:00:00+00:00,take_profit,4,56.16857142857043
2010-07-01 10:00:00+00:00,take_profit,3,13.081000000000131
2010-08-16 08:00:00+00:00,take_profit,8,490.8021428571194
2010-08-16 12:00:00+00:00,take_profit,1,2.4745000000000346
2010-08-16 22:00:00+00:00,take_profit,1,2.5410714285712857
2010-08-17 07:00:00+00:00,take_profit,2,5.1462857142851135
2010-08-18 12:00:00+00:00,take_profit,4,26.531785714282705
2010-08-18 15:00:00+00:00,take_profit,1,2.811357142857105
2010-08-19 12:00:00+00:00,take_profit,2,6.423214285714721
2010-08-19 14:00:00+00:00,take_profit,1,2.20307142857132
2010-08-19 16:00:00+00:00,take_profit,1,2.7521428571428714
2010-08-22 20:00:00+00:00,take_profit,5,29.98142857142784
2010-08-22 22:00:00+00:00,take_profit,1,0.9606428571428296
2010-08-23 00:00:00+00:00,take_profit,1,1.1447142857141444
2010-08-23 02:00:00+00:00,take_profit,1,1.106142857142686
2010-08-23 07:00:00+00:00,take_profit,1,1.8064999999999145
2010-08-24 13:00:00+00:00,take_profit,7,435.4285714285536
2010-08-25 06:00:00+00:00,take_profit,2,5.374071428571597
2010-08-25 08:00:00+00:00,take_profit,1,2.249499999999898
2010-08-25 13:00:00+00:00,take_profit,2,8.134285714285852
2010-08-25 15:00:00+00:00,take_profit,1,3.195071428571282
2010-08-26 06:00:00+00:00,take_profit,1,1.9479999999998654
2010-08-26 10:00:00+00:00,take_profit,2,6.065357142857238
2010-08-27 11:00:00+00:00,take_profit,4,34.3232142857089
2010-08-27 15:00:00+00:00,take_profit,2,8.46128571428494
2010-08-29 22:00:00+00:00,take_profit,1,1.7839999999998781
2010-08-31 07:00:00+00:00,take_profit,4,23.508214285710892
2010-08-31 12:00:00+00:00,take_profit,2,7.486071428571449
2010-08-31 17:00:00+00:00,take_profit,1,3.022999999999911
2010-09-01 05:00:00+00:00,take_profit,1,2.050571428571402
2010-09-01 09:00:00+00:00,take_profit,1,1.8724999999999454
2010-09-02 04:00:00+00:00,take_profit,5,61.37335714285268
2010-09-02 09:00:00+00:00,take_profit,1,1.8457142857141662
2010-09-02 12:00:00+00:00,take_profit,1,2.0875714285714366
2010-09-02 15:00:00+00:00,take_profit,2,8.146071428571304
2010-09-03 07:00:00+00:00,take_profit,1,1.5622142857141625
2010-09-03 15:00:00+00:00,take_profit,4,46.96178571428095
2010-09-05 22:00:00+00:00,take_profit,2,3.5477142857148465
2010-09-06 02:00:00+00:00,take_profit,2,3.0460714285711674
2010-09-06 06:00:00+00:00,take_profit,1,1.1590714285714512
2010-09-06 22:00:00+00:00,take_profit,2,3.1514999999997144
2010-09-07 12:00:00+00:00,take_profit,4,37.123928571428905
2010-09-08 03:00:00+00:00,take_profit,2,4.823142857142329
2010-09-08 05:00:00+00:00,take_profit,1,1.4763571428570685
2010-09-08 12:00:00+00:00,take_profit,2,6.242142857142653
2010-09-08 14:00:00+00:00,take_profit,1,2.7937857142856046
2010-09-09 11:00:00+00:00,take_profit,3,15.024999999997135
2010-09-09 13:00:00+00:00,take_profit,1,2.739142857142724
2010-09-10 15:00:00+00:00,take_profit,4,49.13357142856967
2010-09-12 21:00:00+00:00,take_profit,1,2.2619285714283706
2010-09-13 01:00:00+00:00,take_profit,2,4.500428571428756
2010-09-13 06:00:00+00:00,take_profit,1,1.4797142857141807
2010-09-13 10:00:00+00:00,take_profit,2,6.7656428571424385
2010-09-13 14:00:00+00:00,take_profit,1,2.573571428571313
2010-09-13 23:00:00+00:00,take_profit,1,2.8727857142855555
2010-09-14 07:00:00+00:00,take_profit,1,1.9868571428571613
2010-09-14 11:00:00+00:00,take_profit,2,6.783428571429113
2010-09-14 13:00:00+00:00,take_profit,1,2.8533571428570212
2010-09-14 15:00:00+00:00,take_profit,1,3.494214285714179
2010-09-15 06:00:00+00:00,take_profit,2,6.462428571428746
2010-09-15 13:00:00+00:00,take_profit,3,16.357999999999038
2010-09-16 09:00:00+00:00,take_profit,2,5.712214285714708
2010-09-17 04:00:00+00:00,take_profit,2,6.322928571428747
2010-09-17 07:00:00+00:00,take_profit,1,2.1127857142855646
2010-09-19 22:00:00+00:00,take_profit,4,17.83499999999276
2010-09-20 01:00:00+00:00,take_profit,2,4.159714285714017
2010-09-20 04:00:00+00:00,take_profit,1,1.8806428571429026
2010-09-20 15:00:00+00:00,take_profit,2,8.499857142857309
2010-09-21 09:00:00+00:00,take_profit,3,14.455499999996391
2010-09-21 18:00:00+00:00,take_profit,4,63.7757142857115
2010-09-22 06:00:00+00:00,take_profit,1,3.610428571428429
2010-09-22 09:00:00+00:00,take_profit,1,2.430142857142755
2010-09-22 12:00:00+00:00,take_profit,2,7.598999999999706
2010-09-23 00:00:00+00:00,take_profit,3,19.76499999999851
2010-09-23 07:00:00+00:00,take_profit,2,5.3357142857137205
2010-09-23 13:00:00+00:00,take_profit,2,5.54292857142832
2010-09-23 15:00:00+00:00,take_profit,1,2.348857142857014
2010-09-24 07:00:00+00:00,take_profit,2,5.500071428571118
2010-09-26 22:00:00+00:00,take_profit,2,2.425714285714548
2010-09-27 05:00:00+00:00,take_profit,2,3.3670714285708527
2010-09-28 13:00:00+00:00,take_profit,7,414.44635714287665
2010-09-29 03:00:00+00:00,take_profit,1,3.0157857142855846
2010-09-29 07:00:00+00:00,take_profit,2,5.733857142857232
2010-09-29 09:00:00+00:00,take_profit,1,2.203571428571422
2010-09-29 11:00:00+00:00,take_profit,1,2.4407142857141935
2010-09-29 15:00:00+00:00,take_profit,1,3.0683571428571668
2010-09-30 07:00:00+00:00,take_profit,2,6.271071428571304
2010-09-30 09:00:00+00:00,take_profit,1,2.1926428571428005
2010-09-30 17:00:00+00:00,take_profit,5,128.84928571428148
2010-10-01 07:00:00+00:00,take_profit,1,2.1275000000000546
2010-10-01 09:00:00+00:00,take_profit,1,2.092857142857156
2010-10-01 12:00:00+00:00,take_profit,1,2.134214285714279
2010-10-01 14:00:00+00:00,take_profit,1,2.5232857142857483
2010-10-03 22:00:00+00:00,take_profit,1,1.3734999999999218
2010-10-04 06:00:00+00:00,take_profit,2,5.829428571427798
2010-10-04 11:00:00+00:00,take_profit,3,17.55699999999797
2010-10-05 04:00:00+00:00,take_profit,1,2.146857142857016
2010-10-05 07:00:00+00:00,take_profit,1,2.6707142857142117
2010-10-05 12:00:00+00:00,take_profit,1,3.1215714285713148
2010-10-05 14:00:00+00:00,take_profit,1,3.502999999999929
2010-10-06 00:00:00+00:00,take_profit,1,3.0556428571426295
2010-10-06 04:00:00+00:00,take_profit,1,2.6351428571426823
2010-10-06 16:00:00+00:00,take_profit,2,9.711642857142806
2010-10-06 19:00:00+00:00,take_profit,1,2.9802857142856283
2010-10-07 02:00:00+00:00,take_profit,2,7.901357142856797
2010-10-07 06:00:00+00:00,take_profit,1,2.700071428571391
2010-10-07 08:00:00+00:00,take_profit,1,3.042857142856974
2010-10-08 12:00:00+00:00,take_profit,6,276.47999999998365
2010-10-08 14:00:00+00:00,take_profit,1,5.106928571428625
2010-10-10 22:00:00+00:00,take_profit,1,2.444714285714099
2010-10-11 14:00:00+00:00,take_profit,6,207.5534999999859
2010-10-11 16:00:00+00:00,take_profit,1,3.6027857142855737
2010-10-12 12:00:00+00:00,take_profit,4,54.836785714282996
2010-10-12 18:00:00+00:00,take_profit,1,4.314642857142871
2010-10-13 01:00:00+00:00,take_profit,1,3.6033571428570212
2010-10-13 07:00:00+00:00,take_profit,1,2.7212857142856137
2010-10-13 09:00:00+00:00,take_profit,1,2.4897142857141716
2010-10-13 12:00:00+00:00,take_profit,1,2.8403571428571013
2010-10-13 14:00:00+00:00,take_profit,1,3.905999999999949
2010-10-14 00:00:00+00:00,take_profit,1,3.853428571428367
2010-10-14 04:00:00+00:00,take_profit,1,2.694714285714099
2010-10-14 06:00:00+00:00,take_profit,1,2.8068571428570976
2010-10-14 22:00:00+00:00,take_profit,4,64.38535714285217
2010-10-15 07:00:00+00:00,take_profit,1,2.551357142857114
2010-10-15 12:00:00+00:00,take_profit,1,3.3953571428569376
2010-10-15 15:00:00+00:00,take_profit,2,13.237714285714446
2010-10-17 22:00:00+00:00,take_profit,2,5.8802142857143735
2010-10-18 06:00:00+00:00,take_profit,5,83.52507142856325
2010-10-18 09:00:00+00:00,take_profit,2,10.922571428571018
2010-10-18 13:00:00+00:00,take_profit,1,4.120999999999867
2010-10-19 09:00:00+00:00,take_profit,3,20.85649999999896
2010-10-20 07:00:00+00:00,take_profit,8,864.5957142856951
2010-10-20 14:00:00+00:00,take_profit,3,27.239499999998316
2010-10-20 16:00:00+00:00,take_profit,1,4.321357142857096
2010-10-21 08:00:00+00:00,take_profit,2,8.85578571428573
2010-10-21 14:00:00+00:00,take_profit,3,28.172999999999774
2010-10-22 05:00:00+00:00,take_profit,3,25.81699999999887
2010-10-22 11:00:00+00:00,take_profit,3,24.281999999999925
2010-10-22 20:00:00+00:00,take_profit,2,12.34821428571422
2010-10-24 22:00:00+00:00,take_profit,2,4.730142857142482
2010-10-25 00:00:00+00:00,take_profit,1,1.6209285714285215
2010-10-25 05:00:00+00:00,take_profit,1,2.0258571428571486
2010-10-25 19:00:00+00:00,take_profit,5,130.3572142857015
2010-10-26 14:00:00+00:00,take_profit,4,56.58857142856732
2010-10-27 10:00:00+00:00,take_profit,5,96.78864285712552
2010-10-27 22:00:00+00:00,take_profit,4,55.471071428568614
2010-10-28 11:00:00+00:00,take_profit,2,8.802857142857192
2010-10-28 15:00:00+00:00,take_profit,2,12.76050000000032
2010-10-29 10:00:00+00:00,take_profit,3,21.345999999998412
2010-10-29 12:00:00+00:00,take_profit,1,3.691214285714068
2010-10-29 15:00:00+00:00,take_profit,1,4.207428571428409
2010-10-31 22:00:00+00:00,take_profit,1,1.2235714285714039
2010-11-01 05:00:00+00:00,take_profit,4,33.18642857142322
2010-11-01 09:00:00+00:00,take_profit,2,8.680499999999483
2010-11-02 09:00:00+00:00,take_profit,4,36.41035714285249
2010-11-03 09:00:00+00:00,take_profit,3,16.419999999998254
2010-11-03 11:00:00+00:00,take_profit,1,2.805142857142755
2010-11-03 19:00:00+00:00,take_profit,6,495.95849999997614
2010-11-04 02:00:00+00:00,take_profit,1,7.279071428571342
2010-11-04 08:00:00+00:00,take_profit,1,3.140214285714137
2010-11-04 12:00:00+00:00,take_profit,2,13.288928571429096
2010-11-04 15:00:00+00:00,take_profit,1,4.79464285714289
2010-11-04 19:00:00+00:00,take_profit,1,5.696285714285523
2010-11-05 13:00:00+00:00,take_profit,5,131.50421428570306
2010-11-08 00:00:00+00:00,take_profit,2,7.825499999999465
2010-11-08 09:00:00+00:00,take_profit,3,19.836999999997488
2010-11-08 16:00:00+00:00,take_profit,1,3.8999285714282905
2010-11-08 19:00:00+00:00,take_profit,1,4.336571428571233
2010-11-09 02:00:00+00:00,take_profit,2,13.26085714285773
2010-11-09 09:00:00+00:00,take_profit,2,10.613571428571277
2010-11-09 15:00:00+00:00,take_profit,2,14.060142857142864
2010-11-10 08:00:00+00:00,take_profit,5,187.0252142857023
2010-11-10 14:00:00+00:00,take_profit,3,44.50699999999847
2010-11-10 16:00:00+00:00,take_profit,1,7.25421428571417
2010-11-10 19:00:00+00:00,take_profit,1,7.993571428571386
2010-11-11 06:00:00+00:00,take_profit,1,3.7659999999998495
2010-11-11 09:00:00+00:00,take_profit,1,3.0296428571427896
2010-11-11 11:00:00+00:00,take_profit,1,3.333928571428487
2010-11-11 17:00:00+00:00,take_profit,3,34.73099999999863
2010-11-12 14:00:00+00:00,take_profit,6,398.00249999996686
2010-11-15 00:00:00+00:00,take_profit,2,10.631142857143232
2010-11-15 10:00:00+00:00,take_profit,5,116.06399999999553
2010-11-15 14:00:00+00:00,take_profit,2,13.864714285714399
2010-11-18 03:00:00+00:00,take_profit,8,1058.869285714274
2010-11-18 06:00:00+00:00,take_profit,1,3.510357142857174
2010-11-18 16:00:00+00:00,take_profit,3,27.52649999999835
2010-11-18 23:00:00+00:00,take_profit,1,4.033714285714268
2010-11-19 06:00:00+00:00,take_profit,3,25.537499999997863
2010-11-19 09:00:00+00:00,take_profit,1,3.4569999999998804
2010-11-19 15:00:00+00:00,take_profit,4,75.89464285713848
2010-11-21 23:00:00+00:00,take_profit,1,3.1162857142855955
2010-11-22 01:00:00+00:00,take_profit,1,2.4848571428569812
2010-11-22 05:00:00+00:00,take_profit,1,1.9754285714284379
2010-11-22 07:00:00+00:00,take_profit,1,2.1969285714285434
2010-11-22 17:00:00+00:00,take_profit,5,138.8334999999895
2010-11-22 20:00:00+00:00,take_profit,1,4.954142857142642
2010-11-23 06:00:00+00:00,take_profit,3,23.133999999997968
2010-11-23 09:00:00+00:00,take_profit,1,3.2036428571427673
2010-11-23 14:00:00+00:00,take_profit,2,15.120214285714157
2010-11-24 06:00:00+00:00,take_profit,2,9.855428571428774
2010-11-24 09:00:00+00:00,take_profit,1,2.870999999999867
2010-11-25 14:00:00+00:00,take_profit,3,13.878499999999349
2010-11-25 17:00:00+00:00,take_profit,1,1.7861428571427498
2010-11-29 08:00:00+00:00,take_profit,8,830.3892857142316
2010-11-29 13:00:00+00:00,take_profit,2,12.416785714286107
2010-11-29 15:00:00+00:00,take_profit,1,4.615857142857067
2010-11-30 07:00:00+00:00,take_profit,1,2.5419999999999163
2010-11-30 09:00:00+00:00,take_profit,1,2.8762142857142408
2010-11-30 13:00:00+00:00,take_profit,1,3.8711428571427864
2010-11-30 16:00:00+00:00,take_profit,1,4.464928571428345
2010-12-01 04:00:00+00:00,take_profit,2,10.563428571429313
2010-12-01 11:00:00+00:00,take_profit,2,9.428571428571786
2010-12-01 16:00:00+00:00,take_profit,4,63.519642857138706
2010-12-02 03:00:00+00:00,take_profit,2,11.191285714285641
2010-12-02 07:00:00+00:00,take_profit,1,2.345714285714166
2010-12-02 15:00:00+00:00,take_profit,4,42.863571428569685
2010-12-03 06:00:00+00:00,take_profit,4,49.87071428570675
2010-12-03 09:00:00+00:00,take_profit,1,2.241142857142677
2010-12-03 13:00:00+00:00,take_profit,2,10.183500000000322
2010-12-03 15:00:00+00:00,take_profit,1,3.974642857142726
2010-12-03 20:00:00+00:00,take_profit,1,4.498428571428576
2010-12-06 06:00:00+00:00,take_profit,2,5.49771428571421
2010-12-06 14:00:00+00:00,take_profit,3,21.506999999997333
2010-12-06 20:00:00+00:00,take_profit,2,14.286642857142397
2010-12-07 10:00:00+00:00,take_profit,2,7.529785714285708
2010-12-07 13:00:00+00:00,take_profit,1,2.549428571428507
2010-12-09 08:00:00+00:00,take_profit,8,658.6832142857609
2010-12-09 13:00:00+00:00,take_profit,2,9.48192857142908
2010-12-09 18:00:00+00:00,take_profit,3,33.954499999998006
2010-12-10 05:00:00+00:00,take_profit,1,2.8459285714284306
2010-12-10 17:00:00+00:00,take_profit,5,129.16814285713352
2010-12-13 01:00:00+00:00,take_profit,3,13.435999999998785
2010-12-13 03:00:00+00:00,take_profit,1,1.7102857142856465
2010-12-13 07:00:00+00:00,take_profit,1,2.1527142857141826
2010-12-13 11:00:00+00:00,take_profit,2,7.106785714286162
2010-12-13 13:00:00+00:00,take_profit,1,2.7462857142857047
2010-12-13 15:00:00+00:00,take_profit,1,3.0672142857142717
2010-12-14 01:00:00+00:00,take_profit,1,3.5389285714284147
2010-12-14 08:00:00+00:00,take_profit,2,8.029928571428854
2010-12-14 10:00:00+00:00,take_profit,1,2.6412142857141134
2010-12-14 17:00:00+00:00,take_profit,4,60.97821428571092
2010-12-15 13:00:00+00:00,take_profit,5,107.91099999998892
2010-12-16 08:00:00+00:00,take_profit,3,18.221499999999878
2010-12-17 03:00:00+00:00,take_profit,7,529.3813571428568
2010-12-17 13:00:00+00:00,take_profit,3,21.16249999999718
2010-12-17 15:00:00+00:00,take_profit,1,3.4231428571426936
2010-12-17 18:00:00+00:00,take_profit,1,4.3187142857141225
2010-12-19 23:00:00+00:00,take_profit,2,6.791142857143086
2010-12-20 01:00:00+00:00,take_profit,1,1.9904999999998836
2010-12-20 06:00:00+00:00,take_profit,2,6.196071428571258
2010-12-20 13:00:00+00:00,take_profit,3,16.597999999997455
2010-12-20 16:00:00+00:00,take_profit,2,9.03300000000013
2010-12-21 07:00:00+00:00,take_profit,1,1.9456428571427296
2010-12-21 13:00:00+00:00,take_profit,2,6.516214285713886
2010-12-21 17:00:00+00:00,take_profit,1,3.09928571428577
2010-12-22 00:00:00+00:00,take_profit,2,9.111642857143124
2010-12-22 10:00:00+00:00,take_profit,1,1.5302142857142371
2010-12-22 13:00:00+00:00,take_profit,2,5.504357142856634
2010-12-23 00:00:00+00:00,take_profit,3,18.178499999998394
2010-12-23 16:00:00+00:00,take_profit,7,353.83107142859217
2010-12-24 04:00:00+00:00,take_profit,1,1.9512142857142862
2010-12-24 07:00:00+00:00,take_profit,1,1.4329285714284197
2010-12-24 14:00:00+00:00,take_profit,3,7.1434999999974025
2010-12-27 02:00:00+00:00,take_profit,6,109.76849999998808
2010-12-27 18:00:00+00:00,take_profit,3,16.720999999998185
2010-12-28 00:00:00+00:00,take_profit,1,2.2264999999999873
2010-12-28 03:00:00+00:00,take_profit,1,2.1619285714284615
2010-12-28 08:00:00+00:00,take_profit,2,5.337000000000899
2010-12-28 11:00:00+00:00,take_profit,1,2.308285714285603
2010-12-28 13:00:00+00:00,take_profit,1,2.9759285714285397
2010-12-28 15:00:00+00:00,take_profit,1,3.2448571428569726
2010-12-29 05:00:00+00:00,take_profit,1,1.8137857142855867
2010-12-29 14:00:00+00:00,take_profit,3,16.567999999998165
2010-12-30 05:00:00+00:00,take_profit,1,1.7673571428570085
2010-12-31 01:00:00+00:00,take_profit,6,167.25599999998894
2010-12-31 06:00:00+00:00,take_profit,1,1.957357142857063
2010-12-31 10:00:00+00:00,take_profit,1,2.3227142857142553
2010-12-31 15:00:00+00:00,take_profit,1,2.545642857142866
2010-12-31 18:00:00+00:00,take_profit,1,2.512214285714208
2011-01-02 22:00:00+00:00,take_profit,1,1.2867857142857702
2011-01-03 03:00:00+00:00,take_profit,2,4.435714285714084
2011-01-03 05:00:00+00:00,take_profit,1,1.6549285714283997
2011-01-03 10:00:00+00:00,take_profit,1,2.0663571428569867
2011-01-03 12:00:00+00:00,take_profit,1,2.294285714285479
2011-01-03 14:00:00+00:00,take_profit,1,2.6515714285712875
2011-01-03 18:00:00+00:00,take_profit,1,3.1509285714284943
2011-02-21 07:00:00+00:00,take_profit,8,429.87535714284763
2011-02-21 10:00:00+00:00,take_profit,1,2.082357142857063
2011-02-21 15:00:00+00:00,take_profit,1,2.145714285714348
2011-02-21 23:00:00+00:00,take_profit,2,5.9269285714285616
2011-02-22 13:00:00+00:00,take_profit,8,911.6432142857554
2011-02-22 15:00:00+00:00,take_profit,1,4.041071428571286
2011-02-23 08:00:00+00:00,take_profit,1,2.2577857142855464
2011-02-23 11:00:00+00:00,take_profit,1,2.2517142857141152
2011-02-23 14:00:00+00:00,take_profit,1,2.596142857142695
2011-02-23 17:00:00+00:00,take_profit,1,3.194357142857143
2011-02-23 23:00:00+00:00,take_profit,2,10.365000000000464
2011-02-24 07:00:00+00:00,take_profit,3,17.63699999999949
2011-02-24 09:00:00+00:00,take_profit,1,2.455428571428456
2011-02-24 13:00:00+00:00,take_profit,2,8.885571428571666
2011-02-24 17:00:00+00:00,take_profit,2,11.436642857142715
2011-02-25 05:00:00+00:00,take_profit,4,62.33678571428459
2011-02-25 13:00:00+00:00,take_profit,3,21.218499999999494
2011-02-25 15:00:00+00:00,take_profit,1,3.766071428571422
2011-02-25 21:00:00+00:00,take_profit,1,4.308999999999969
2011-02-27 23:00:00+00:00,take_profit,1,1.9674285714283997
2011-02-28 07:00:00+00:00,take_profit,2,5.490857142857067
2011-02-28 12:00:00+00:00,take_profit,1,2.7926428571427095
2011-02-28 15:00:00+00:00,take_profit,2,9.54235714285619
2011-03-01 01:00:00+00:00,take_profit,3,26.652999999997746
2011-03-01 06:00:00+00:00,take_profit,1,2.5987857142856683
2011-03-01 10:00:00+00:00,take_profit,1,1.9092142857141428
2011-03-01 12:00:00+00:00,take_profit,1,2.1741428571426695
2011-03-01 14:00:00+00:00,take_profit,1,2.6220714285711892
2011-03-01 16:00:00+00:00,take_profit,1,3.0439285714285234
2011-03-01 19:00:00+00:00,take_profit,1,3.6356428571427837
2011-03-02 10:00:00+00:00,take_profit,3,14.20699999999897
2011-03-02 13:00:00+00:00,take_profit,1,2.1040714285713875
2011-03-02 15:00:00+00:00,take_profit,1,2.409428571428407
2011-03-02 21:00:00+00:00,take_profit,4,50.13428571428449
2011-03-03 09:00:00+00:00,take_profit,3,22.719499999997424
2011-03-03 13:00:00+00:00,take_profit,2,12.589928571428345
2011-03-04 08:00:00+00:00,take_profit,2,7.311428571428451
2011-03-04 13:00:00+00:00,take_profit,2,7.20471428571409
2011-03-04 15:00:00+00:00,take_profit,1,3.3022857142855173
2011-03-06 23:00:00+00:00,take_profit,2,7.996071428571213
2011-03-07 02:00:00+00:00,take_profit,1,2.4047857142857083
2011-03-07 07:00:00+00:00,take_profit,2,7.093071428571648
2011-03-07 11:00:00+00:00,take_profit,1,2.998499999999922
2011-03-08 10:00:00+00:00,take_profit,6,180.89099999998962
2011-03-09 09:00:00+00:00,take_profit,4,34.747499999993806
2011-03-09 11:00:00+00:00,take_profit,1,2.6159285714284124
2011-03-09 13:00:00+00:00,take_profit,1,2.7556428571429024
2011-03-09 15:00:00+00:00,take_profit,1,3.118857142856996
2011-03-10 06:00:00+00:00,take_profit,1,2.350142857142828
2011-03-10 18:00:00+00:00,take_profit,8,1321.2824999999684
2011-03-11 07:00:00+00:00,take_profit,1,3.065499999999929
2011-03-11 12:00:00+00:00,take_profit,4,56.71714285714029
2011-03-11 15:00:00+00:00,take_profit,2,13.879714285714044
2011-03-13 22:00:00+00:00,take_profit,2,7.876714285714343
2011-03-14 07:00:00+00:00,take_profit,3,27.41349999999943
2011-03-14 12:00:00+00:00,take_profit,1,4.105785714285503
2011-03-18 00:00:00+00:00,take_profit,8,877.8921428571344
2011-03-18 03:00:00+00:00,take_profit,1,3.064857142857136
2011-03-18 07:00:00+00:00,take_profit,1,2.4462857142855228
2011-03-18 10:00:00+00:00,take_profit,2,8.06528571428521
2011-03-18 12:00:00+00:00,take_profit,1,3.0477142857141644
2011-03-18 14:00:00+00:00,take_profit,1,3.296285714285659
2011-03-20 21:00:00+00:00,take_profit,2,4.817571428571
2011-03-21 00:00:00+00:00,take_profit,1,1.9324999999998909
2011-03-21 11:00:00+00:00,take_profit,2,7.98085714285753
2011-03-21 15:00:00+00:00,take_profit,2,8.762357142857127
2011-03-22 03:00:00+00:00,take_profit,1,2.6024285714283906
2011-03-22 08:00:00+00:00,take_profit,1,1.9459285714285672
2011-03-22 14:00:00+00:00,take_profit,5,102.83142857141684
2011-03-23 06:00:00+00:00,take_profit,1,1.843571428571295
2011-03-23 08:00:00+00:00,take_profit,1,1.7329999999999475
2011-03-23 10:00:00+00:00,take_profit,1,1.9061428571426404
2011-03-23 14:00:00+00:00,take_profit,2,8.435785714285657
2011-03-24 08:00:00+00:00,take_profit,2,4.5582857142860576
2011-03-24 10:00:00+00:00,take_profit,1,1.61028571428551
2011-03-24 13:00:00+00:00,take_profit,2,5.878714285713613
2011-03-25 11:00:00+00:00,take_profit,5,57.21271428570253
2011-03-25 14:00:00+00:00,take_profit,2,7.218857142856906
2011-03-28 15:00:00+00:00,take_profit,8,941.3142857142977
2011-03-29 12:00:00+00:00,take_profit,4,36.44999999999504
2011-03-29 14:00:00+00:00,take_profit,1,2.6579999999999018
2011-03-30 05:00:00+00:00,take_profit,2,6.9360000000003765
2011-03-30 07:00:00+00:00,take_profit,1,2.1109999999998763
2011-03-30 11:00:00+00:00,take_profit,1,2.4043571428571795
2011-03-30 16:00:00+00:00,take_profit,4,63.085714285712356
2011-03-31 03:00:00+00:00,take_profit,1,3.265928571428504
2011-03-31 06:00:00+00:00,take_profit,1,1.7465714285713148
2011-03-31 09:00:00+00:00,take_profit,1,1.9099999999998545
2011-03-31 13:00:00+00:00,take_profit,2,8.070857142856767
2011-04-01 18:00:00+00:00,take_profit,6,288.03149999999096
2011-04-03 22:00:00+00:00,take_profit,1,0.9574285714284089
2011-04-04 06:00:00+00:00,take_profit,2,3.5046428571424713
2011-04-04 08:00:00+00:00,take_profit,1,1.4342142857142335
2011-04-04 10:00:00+00:00,take_profit,1,1.8313571428570867
2011-04-04 14:00:00+00:00,take_profit,2,6.89785714285631
2011-04-04 22:00:00+00:00,take_profit,1,2.7570714285714075
2011-04-05 01:00:00+00:00,take_profit,1,2.705571428571375
2011-04-05 14:00:00+00:00,take_profit,3,23.84400000000005
2011-04-05 16:00:00+00:00,take_profit,1,4.260928571428622
2011-04-05 19:00:00+00:00,take_profit,1,4.630857142857167
2011-04-06 06:00:00+00:00,take_profit,2,7.21007142857161
2011-04-06 10:00:00+00:00,take_profit,2,7.13828571428553
2011-04-06 13:00:00+00:00,take_profit,1,2.7079999999998563
2011-04-06 18:00:00+00:00,take_profit,2,9.683142857142684
2011-04-06 22:00:00+00:00,take_profit,2,9.14400000000046
2011-04-07 07:00:00+00:00,take_profit,3,16.67899999999986
2011-04-07 13:00:00+00:00,take_profit,2,10.107428571428954
2011-04-08 01:00:00+00:00,take_profit,2,10.844357142857461
2011-04-08 06:00:00+00:00,take_profit,1,2.1753571428571377
2011-04-08 09:00:00+00:00,take_profit,1,2.0998571428569903
2011-04-08 14:00:00+00:00,take_profit,3,19.08799999999769
2011-04-08 16:00:00+00:00,take_profit,1,2.954785714285663
2011-04-10 17:00:00+00:00,take_profit,2,7.647642857142956
2011-04-10 23:00:00+00:00,take_profit,2,3.4635000000002947
2011-04-11 04:00:00+00:00,take_profit,4,22.601785714280368
2011-04-11 13:00:00+00:00,take_profit,5,98.96971428570328
2011-04-12 08:00:00+00:00,take_profit,5,87.8827857142744
2011-04-12 12:00:00+00:00,take_profit,2,10.578857142857032
2011-04-13 03:00:00+00:00,take_profit,3,26.715999999997624
2011-04-13 11:00:00+00:00,take_profit,1,2.3762857142855864
2011-04-13 15:00:00+00:00,take_profit,3,21.359999999998536
2011-04-14 02:00:00+00:00,take_profit,1,3.2045714285713984
2011-04-14 05:00:00+00:00,take_profit,1,2.6056428571428114
2011-04-14 13:00:00+00:00,take_profit,4,54.878571428569785
2011-04-14 16:00:00+00:00,take_profit,1,4.134499999999889
2011-04-14 22:00:00+00:00,take_profit,1,4.192285714285617
2011-04-15 10:00:00+00:00,take_profit,3,19.890500000000657
2011-04-15 13:00:00+00:00,take_profit,2,10.10100000000034
2011-04-15 15:00:00+00:00,take_profit,1,3.9512857142856324
2011-04-17 23:00:00+00:00,take_profit,1,0.9961428571427859
2011-04-18 05:00:00+00:00,take_profit,2,4.608428571428476
2011-04-18 13:00:00+00:00,take_profit,5,105.895999999992
2011-04-19 07:00:00+00:00,take_profit,2,6.618214285713749
2011-04-19 09:00:00+00:00,take_profit,1,2.245714285714257
2011-04-19 11:00:00+00:00,take_profit,1,2.497642857142637
2011-04-19 13:00:00+00:00,take_profit,1,3.019357142856961
2011-04-19 15:00:00+00:00,take_profit,1,3.414571428571435
2011-04-20 04:00:00+00:00,take_profit,1,2.8863571428571504
2011-04-20 07:00:00+00:00,take_profit,1,2.1354999999998654
2011-04-20 14:00:00+00:00,take_profit,2,8.088857142857705
2011-04-21 00:00:00+00:00,take_profit,3,21.783499999997957
2011-04-21 11:00:00+00:00,take_profit,2,7.027499999999919
2011-04-21 15:00:00+00:00,take_profit,1,3.015214285714137
2011-04-22 04:00:00+00:00,take_profit,2,7.973357142856912
2011-04-22 07:00:00+00:00,take_profit,1,2.338999999999942
2011-04-24 17:00:00+00:00,take_profit,2,3.9572142857141444
2011-04-24 22:00:00+00:00,take_profit,2,3.6398571428564996
2011-04-25 03:00:00+00:00,take_profit,2,3.664071428570651
2011-04-25 07:00:00+00:00,take_profit,1,1.7020714285713439
2011-04-26 07:00:00+00:00,take_profit,7,401.0387857142628
2011-04-26 16:00:00+00:00,take_profit,3,27.32449999999767
2011-04-26 20:00:00+00:00,take_profit,1,3.940785714285539
2011-04-27 04:00:00+00:00,take_profit,1,2.487357142857036
2011-04-27 08:00:00+00:00,take_profit,3,15.737499999998818
2011-04-27 13:00:00+00:00,take_profit,1,2.379928571428536
2011-04-27 15:00:00+00:00,take_profit,1,3.0672857142856174
2011-04-27 17:00:00+00:00,take_profit,1,4.2532142857141935
2011-04-28 04:00:00+00:00,take_profit,1,4.811999999999898
2011-04-28 07:00:00+00:00,take_profit,1,3.7516428571427696
2011-04-28 13:00:00+00:00,take_profit,2,11.442428571428763
2011-04-28 18:00:00+00:00,take_profit,3,35.242999999998574
2011-04-29 09:00:00+00:00,take_profit,2,5.916642857142732
2011-04-29 11:00:00+00:00,take_profit,1,2.222428571428509
2011-04-29 14:00:00+00:00,take_profit,1,2.6714999999999236
2011-04-29 16:00:00+00:00,take_profit,1,2.9449999999999363
2011-04-29 18:00:00+00:00,take_profit,1,4.330285714285537
2011-05-01 22:00:00+00:00,take_profit,1,2.756285714285468
2011-05-02 03:00:00+00:00,take_profit,4,78.01821428570838
2011-05-02 06:00:00+00:00,take_profit,1,6.4874999999999545
2011-05-02 14:00:00+00:00,take_profit,1,6.222357142857163
2011-05-03 04:00:00+00:00,take_profit,5,201.46678571427424
2011-05-03 12:00:00+00:00,take_profit,3,37.167499999998654
2011-05-03 15:00:00+00:00,take_profit,2,18.638357142857785
2011-05-04 12:00:00+00:00,take_profit,2,11.749714285713706
2011-05-05 13:00:00+00:00,take_profit,8,1418.5650000000212
2011-05-06 00:00:00+00:00,take_profit,4,149.37535714285082
2011-05-06 09:00:00+00:00,take_profit,3,35.21799999999848
2011-05-06 13:00:00+00:00,take_profit,2,18.703499999999394
2011-05-06 17:00:00+00:00,take_profit,2,23.13299999999981
2011-05-08 18:00:00+00:00,take_profit,1,4.932000000000016
2011-05-09 00:00:00+00:00,take_profit,2,5.0719285714292255
2011-05-09 02:00:00+00:00,take_profit,1,1.695857142856994
2011-05-09 07:00:00+00:00,take_profit,1,3.1119999999998527
2011-05-09 13:00:00+00:00,take_profit,3,31.02549999999815
2011-05-09 18:00:00+00:00,take_profit,2,15.344142857142515
2011-05-10 07:00:00+00:00,take_profit,2,10.375285714285155
2011-05-10 14:00:00+00:00,take_profit,3,30.343999999998232
2011-05-11 01:00:00+00:00,take_profit,1,4.228285714285676
2011-05-11 08:00:00+00:00,take_profit,1,2.4939999999999145
2011-05-12 17:00:00+00:00,take_profit,8,2112.8207142857273
2011-05-13 05:00:00+00:00,take_profit,1,3.7364999999997512
2011-05-13 07:00:00+00:00,take_profit,1,3.358785714285659
2011-05-16 06:00:00+00:00,take_profit,8,620.0324999999898
2011-05-16 12:00:00+00:00,take_profit,3,26.991499999997814
2011-05-16 14:00:00+00:00,take_profit,1,4.2009999999997945
2011-05-17 06:00:00+00:00,take_profit,2,7.401642857142633
2011-05-17 22:00:00+00:00,take_profit,6,345.8159999999898
2011-05-18 02:00:00+00:00,take_profit,1,4.378857142856987
2011-05-18 07:00:00+00:00,take_profit,2,9.856285714285605
2011-05-18 13:00:00+00:00,take_profit,2,11.881928571428944
2011-05-19 01:00:00+00:00,take_profit,2,11.422928571428429
2011-05-19 10:00:00+00:00,take_profit,4,42.100714285710865
2011-05-19 14:00:00+00:00,take_profit,2,10.896642857142524
2011-05-19 16:00:00+00:00,take_profit,1,4.282714285714292
2011-05-20 04:00:00+00:00,take_profit,1,2.7187142857142135
2011-05-20 06:00:00+00:00,take_profit,1,2.1063571428571777
2011-05-20 12:00:00+00:00,take_profit,4,44.343214285706836
2011-05-20 14:00:00+00:00,take_profit,1,4.749857142857081
2011-05-21 05:00:00+00:00,take_profit,1,1.7184285714286034
2011-05-22 10:00:00+00:00,take_profit,1,0.19842857142862158
2011-05-22 16:00:00+00:00,take_profit,2,0.19264285714325524
2011-05-22 22:00:00+00:00,take_profit,5,21.766428571416554
2011-05-23 08:00:00+00:00,take_profit,7,398.3989999999942
2011-05-23 13:00:00+00:00,take_profit,2,11.782071428571498
2011-05-23 17:00:00+00:00,take_profit,1,4.198428571428394
2011-05-24 07:00:00+00:00,take_profit,1,1.823142857142784
2011-05-24 09:00:00+00:00,take_profit,1,1.9604285714285654
2011-05-24 13:00:00+00:00,take_profit,2,7.633285714285193
2011-05-25 07:00:00+00:00,take_profit,2,5.722500000000537
2011-05-25 10:00:00+00:00,take_profit,1,1.9745714285713805
2011-05-25 13:00:00+00:00,take_profit,2,7.321928571428317
2011-05-25 15:00:00+00:00,take_profit,1,2.844285714285661
2011-05-26 03:00:00+00:00,take_profit,2,8.361214285714595
2011-05-26 12:00:00+00:00,take_profit,6,198.08099999997103
2011-05-26 15:00:00+00:00,take_profit,1,4.269928571428409
2011-05-27 00:00:00+00:00,take_profit,2,12.745500000000447
2011-05-27 07:00:00+00:00,take_profit,1,2.093928571428478
2011-05-27 12:00:00+00:00,take_profit,1,2.312285714285508
2011-05-27 15:00:00+00:00,take_profit,1,3.1303571428570645
2011-05-29 22:00:00+00:00,take_profit,2,3.2944285714288526
2011-05-30 09:00:00+00:00,take_profit,3,9.482499999998481
2011-05-30 14:00:00+00:00,take_profit,2,4.009285714286079
2011-05-31 00:00:00+00:00,take_profit,2,3.5320714285714985
2011-05-31 07:00:00+00:00,take_profit,4,27.114642857142826
2011-05-31 13:00:00+00:00,take_profit,3,19.84549999999922
2011-06-01 11:00:00+00:00,take_profit,4,31.328571428566192
2011-06-01 14:00:00+00:00,take_profit,2,9.164142857142451
2011-06-02 09:00:00+00:00,take_profit,4,34.169999999996435
2011-06-02 17:00:00+00:00,take_profit,6,285.79499999998643
2011-06-03 08:00:00+00:00,take_profit,3,13.323499999997239
2011-06-03 12:00:00+00:00,take_profit,2,11.575928571428221
2011-06-03 16:00:00+00:00,take_profit,2,17.077285714286063
2011-06-05 22:00:00+00:00,take_profit,2,2.7479999999995925
2011-06-06 01:00:00+00:00,take_profit,2,3.1842857142862613
2011-06-06 04:00:00+00:00,take_profit,1,1.1973571428570722
2011-06-06 13:00:00+00:00,take_profit,4,37.51285714285291
2011-06-07 08:00:00+00:00,take_profit,3,12.750999999999522
2011-06-07 14:00:00+00:00,take_profit,4,39.57964285713706
2011-06-07 16:00:00+00:00,take_profit,1,3.1341428571427064
2011-06-07 19:00:00+00:00,take_profit,1,3.5078571428571195
2011-06-08 13:00:00+00:00,take_profit,5,105.32028571428145
2011-06-08 15:00:00+00:00,take_profit,1,3.8724999999999454
2011-06-09 12:00:00+00:00,take_profit,2,6.23442857142868
2011-06-09 15:00:00+00:00,take_profit,1,2.858142857142866
2011-06-13 00:00:00+00:00,take_profit,8,206.76857142857216
2011-06-13 12:00:00+00:00,take_profit,6,165.6224999999763
2011-06-13 14:00:00+00:00,take_profit,1,3.0707857142856487
2011-06-14 06:00:00+00:00,take_profit,3,21.679999999996653
2011-06-14 14:00:00+00:00,take_profit,3,24.4799999999982
2011-06-14 17:00:00+00:00,take_profit,1,4.146642857142751
2011-06-15 13:00:00+00:00,take_profit,5,109.59164285712768
2011-06-15 19:00:00+00:00,take_profit,3,39.38499999999908
2011-06-16 11:00:00+00:00,take_profit,3,13.70049999999901
2011-06-16 13:00:00+00:00,take_profit,1,2.925857142857012
2011-06-17 10:00:00+00:00,take_profit,3,14.100499999998647
2011-06-17 13:00:00+00:00,take_profit,1,2.8551428571427095
2011-06-17 15:00:00+00:00,take_profit,1,3.398857142856969
2011-06-17 19:00:00+00:00,take_profit,1,3.9932857142855487
2011-06-19 22:00:00+00:00,take_profit,2,2.726571428570878
2011-06-20 00:00:00+00:00,take_profit,1,0.9176428571427095
2011-06-20 06:00:00+00:00,take_profit,5,44.82378571427898
2011-06-20 13:00:00+00:00,take_profit,3,18.363499999996975
2011-06-20 17:00:00+00:00,take_profit,1,3.5825714285713275
2011-06-21 06:00:00+00:00,take_profit,1,1.7961428571427402
2011-06-21 13:00:00+00:00,take_profit,1,1.8679999999999382
2011-06-21 22:00:00+00:00,take_profit,2,7.298357142857412
2011-06-22 07:00:00+00:00,take_profit,1,1.2972857142856355
2011-06-22 12:00:00+00:00,take_profit,4,25.204285714281013
2011-06-22 14:00:00+00:00,take_profit,1,2.4653571428571013
2011-07-08 12:00:00+00:00,take_profit,8,743.6528571428375
2011-07-10 23:00:00+00:00,take_profit,2,1.6776428571431552
2011-07-11 02:00:00+00:00,take_profit,2,2.17821428571483
2011-07-11 04:00:00+00:00,take_profit,1,0.9987857142857594
2011-07-11 07:00:00+00:00,take_profit,2,4.18585714285723
2011-07-11 11:00:00+00:00,take_profit,2,6.61649999999986
2011-07-11 13:00:00+00:00,take_profit,1,2.788571428571231
2011-07-11 18:00:00+00:00,take_profit,1,4.296928571428452
2011-07-12 12:00:00+00:00,take_profit,5,120.9177142857002
2011-07-12 17:00:00+00:00,take_profit,1,4.915642857142757
2011-07-13 07:00:00+00:00,take_profit,1,2.9309999999998126
2011-07-13 09:00:00+00:00,take_profit,1,2.322428571428418
2011-07-13 11:00:00+00:00,take_profit,1,2.971142857142695
2011-07-13 14:00:00+00:00,take_profit,1,3.864571428571253
2011-07-13 23:00:00+00:00,take_profit,2,15.103714285714204
2011-07-14 06:00:00+00:00,take_profit,3,26.330000000000155
2011-07-14 08:00:00+00:00,take_profit,1,3.5718571428569703
2011-07-15 12:00:00+00:00,take_profit,5,100.10785714284725
2011-07-15 14:00:00+00:00,take_profit,1,3.610857142857185
2011-07-15 19:00:00+00:00,take_profit,1,3.924642857142772
2011-07-17 22:00:00+00:00,take_profit,2,2.8737857142857592
2011-07-18 03:00:00+00:00,take_profit,4,21.51857142856693
2011-07-18 08:00:00+00:00,take_profit,1,2.3662857142855955
2011-07-18 10:00:00+00:00,take_profit,1,2.669071428571442
2011-07-18 14:00:00+00:00,take_profit,2,9.730071428571136
2011-07-18 19:00:00+00:00,take_profit,1,3.6812142857143044
2011-07-19 04:00:00+00:00,take_profit,2,7.591714285713579
2011-07-19 07:00:00+00:00,take_profit,1,2.2575000000001637
2011-07-19 10:00:00+00:00,take_profit,2,7.67057142857152
2011-07-19 13:00:00+00:00,take_profit,2,10.214142857142406
2011-07-20 07:00:00+00:00,take_profit,4,39.8657142857121
2011-07-20 11:00:00+00:00,take_profit,2,8.59199999999987
2011-07-20 13:00:00+00:00,take_profit,1,3.6177142857141007
2011-07-20 15:00:00+00:00,take_profit,1,4.321928571428543
2011-07-20 17:00:00+00:00,take_profit,1,4.778357142856976
2011-07-20 21:00:00+00:00,take_profit,1,4.9129999999997835
2011-07-21 06:00:00+00:00,take_profit,1,2.6872142857141625
2011-07-21 11:00:00+00:00,take_profit,1,2.9832142857142117
2011-07-21 13:00:00+00:00,take_profit,1,3.495642857142684
2011-07-22 09:00:00+00:00,take_profit,4,36.19392857142384
2011-07-22 11:00:00+00:00,take_profit,1,2.725428571428438
2011-07-22 14:00:00+00:00,take_profit,1,3.414928571428618
2011-07-24 22:00:00+00:00,take_profit,3,19.292499999997744
2011-07-25 04:00:00+00:00,take_profit,3,25.519999999997708
2011-07-25 07:00:00+00:00,take_profit,1,3.9530714285713207
2011-07-26 17:00:00+00:00,take_profit,4,49.95107142856568
2011-07-26 22:00:00+00:00,take_profit,1,2.962714285714128
2011-07-27 00:00:00+00:00,take_profit,1,2.8920000000000528
2011-07-27 06:00:00+00:00,take_profit,1,2.130285714285492
2011-07-27 12:00:00+00:00,take_profit,3,18.87949999999978
2011-07-28 07:00:00+00:00,take_profit,4,35.915357142850326
2011-07-28 12:00:00+00:00,take_profit,2,8.365071428571127
2011-07-28 16:00:00+00:00,take_profit,3,31.675499999999374
2011-07-28 21:00:00+00:00,take_profit,1,4.593214285713884
2011-07-29 09:00:00+00:00,take_profit,3,16.097499999998718
2011-07-29 11:00:00+00:00,take_profit,1,2.394285714285843
2011-07-29 13:00:00+00:00,take_profit,1,3.6579285714285565
2011-07-31 21:00:00+00:00,take_profit,1,1.1330714285713839
2011-08-01 08:00:00+00:00,take_profit,2,10.191428571428787
2011-08-01 12:00:00+00:00,take_profit,1,2.9645000000000437
2011-08-01 14:00:00+00:00,take_profit,1,3.659571428571326
2011-08-02 05:00:00+00:00,take_profit,4,45.76821428571043
2011-08-02 07:00:00+00:00,take_profit,1,2.476428571428414
2011-08-02 10:00:00+00:00,take_profit,1,2.5002142857142644
2011-08-02 12:00:00+00:00,take_profit,1,3.214714285714308
2011-08-02 15:00:00+00:00,take_profit,1,3.7731428571428296
2011-08-02 19:00:00+00:00,take_profit,1,5.359642857142717
2011-08-03 05:00:00+00:00,take_profit,2,13.419214285714133
2011-08-03 13:00:00+00:00,take_profit,2,14.564357142857716
2011-08-04 03:00:00+00:00,take_profit,2,16.333500000000413
2011-08-04 11:00:00+00:00,take_profit,2,13.266000000000304
2011-08-04 13:00:00+00:00,take_profit,1,5.5916428571431425
2011-08-05 05:00:00+00:00,take_profit,5,246.8042857142807
2011-08-05 08:00:00+00:00,take_profit,1,6.304142857142551
2011-08-05 20:00:00+00:00,take_profit,3,65.7994999999969
2011-08-07 21:00:00+00:00,take_profit,1,2.2394999999999072
2011-08-08 00:00:00+00:00,take_profit,2,10.606285714285832
2011-08-08 03:00:00+00:00,take_profit,1,4.727285714285699
2011-08-08 05:00:00+00:00,take_profit,1,6.1180714285710565
2011-08-08 15:00:00+00:00,take_profit,3,57.15999999999826
2011-08-09 01:00:00+00:00,take_profit,1,8.821142857142831
2011-08-09 03:00:00+00:00,take_profit,1,9.14314285714272
2011-08-09 08:00:00+00:00,take_profit,3,72.97999999999706
2011-08-09 17:00:00+00:00,take_profit,4,234.9460714285697
2011-08-10 08:00:00+00:00,take_profit,2,40.9965000000002
2011-08-10 11:00:00+00:00,take_profit,1,10.680642857142857
2011-08-10 14:00:00+00:00,take_profit,1,9.498571428571267
2011-08-10 19:00:00+00:00,take_profit,2,39.83592857142844
2011-08-10 22:00:00+00:00,take_profit,1,12.580428571428456
2011-08-12 03:00:00+00:00,take_profit,6,682.1954999999889
2011-08-14 20:00:00+00:00,take_profit,4,87.6664285714287
2011-08-15 01:00:00+00:00,take_profit,4,54.61392857142823
2011-08-15 07:00:00+00:00,take_profit,3,34.503499999998894
2011-08-15 14:00:00+00:00,take_profit,2,18.121928571428043
2011-08-15 16:00:00+00:00,take_profit,1,6.5060714285716585
2011-08-15 22:00:00+00:00,take_profit,1,6.070214285714201
2011-08-16 07:00:00+00:00,take_profit,1,3.7704285714285106
2011-08-16 11:00:00+00:00,take_profit,2,12.889071428571015
2011-08-16 14:00:00+00:00,take_profit,2,16.60650000000055
2011-08-16 16:00:00+00:00,take_profit,1,6.493857142856996
2011-08-17 06:00:00+00:00,take_profit,1,2.9542142857142153
2011-08-17 08:00:00+00:00,take_profit,1,3.080428571428456
2011-08-17 13:00:00+00:00,take_profit,3,28.507999999997992
2011-08-17 17:00:00+00:00,take_profit,1,5.515928571428503
2011-08-18 02:00:00+00:00,take_profit,2,14.19878571428535
2011-08-18 06:00:00+00:00,take_profit,1,3.2984999999998763
2011-08-18 10:00:00+00:00,take_profit,1,3.7660714285711947
2011-08-18 13:00:00+00:00,take_profit,2,15.951428571428325
2011-08-18 18:00:00+00:00,take_profit,2,21.446571428571815
2011-08-19 00:00:00+00:00,take_profit,1,6.9277142857142735
2011-08-19 02:00:00+00:00,take_profit,1,6.543071428571238
2011-08-19 06:00:00+00:00,take_profit,1,5.854714285714181
2011-08-19 10:00:00+00:00,take_profit,1,7.717214285714135
2011-08-21 22:00:00+00:00,take_profit,3,11.830499999997073
2011-08-22 00:00:00+00:00,take_profit,1,3.066642857142824
2011-08-22 03:00:00+00:00,take_profit,2,13.535571428571757
2011-08-22 05:00:00+00:00,take_profit,1,5.380285714285719
2011-08-22 14:00:00+00:00,take_profit,4,157.6210714285687
2011-08-22 22:00:00+00:00,take_profit,1,10.292071428571262
2011-08-24 09:00:00+00:00,take_profit,8,1866.4360714285917
2011-08-26 07:00:00+00:00,take_profit,8,2378.712857142799
2011-08-26 14:00:00+00:00,take_profit,2,37.095214285714064
2011-08-26 17:00:00+00:00,take_profit,1,13.57835714285716
2011-08-26 19:00:00+00:00,take_profit,1,14.124428571428323
2011-08-28 22:00:00+00:00,take_profit,1,3.2227142857138915
2011-08-29 03:00:00+00:00,take_profit,4,65.28428571427958
2011-08-30 11:00:00+00:00,take_profit,5,210.67599999998495
2011-08-30 14:00:00+00:00,take_profit,2,27.0
2011-08-30 18:00:00+00:00,take_profit,1,10.797999999999774
2011-08-31 10:00:00+00:00,take_profit,3,36.47199999999816
2011-08-31 14:00:00+00:00,take_profit,3,56.93199999999774
2011-09-01 08:00:00+00:00,take_profit,4,69.80785714285184
2011-09-01 12:00:00+00:00,take_profit,1,5.812071428571244
2011-09-01 16:00:00+00:00,take_profit,2,20.8150714285714
2011-09-02 02:00:00+00:00,take_profit,2,14.821714285714506
2011-09-02 06:00:00+00:00,take_profit,1,3.6434999999999036
2011-09-02 09:00:00+00:00,take_profit,2,13.834928571428236
2011-09-02 11:00:00+00:00,take_profit,1,5.177999999999884
2011-09-02 19:00:00+00:00,take_profit,1,8.474642857142726
2011-09-04 22:00:00+00:00,take_profit,1,1.7367142857144702
2011-09-05 06:00:00+00:00,take_profit,5,121.73257142855665
2011-09-05 09:00:00+00:00,take_profit,1,6.077428571428754
2011-09-05 13:00:00+00:00,take_profit,1,7.789285714285825
2011-09-05 22:00:00+00:00,take_profit,1,5.227071428571435
2011-09-06 02:00:00+00:00,take_profit,1,3.917142857142835
2011-09-06 04:00:00+00:00,take_profit,1,3.6449285714281814
2011-09-09 05:00:00+00:00,take_profit,8,1845.3439285715122
2011-09-09 08:00:00+00:00,take_profit,1,7.108500000000049
2011-09-09 15:00:00+00:00,take_profit,4,217.77214285713967
2011-09-11 22:00:00+00:00,take_profit,1,3.085357142856992
2011-09-12 04:00:00+00:00,take_profit,4,79.91785714285493
2011-09-12 08:00:00+00:00,take_profit,3,67.41999999999825
2011-09-13 00:00:00+00:00,take_profit,4,134.66999999999393
2011-09-13 04:00:00+00:00,take_profit,1,7.392428571428582
2011-09-13 06:00:00+00:00,take_profit,1,6.428642857142678
2011-09-13 11:00:00+00:00,take_profit,2,27.331928571428307
2011-09-13 16:00:00+00:00,take_profit,2,31.936928571428098
2011-09-14 08:00:00+00:00,take_profit,3,47.45399999999654
2011-09-16 10:00:00+00:00,take_profit,8,2007.8153571428477
2011-09-16 14:00:00+00:00,take_profit,1,8.77707142857139
2011-09-16 16:00:00+00:00,take_profit,1,9.577428571428527
2011-09-18 22:00:00+00:00,take_profit,1,3.013499999999567
2011-09-19 02:00:00+00:00,take_profit,3,22.836499999997386
2011-09-19 06:00:00+00:00,take_profit,2,13.590857142856976
2011-09-20 07:00:00+00:00,take_profit,8,1774.27178571429
2011-09-20 14:00:00+00:00,take_profit,3,63.415999999999265
2011-09-21 03:00:00+00:00,take_profit,2,19.842428571428627
2011-09-21 07:00:00+00:00,take_profit,2,14.58385714285737
2011-09-21 09:00:00+00:00,take_profit,1,5.254285714285288
2011-09-21 15:00:00+00:00,take_profit,4,121.42178571427826
2011-11-03 12:00:00+00:00,take_profit,8,2051.1107142857672
2011-11-03 14:00:00+00:00,take_profit,1,9.833285714285694
2011-11-03 19:00:00+00:00,take_profit,1,9.499000000000024
2011-11-06 23:00:00+00:00,take_profit,3,14.5549999999987
2011-11-07 01:00:00+00:00,take_profit,1,2.3694285714284433
2011-11-07 04:00:00+00:00,take_profit,2,8.21807142857142
2011-11-07 11:00:00+00:00,take_profit,3,34.41049999999905
2011-11-07 14:00:00+00:00,take_profit,1,5.319571428571635
2011-11-07 17:00:00+00:00,take_profit,1,4.9687857142857865
2011-11-07 20:00:00+00:00,take_profit,1,5.530642857142766
2011-11-08 09:00:00+00:00,take_profit,4,54.751071428568366
2011-11-08 14:00:00+00:00,take_profit,3,31.3385000000003
2011-11-08 17:00:00+00:00,take_profit,1,5.606499999999869
2011-11-09 12:00:00+00:00,take_profit,4,76.99499999999694
2011-11-10 13:00:00+00:00,take_profit,6,455.1434999999772
2011-11-11 01:00:00+00:00,take_profit,2,25.874357142857207
2011-11-11 12:00:00+00:00,take_profit,2,16.393714285714395
2011-11-11 14:00:00+00:00,take_profit,1,5.681071428571386
2011-11-11 16:00:00+00:00,take_profit,1,5.407714285714064
2011-11-13 23:00:00+00:00,take_profit,1,2.132357142857245
2011-11-14 01:00:00+00:00,take_profit,1,2.00449999999978
2011-11-14 13:00:00+00:00,take_profit,7,611.2419285714204
2011-11-15 12:00:00+00:00,take_profit,5,161.32842857141054
2011-11-15 14:00:00+00:00,take_profit,1,6.261142857142659
2011-11-15 17:00:00+00:00,take_profit,2,22.585285714285646
2011-11-16 09:00:00+00:00,take_profit,3,35.724499999998216
2011-11-16 12:00:00+00:00,take_profit,1,6.046428571428578
2011-11-16 16:00:00+00:00,take_profit,3,53.52899999999954
2011-11-16 18:00:00+00:00,take_profit,1,7.956285714285515
2011-11-18 12:00:00+00:00,take_profit,8,1528.88892857149
2011-11-18 15:00:00+00:00,take_profit,2,20.711142857142022
2011-11-18 19:00:00+00:00,take_profit,2,23.97385714285724
2011-11-21 03:00:00+00:00,take_profit,2,14.716499999999769
2011-11-21 07:00:00+00:00,take_profit,2,11.284928571429191
2011-11-22 07:00:00+00:00,take_profit,7,879.6201428571046
2011-11-22 11:00:00+00:00,take_profit,1,5.904499999999871
2011-11-22 14:00:00+00:00,take_profit,2,19.729285714285652
2011-11-22 18:00:00+00:00,take_profit,1,6.578071428571321
2011-11-23 01:00:00+00:00,take_profit,1,5.758214285714075
2011-11-23 17:00:00+00:00,take_profit,6,459.0044999999511
2011-11-24 07:00:00+00:00,take_profit,1,3.942142857142699
2011-11-24 09:00:00+00:00,take_profit,1,3.3920714285713984
2011-11-25 14:00:00+00:00,take_profit,8,1437.3803571428243
2011-11-27 23:00:00+00:00,take_profit,3,41.75299999999629
2011-11-28 01:00:00+00:00,take_profit,1,6.294499999999971
2011-11-28 08:00:00+00:00,take_profit,1,4.978428571428594
2011-11-28 13:00:00+00:00,take_profit,2,16.312928571427847
2011-11-29 10:00:00+00:00,take_profit,3,28.6399999999976
2011-11-29 15:00:00+00:00,take_profit,2,13.940142857142291
2011-11-29 17:00:00+00:00,take_profit,1,5.197642857142682
2011-11-29 20:00:00+00:00,take_profit,1,5.494214285714179
2011-11-30 00:00:00+00:00,take_profit,1,5.023500000000013
2011-11-30 11:00:00+00:00,take_profit,5,186.6819999999991
2011-11-30 13:00:00+00:00,take_profit,1,8.072357142857072
2011-12-01 01:00:00+00:00,take_profit,1,6.575357142857001
2011-12-01 09:00:00+00:00,take_profit,2,11.645571428571657
2011-12-01 15:00:00+00:00,take_profit,2,14.585571428571713
2011-12-01 19:00:00+00:00,take_profit,2,19.087714285713673
2011-12-02 05:00:00+00:00,take_profit,2,13.404428571428298
2011-12-02 08:00:00+00:00,take_profit,1,3.2037142857141134
2011-12-02 12:00:00+00:00,take_profit,1,4.2710000000001855
2011-12-04 23:00:00+00:00,take_profit,2,12.798428571428076
2011-12-05 14:00:00+00:00,take_profit,5,156.06728571426652
2011-12-06 08:00:00+00:00,take_profit,6,297.2249999999824
2011-12-06 17:00:00+00:00,take_profit,4,99.65249999999287
2011-12-06 20:00:00+00:00,take_profit,1,6.868714285714077
2011-12-07 07:00:00+00:00,take_profit,1,3.168499999999995
2011-12-07 13:00:00+00:00,take_profit,3,29.324999999998454
2011-12-07 17:00:00+00:00,take_profit,2,16.978285714285448
2011-12-08 10:00:00+00:00,take_profit,2,7.521642857142069
2011-12-08 12:00:00+00:00,take_profit,1,3.0874285714287453
2011-12-09 10:00:00+00:00,take_profit,7,601.7713571428194
2012-01-25 18:00:00+00:00,take_profit,8,1975.739999999918
2012-01-26 07:00:00+00:00,take_profit,1,5.189357142857261
2012-01-26 09:00:00+00:00,take_profit,1,4.468499999999949
2012-01-26 13:00:00+00:00,take_profit,1,5.718571428571295
2012-01-27 09:00:00+00:00,take_profit,3,25.525999999998703
2012-01-27 14:00:00+00:00,take_profit,2,13.961571428571006
2012-01-27 19:00:00+00:00,take_profit,1,4.8084285714285215
2012-01-30 13:00:00+00:00,take_profit,8,987.5057142857569
2012-01-31 01:00:00+00:00,take_profit,1,4.208571428571304
2012-01-31 07:00:00+00:00,take_profit,1,2.8150714285714002
2012-01-31 13:00:00+00:00,take_profit,2,11.751642857143224
2012-01-31 20:00:00+00:00,take_profit,4,92.81357142856245
2012-02-01 08:00:00+00:00,take_profit,2,10.640571428571548
2012-02-01 12:00:00+00:00,take_profit,2,11.488499999999704
2012-02-01 15:00:00+00:00,take_profit,2,13.731428571428296
2012-02-02 00:00:00+00:00,take_profit,2,12.305999999999813
2012-02-02 08:00:00+00:00,take_profit,2,9.707999999999174
2012-02-02 15:00:00+00:00,take_profit,2,13.753500000000258
2012-02-02 20:00:00+00:00,take_profit,2,16.231500000000096
2012-02-03 08:00:00+00:00,take_profit,2,7.409357142856835
2012-02-03 13:00:00+00:00,take_profit,3,24.79199999999878
2012-02-03 15:00:00+00:00,take_profit,1,5.328142857142893
2012-02-06 03:00:00+00:00,take_profit,2,12.66342857142763
2012-02-06 16:00:00+00:00,take_profit,6,364.30199999998354
2012-02-07 06:00:00+00:00,take_profit,1,2.7870714285713802
2012-02-07 13:00:00+00:00,take_profit,6,271.9979999999794
2012-02-07 15:00:00+00:00,take_profit,1,5.466357142857078
2012-02-07 17:00:00+00:00,take_profit,1,6.196999999999889
2012-02-08 08:00:00+00:00,take_profit,1,3.098928571428587
2012-02-08 14:00:00+00:00,take_profit,2,13.204071428571297
2012-02-09 06:00:00+00:00,take_profit,3,26.355999999999312
2012-02-09 09:00:00+00:00,take_profit,2,11.058214285714257
2012-02-09 13:00:00+00:00,take_profit,2,13.627071428571298
2012-02-10 15:00:00+00:00,take_profit,8,1556.2285714286263
2012-02-12 23:00:00+00:00,take_profit,1,4.6275714285714
2012-02-13 02:00:00+00:00,take_profit,1,3.598428571428485
2012-02-13 07:00:00+00:00,take_profit,1,2.767357142857236
2012-02-14 10:00:00+00:00,take_profit,6,216.82349999998996
2012-02-14 14:00:00+00:00,take_profit,2,14.325857142857558
2012-02-15 01:00:00+00:00,take_profit,2,15.487928571429165
2012-02-15 07:00:00+00:00,take_profit,1,3.0461428571427405
2012-02-15 12:00:00+00:00,take_profit,2,9.306214285714304
2012-02-15 14:00:00+00:00,take_profit,1,3.7336428571427405
2012-02-15 20:00:00+00:00,take_profit,3,34.89699999999857
2012-02-16 15:00:00+00:00,take_profit,5,148.25528571428094
2012-02-16 20:00:00+00:00,take_profit,1,5.2934285714284215
2012-02-17 01:00:00+00:00,take_profit,1,4.747857142857129
2012-02-17 12:00:00+00:00,take_profit,2,7.206642857143606
2012-02-19 23:00:00+00:00,take_profit,5,76.33528571427837
2012-02-20 01:00:00+00:00,take_profit,1,2.1512857142859048
2012-02-20 12:00:00+00:00,take_profit,4,48.8528571428526
2012-02-21 01:00:00+00:00,take_profit,2,6.700714285714184
2012-02-21 05:00:00+00:00,take_profit,1,2.240714285714148
2012-02-21 13:00:00+00:00,take_profit,2,11.291785714285652
2012-02-21 15:00:00+00:00,take_profit,1,4.280785714285685
2012-02-21 20:00:00+00:00,take_profit,1,4.5564999999999145
2012-02-22 07:00:00+00:00,take_profit,2,7.159071428570542
2012-02-22 12:00:00+00:00,take_profit,2,7.260857142856594
2012-02-22 14:00:00+00:00,take_profit,1,2.8932857142858666
2012-02-22 18:00:00+00:00,take_profit,1,4.4025714285710364
2012-02-23 08:00:00+00:00,take_profit,2,9.007499999999709
2012-02-23 13:00:00+00:00,take_profit,2,9.54814285714292
2012-02-23 15:00:00+00:00,take_profit,1,4.37014285714281
2012-02-24 09:00:00+00:00,take_profit,3,19.38349999999855
2012-02-24 13:00:00+00:00,take_profit,2,10.136142857143113
2012-02-27 01:00:00+00:00,take_profit,3,14.064499999999045
2012-02-27 13:00:00+00:00,take_profit,6,226.86299999996186
2012-02-27 15:00:00+00:00,take_profit,1,4.138928571428778
2012-02-28 06:00:00+00:00,take_profit,2,8.51185714285748
2012-02-28 12:00:00+00:00,take_profit,1,2.5197142857143717
2012-02-28 15:00:00+00:00,take_profit,2,9.983142857143093
2012-02-29 04:00:00+00:00,take_profit,2,11.037214285714299
2012-02-29 10:00:00+00:00,take_profit,2,8.875285714285383
2012-09-07 14:00:00+00:00,take_profit,8,1683.4917857142775
2012-09-10 01:00:00+00:00,take_profit,1,2.177500000000009
2012-09-11 01:00:00+00:00,take_profit,7,342.10171428567674
2012-09-11 09:00:00+00:00,take_profit,2,7.020642857142548
2012-09-11 12:00:00+00:00,take_profit,1,2.5964285714285325
2012-09-12 00:00:00+00:00,take_profit,3,18.998999999998887
2012-09-12 06:00:00+00:00,take_profit,1,1.863071428571402
2012-09-12 08:00:00+00:00,take_profit,1,2.6304285714284106
2012-09-13 12:00:00+00:00,take_profit,6,133.1909999999748
2012-09-13 16:00:00+00:00,take_profit,1,4.606428571428523
2012-09-13 22:00:00+00:00,take_profit,2,21.397285714285317
2012-09-14 04:00:00+00:00,take_profit,1,6.892142857142744
2012-09-14 09:00:00+00:00,take_profit,3,24.40049999999769
2012-09-14 13:00:00+00:00,take_profit,3,31.42649999999867
2012-09-16 22:00:00+00:00,take_profit,2,5.352642857143337
2012-09-17 01:00:00+00:00,take_profit,1,1.513999999999669
2012-09-17 04:00:00+00:00,take_profit,2,4.595571428571702
2012-09-17 13:00:00+00:00,take_profit,4,40.604999999994334
2012-09-18 12:00:00+00:00,take_profit,5,118.84735714283806
2012-09-18 21:00:00+00:00,take_profit,2,14.82321428571413
2012-09-19 04:00:00+00:00,take_profit,2,11.411142857143432
2012-09-20 12:00:00+00:00,take_profit,7,447.51171428567454
2012-09-20 14:00:00+00:00,take_profit,1,4.384142857142706
2012-09-21 02:00:00+00:00,take_profit,1,3.676785714285643
2012-09-21 05:00:00+00:00,take_profit,1,2.391642857143097
2012-09-21 09:00:00+00:00,take_profit,1,2.48107142857134
2012-09-21 12:00:00+00:00,take_profit,1,3.400571428571311
2012-09-25 12:00:00+00:00,take_profit,8,873.0289285714434
2012-09-26 09:00:00+00:00,take_profit,4,32.21892857142734
2012-09-26 23:00:00+00:00,take_profit,6,363.05549999998834
2012-09-27 05:00:00+00:00,take_profit,1,2.8151428571425186
2012-09-27 12:00:00+00:00,take_profit,3,23.169499999997925
2012-09-27 14:00:00+00:00,take_profit,1,3.705785714285412
2012-09-27 16:00:00+00:00,take_profit,1,4.721928571428407
2012-09-28 04:00:00+00:00,take_profit,1,3.1475000000000364
2012-09-28 14:00:00+00:00,take_profit,5,114.6844999999912
2012-10-01 05:00:00+00:00,take_profit,5,40.59892857141608
2012-10-01 07:00:00+00:00,take_profit,1,1.9021428571429626
2012-10-01 12:00:00+00:00,take_profit,2,11.295642857142866
2012-10-02 12:00:00+00:00,take_profit,3,19.25449999999796
2012-10-02 14:00:00+00:00,take_profit,1,3.4707857142857392
2012-10-03 08:00:00+00:00,take_profit,3,12.765999999998712
2012-10-03 12:00:00+00:00,take_profit,2,8.155285714286265
2012-10-03 15:00:00+00:00,take_profit,2,9.820285714286456
2012-10-03 23:00:00+00:00,take_profit,2,9.400071428571891
2012-10-04 03:00:00+00:00,take_profit,1,2.33849999999984
2012-10-04 06:00:00+00:00,take_profit,1,2.2532142857141935
2012-10-04 09:00:00+00:00,take_profit,2,7.633071428571385
2012-10-04 12:00:00+00:00,take_profit,1,3.3288571428568043
2012-10-04 14:00:00+00:00,take_profit,1,3.944214285713997
2012-10-04 17:00:00+00:00,take_profit,1,4.372785714285328
2012-10-05 01:00:00+00:00,take_profit,1,3.900499999999966
2013-04-15 14:00:00+00:00,stop_out,8,-105417.7578571431
