time,type,side,n_layers,pnl,forced_by
2009-01-02 00:10:00+00:00,forced_reversal,short,8,-1060.6308571428592,long_signal
2009-01-02 08:55:00+00:00,forced_reversal,long,8,-1015.0182857142577,short_signal
2009-01-02 09:15:00+00:00,take_profit,short,1,0.9581428571428888,
2009-01-02 10:30:00+00:00,take_profit,short,1,0.9732857142857938,
2009-01-02 21:50:00+00:00,take_profit,short,1,1.129000000000019,
2009-01-04 19:10:00+00:00,take_profit,long,8,34.69821428575085,
2009-01-04 20:00:00+00:00,take_profit,long,1,0.2717857142856701,
2009-01-05 08:20:00+00:00,take_profit,short,1,1.0274999999999181,
2009-01-05 10:15:00+00:00,take_profit,short,1,1.0293571428571795,
2009-01-05 12:10:00+00:00,take_profit,short,1,1.4020714285713893,
2009-01-05 20:20:00+00:00,take_profit,short,1,0.8791428571429378,
2009-01-05 23:30:00+00:00,take_profit,short,1,1.0424285714285588,
2009-01-06 04:40:00+00:00,take_profit,short,1,0.6415000000001783,
2009-01-06 06:40:00+00:00,take_profit,short,1,1.1261428571430088,
2009-01-07 15:10:00+00:00,take_profit,short,5,70.50285714286622,
2009-01-07 23:20:00+00:00,take_profit,short,1,1.0093571428571977,
2009-01-08 02:00:00+00:00,take_profit,short,1,0.8832857142856483,
2009-01-08 07:40:00+00:00,take_profit,short,1,1.018000000000029,
2009-01-08 08:20:00+00:00,take_profit,short,2,3.9385714285712083,
2009-01-08 22:50:00+00:00,take_profit,short,1,0.33749999999997726,
2009-01-09 08:25:00+00:00,take_profit,short,1,0.7445714285715894,
2009-01-09 11:55:00+00:00,take_profit,long,1,1.2769285714285843,
2009-01-09 12:20:00+00:00,take_profit,long,2,3.953785714286027,
2009-01-09 13:30:00+00:00,take_profit,long,4,18.190714285714193,
2009-01-09 16:10:00+00:00,take_profit,long,3,12.9939999999998,
2009-01-11 22:45:00+00:00,take_profit,short,3,0.47199999999929787,
2009-01-12 01:15:00+00:00,take_profit,long,2,2.709000000000401,
2009-01-12 01:40:00+00:00,take_profit,long,2,2.7938571428571777,
2009-01-12 01:55:00+00:00,take_profit,long,1,0.9458571428572213,
2009-01-12 02:35:00+00:00,take_profit,long,1,0.8837857142857501,
2009-01-12 04:30:00+00:00,take_profit,long,7,117.03049999998451,
2009-01-12 05:40:00+00:00,take_profit,long,3,4.825000000000159,
2009-01-12 08:00:00+00:00,take_profit,short,1,0.8348571428571175,
2009-01-12 08:40:00+00:00,take_profit,short,1,0.9789285714285825,
2009-01-13 07:20:00+00:00,take_profit,short,4,13.241785714287062,
2009-01-13 10:20:00+00:00,take_profit,short,1,0.9368571428572068,
2009-01-14 13:55:00+00:00,take_profit,short,8,455.59392857142075,
2009-01-14 23:00:00+00:00,take_profit,short,1,0.5307857142857983,
2009-01-15 01:00:00+00:00,take_profit,short,1,1.2728571428571058,
2009-01-15 10:10:00+00:00,take_profit,short,1,1.1304999999999836,
2009-01-15 13:05:00+00:00,take_profit,long,1,1.4933571428570076,
2009-01-15 13:25:00+00:00,take_profit,long,2,5.1334285714291354,
2009-01-15 13:40:00+00:00,take_profit,long,1,2.074357142857025,
2009-01-16 00:05:00+00:00,take_profit,short,2,2.284071428571451,
2009-01-16 04:30:00+00:00,take_profit,short,1,0.6717857142857611,
2009-01-16 05:35:00+00:00,take_profit,long,1,0.6062142857143726,
2009-01-16 06:20:00+00:00,take_profit,long,2,2.1490714285718013,
2009-01-16 08:45:00+00:00,take_profit,long,7,121.20335714284978,
2009-01-16 09:40:00+00:00,take_profit,long,2,2.4711428571429224,
2009-01-17 00:35:00+00:00,forced_reversal,short,3,-132.58299999999974,long_signal
2009-01-18 19:10:00+00:00,take_profit,long,6,3.1454999999907614,
2009-01-18 21:00:00+00:00,take_profit,long,1,0.1859285714285761,
2009-01-18 21:20:00+00:00,take_profit,short,1,0.1905714285715021,
2009-01-19 02:00:00+00:00,take_profit,short,1,0.551357142857114,
2009-01-19 07:45:00+00:00,take_profit,short,1,0.8092142857143473,
2009-01-19 11:10:00+00:00,take_profit,short,3,4.6185000000006085,
2009-01-19 11:35:00+00:00,take_profit,short,1,0.7122857142857129,
2009-01-19 19:25:00+00:00,take_profit,short,1,1.092285714285822,
2009-01-20 03:50:00+00:00,forced_reversal,short,1,-0.6430000000000291,long_signal
2009-01-20 05:55:00+00:00,take_profit,long,8,199.8289285715058,
2009-01-20 07:40:00+00:00,take_profit,short,1,0.8878571428573423,
2009-01-21 14:25:00+00:00,forced_reversal,short,6,-1556.3872857142755,long_signal
2009-01-21 16:05:00+00:00,take_profit,long,6,145.96649999998772,
2009-01-21 16:20:00+00:00,take_profit,long,1,2.256571428571533,
2009-01-21 17:15:00+00:00,take_profit,long,2,3.7270714285714353,
2009-01-21 18:00:00+00:00,take_profit,long,4,21.56464285714162,
2009-01-21 20:45:00+00:00,take_profit,long,1,0.6682142857142708,
2009-01-21 21:55:00+00:00,take_profit,short,2,1.837928571428506,
2009-01-21 23:10:00+00:00,take_profit,short,2,1.3484999999999445,
2009-01-22 02:15:00+00:00,take_profit,short,1,0.7125714285714366,
2009-01-22 08:55:00+00:00,take_profit,short,1,1.2394999999999072,
2009-01-22 22:25:00+00:00,take_profit,short,1,0.5257857142856892,
2009-01-23 00:10:00+00:00,take_profit,short,2,2.1079285714282605,
2009-01-23 07:35:00+00:00,take_profit,short,2,2.1514285714288235,
2009-01-23 08:50:00+00:00,take_profit,long,1,1.0153571428570558,
2009-01-23 09:20:00+00:00,take_profit,long,1,0.9759285714285397,
2009-01-23 09:40:00+00:00,take_profit,long,1,1.1082142857143253,
2009-01-23 10:00:00+00:00,take_profit,long,1,1.6422857142857765,
2009-01-25 18:10:00+00:00,take_profit,short,2,-0.00707142857152121,
2009-01-25 22:55:00+00:00,take_profit,short,8,6.302142857150898,
2009-01-26 04:50:00+00:00,take_profit,long,3,4.633999999999787,
2009-01-27 05:25:00+00:00,forced_reversal,short,8,-2530.991857142808,long_signal
2009-01-27 08:45:00+00:00,forced_reversal,long,7,-898.6454285714085,short_signal
2009-01-27 11:45:00+00:00,take_profit,short,1,0.8902142857142508,
2009-01-27 18:55:00+00:00,take_profit,short,1,0.8407142857142844,
2009-01-28 03:20:00+00:00,take_profit,short,1,0.9825714285714184,
2009-01-28 06:20:00+00:00,take_profit,short,2,2.109428571428566,
2009-01-28 23:35:00+00:00,take_profit,short,2,2.883428571427771,
2009-01-29 00:25:00+00:00,take_profit,short,1,1.3945714285713393,
2009-01-29 07:35:00+00:00,take_profit,long,1,0.9222142857142899,
2009-01-29 09:25:00+00:00,take_profit,long,7,128.09764285714368,
2009-01-29 20:00:00+00:00,stop_out,both,8,-5791.673999999959,
