grid_atr_mult,tp_atr_mult,peak_equity,final_equity,max_drawdown,ruined,ruin_time,max_layers_long,max_layers_short,n_take_profit,n_stop_out
2,2,11006.53957142861,-0.02671428566075207,-1.00000242712848,True,2009-01-26 22:15:00+00:00,7,8,49,5
2,4,11647.003428571465,-710.3628571428035,-1.060991040442231,True,2009-01-23 10:05:00+00:00,7,8,31,1
2,6,12754.932285714318,-21.432999999942098,-1.001680369563698,True,2009-01-26 09:55:00+00:00,8,8,17,2
2,8,11464.018142857152,-84.03828571429221,-1.0073306134609228,True,2009-01-14 15:20:00+00:00,8,8,7,1
2,12,11463.978142857151,-21.662285714312276,-1.0018895958666678,True,2009-01-16 19:35:00+00:00,8,8,7,4
2,16,11468.453285714295,-0.14314285713226138,-1.0000124814439721,True,2009-01-17 00:40:00+00:00,8,8,5,5
2,24,11471.026428571437,-276.18728571426436,-1.0240769461594432,True,2009-01-12 13:20:00+00:00,8,5,3,1
2,32,12639.117285714343,-52.44242857133577,-1.0041492160714902,True,2009-02-24 23:30:00+00:00,8,8,11,2
4,2,11305.334285714307,-13.950999999796437,-1.0012340192379297,True,2009-01-29 07:10:00+00:00,4,8,57,2
4,4,13397.720571428597,-7.094571428272243,-1.0005295357064994,True,2009-02-05 16:25:00+00:00,8,8,48,4
4,6,13143.181428571432,-213.60442857140697,-1.016252109866418,True,2009-01-23 11:05:00+00:00,7,8,15,1
4,8,10403.637571428566,-7.676571428607787,-1.0007378737846164,True,2009-01-16 11:40:00+00:00,8,5,10,2
4,12,10421.443857142845,-20.429428571459994,-1.0019603261171395,True,2009-01-16 14:05:00+00:00,8,5,7,2
4,16,10315.029857142845,-1.7010000000402101,-1.0001649050001404,True,2009-01-16 16:25:00+00:00,8,5,5,2
4,24,10565.557999999997,-3.5364285714640857,-1.000334712901246,True,2009-01-16 19:35:00+00:00,8,4,4,2
4,32,10183.046714285705,-109.74485714290111,-1.0107772123827088,True,2009-01-16 19:40:00+00:00,8,5,3,2
6,2,10553.154571428606,-0.18499999973289505,-1.000017530303236,True,2009-01-30 08:45:00+00:00,5,8,56,3
6,4,11077.47028571431,-0.13899999972457522,-1.0000125479912054,True,2009-01-29 22:20:00+00:00,5,8,39,8
6,6,12369.733714285774,-8.193142856755387,-1.0006623540203854,True,2009-02-03 04:05:00+00:00,8,8,22,3
6,8,16682.18814285713,-84.23042857135334,-1.0050491235232484,True,2009-02-03 04:05:00+00:00,8,8,16,2
6,12,18888.53857142842,-0.1047142857164971,-1.0000055438002957,True,2009-02-02 16:00:00+00:00,8,8,13,5
6,16,12055.581142857136,-591.1188571428502,-1.0490327965228856,True,2009-01-23 16:45:00+00:00,8,8,6,1
6,24,14356.43514285703,-555.2122857141931,-1.038673408836485,True,2009-01-23 16:50:00+00:00,8,8,5,1
6,32,16627.858142857174,-281.0129999999699,-1.0169001321508557,True,2009-02-11 15:25:00+00:00,8,8,7,1
8,2,10671.496000000228,-302.6852857140402,-1.028363903778255,True,2009-01-30 08:30:00+00:00,4,8,50,1
8,4,11283.21800000023,-399.18942857120055,-1.0353790406753811,True,2009-01-30 08:35:00+00:00,4,8,36,1
8,6,10915.249857142875,-62.263428571239274,-1.0057042604966568,True,2009-01-26 10:35:00+00:00,4,8,17,1
8,8,13451.350142857158,-151.29671428551228,-1.0112476972704374,True,2009-01-30 08:30:00+00:00,8,8,15,1
8,12,14634.49714285722,-0.02128571404285573,-1.0000014544889269,True,2009-02-05 11:55:00+00:00,8,8,16,9
8,16,14681.769142857225,-174.8154285713099,-1.0119069729860424,True,2009-01-26 14:40:00+00:00,8,8,8,1
8,24,14364.17628571431,-490.37499999994,-1.0341387483866817,True,2009-01-26 14:40:00+00:00,8,8,6,1
8,32,14533.046285714288,-263.30414285709776,-1.0181176153767515,True,2009-01-26 14:40:00+00:00,8,8,6,1
12,2,16773.373142857316,-0.055285714810679565,-1.0000032960403575,True,2009-12-28 16:05:00+00:00,8,8,781,10
12,4,10440.391142857457,-644.787428571095,-1.061758934100109,True,2009-01-30 08:30:00+00:00,3,8,32,1
12,6,10874.516857143153,-205.00542857111395,-1.018851911424134,True,2009-01-30 08:30:00+00:00,5,8,18,1
12,8,10836.677428571731,-202.94885714253542,-1.0187279596057224,True,2009-01-30 08:30:00+00:00,5,8,15,1
12,12,10762.350142857124,-235.4190000000217,-1.021874311546746,True,2009-01-24 00:25:00+00:00,5,8,9,1
12,16,10406.571571428562,-190.89099999990867,-1.018343313039234,True,2009-01-26 10:15:00+00:00,5,8,6,1
12,24,10582.922285714274,-21.38985714276896,-1.0020211673642963,True,2009-01-26 10:15:00+00:00,5,8,6,1
12,32,10582.163285714283,-25.005285714187266,-1.0023629654012185,True,2009-01-26 10:15:00+00:00,5,8,6,1
16,2,14009.323571428666,-0.44700000018803365,-1.0000319073221422,True,2009-11-27 07:45:00+00:00,8,8,634,3
16,4,18015.89257142862,-0.04700000004368121,-1.0000026088077432,True,2009-12-01 20:15:00+00:00,8,8,326,10
16,6,25341.227285714234,-85.57857142896319,-1.0033770492038168,True,2009-12-02 03:20:00+00:00,8,8,223,1
16,8,29786.94642857195,-0.020999999612911324,-1.0000007050067943,True,2009-11-16 08:25:00+00:00,8,8,143,10
16,12,10518.535285714283,-6.550285714077592,-1.0006227374378802,True,2009-02-03 04:05:00+00:00,5,8,15,3
16,16,11935.364857143184,-5.403714285382913,-1.0004527481438616,True,2009-02-01 18:00:00+00:00,5,8,8,2
16,24,12046.782142857468,-0.08771428536533676,-1.0000072811381766,True,2009-02-21 00:25:00+00:00,5,8,12,8
16,32,11968.705000000336,-21.658999999663138,-1.001809636046645,True,2009-01-30 08:35:00+00:00,5,8,6,1
24,2,12871.981714285852,-13.19971428616418,-1.0010254609258429,True,2009-12-06 23:05:00+00:00,8,8,575,2
24,4,16226.78385714292,-0.08471428626725697,-1.0000052206455088,True,2009-12-03 06:05:00+00:00,8,8,282,3
24,6,15949.970714285872,-37.588857143271014,-1.0023566724865272,True,2009-12-07 00:10:00+00:00,8,8,198,2
24,8,18570.308714285628,-23.29814285777684,-1.001254591036489,True,2009-11-25 11:35:00+00:00,8,8,139,1
24,12,18880.295285714303,-0.10200000061750458,-1.0000054024579104,True,2009-12-09 10:05:00+00:00,8,8,112,7
24,16,13895.758000000447,-1.039571428118272,-1.0000748121425342,True,2009-03-06 08:55:00+00:00,5,8,24,4
24,24,14165.384714286152,-575.2495714281031,-1.0406095268876072,True,2009-02-11 14:45:00+00:00,4,8,7,1
24,32,14538.328142857592,-207.22871428523467,-1.0142539576936873,True,2009-02-11 14:45:00+00:00,4,8,6,1
32,2,12307.106714285841,-36.40142857165773,-1.0029577567999313,True,2009-12-06 23:05:00+00:00,8,8,501,2
32,4,13650.484142857269,-6.521714286326109,-1.0004777643208895,True,2009-12-13 19:00:00+00:00,8,8,263,3
32,6,15268.36957142871,-3.157714286276885,-1.0002068141114546,True,2009-12-04 15:40:00+00:00,8,8,183,3
32,8,15892.655000000077,-0.034285714856558513,-1.000002157330846,True,2009-12-04 02:35:00+00:00,8,8,140,6
32,12,17393.69671428567,-0.14928571509317123,-1.0000085827479657,True,2009-12-04 21:55:00+00:00,7,8,107,7
32,16,19498.386285714332,-4.739428572186682,-1.0002430677340544,True,2009-12-09 18:00:00+00:00,8,8,90,2
32,24,21603.66671428613,-58.96442857218426,-1.0027293713308951,True,2009-12-02 02:00:00+00:00,8,8,70,1
32,32,16354.62014285773,-148.4144285708444,-1.009074770754346,True,2009-02-17 04:45:00+00:00,3,8,6,1
