频率,定义,k,h,n内,n外,R内,R外,R近3年,当前成本,t,逐年>0,中位,胜率,截尾内,截尾外,前10%占总,阳/阴(fade),美元内/外,历史成本R,判定
5MIN,B 实体,0.5,1,168,67,0.201,-0.659,-0.652,0.039,-0.24,0.33,0.068,0.52,0.242,-0.546,-81.71,-0.059/-0.030,+28/-101,-0.146,❌
5MIN,B 实体,0.5,2,168,67,0.046,-1.234,-1.249,0.039,-1.32,0.44,0.095,0.51,0.087,-0.915,-1.85,-0.464/-0.185,+16/-55,-0.422,❌
5MIN,B 实体,0.5,4,168,67,-0.069,-1.378,-0.769,0.039,-1.53,0.39,0.179,0.53,-0.074,-0.829,-1.54,-0.453/-0.432,+11/-127,-0.545,❌
5MIN,B 实体,0.5,8,168,67,-0.298,-1.308,-0.841,0.039,-1.63,0.44,0.097,0.51,-0.523,-0.212,-1.52,-0.894/-0.300,-4/+65,-0.688,❌
5MIN,B 实体,0.35,1,574,211,-0.067,-0.286,-0.111,0.039,-1.54,0.39,0.071,0.53,0.054,-0.307,-3.78,-0.273/-0.004,-109/-191,-0.233,❌
5MIN,B 实体,0.35,2,574,211,-0.182,-0.529,-0.256,0.039,-2.56,0.33,0.127,0.53,-0.056,-0.449,-1.82,-0.482/-0.103,-207/-290,-0.382,❌
5MIN,B 实体,0.35,4,574,211,-0.315,-0.383,0.095,0.039,-2.55,0.39,0.09,0.52,-0.182,-0.299,-1.83,-0.380/-0.294,-284/-213,-0.44,❌
5MIN,B 实体,0.35,8,574,211,-0.39,-0.242,0.174,0.039,-2.1,0.39,0.227,0.53,-0.309,0.015,-2.33,-0.588/-0.152,-265/+133,-0.458,❌
5MIN,R 振幅,0.5,1,396,197,-0.056,-0.358,-0.207,0.039,-1.61,0.39,0.0,0.5,-0.007,-0.291,-3.11,-0.207/-0.110,-100/-237,-0.264,❌
5MIN,R 振幅,0.5,2,396,197,-0.137,-0.801,-0.508,0.039,-2.79,0.22,-0.005,0.5,-0.222,-0.508,-1.53,-0.482/-0.243,-140/-393,-0.465,❌
5MIN,R 振幅,0.5,4,396,197,-0.275,-0.696,-0.161,0.039,-2.64,0.33,-0.041,0.49,-0.319,-0.483,-1.61,-0.348/-0.477,-176/-398,-0.523,❌
5MIN,R 振幅,0.5,8,396,197,-0.423,-0.575,-0.008,0.039,-2.34,0.39,-0.043,0.49,-0.496,-0.148,-1.82,-0.460/-0.487,-153/-245,-0.581,❌
5MIN,R 振幅,0.35,1,1186,538,-0.093,-0.052,-0.004,0.039,-1.58,0.39,0.105,0.53,-0.014,-0.043,-7.82,-0.221/+0.032,-357/+28,-0.19,❌
5MIN,R 振幅,0.35,2,1186,538,-0.194,-0.306,-0.091,0.039,-3.47,0.33,0.093,0.52,-0.101,-0.237,-2.16,-0.463/-0.039,-482/-2,-0.338,↗ 延续（fade 显著为负）
5MIN,R 振幅,0.35,4,1186,538,-0.294,-0.261,0.108,0.039,-3.51,0.28,0.032,0.51,-0.217,-0.184,-2.15,-0.393/-0.196,-644/+238,-0.393,↗ 延续（fade 显著为负）
5MIN,R 振幅,0.35,8,1186,538,-0.32,-0.228,0.111,0.039,-2.84,0.28,0.035,0.5,-0.293,-0.041,-2.77,-0.510/-0.114,-702/-10,-0.401,❌
