频率,形态,h,段,趋势−区间,t差,n趋势,n区间
5MIN,A H2/L2,12,内,-0.032,-0.3,1922,975
5MIN,A H2/L2,12,外,-0.057,-0.5,1064,882
5MIN,A H2/L2,24,内,0.019,0.13,1922,975
5MIN,A H2/L2,24,外,-0.01,-0.06,1064,882
5MIN,B 三推楔形反转,12,内,0.054,0.4,1025,625
5MIN,B 三推楔形反转,12,外,0.0,0.0,661,700
5MIN,B 三推楔形反转,24,内,-0.133,-0.65,1025,625
5MIN,B 三推楔形反转,24,外,-0.249,-1.25,661,700
5MIN,C 旗形突破,12,外,0.664,0.75,151,11
5MIN,C 旗形突破,24,外,0.328,0.25,151,11
5MIN,D 无旗杆区间突破,12,内,-0.047,-0.15,456,1287
5MIN,D 无旗杆区间突破,12,外,0.178,1.11,281,1095
5MIN,D 无旗杆区间突破,24,内,-0.175,-0.63,456,1287
5MIN,D 无旗杆区间突破,24,外,0.187,0.86,281,1095
15MIN,A H2/L2,12,内,0.15,0.84,878,399
15MIN,A H2/L2,12,外,0.213,1.19,486,355
15MIN,A H2/L2,24,内,0.044,0.18,878,399
15MIN,A H2/L2,24,外,0.549,2.05,486,355
15MIN,B 三推楔形反转,12,内,-0.188,-0.7,461,274
15MIN,B 三推楔形反转,12,外,0.024,0.1,272,258
15MIN,B 三推楔形反转,24,内,-0.318,-0.88,461,274
15MIN,B 三推楔形反转,24,外,-0.311,-0.91,272,258
15MIN,D 无旗杆区间突破,12,内,-0.299,-1.18,296,526
15MIN,D 无旗杆区间突破,12,外,0.024,0.12,175,380
15MIN,D 无旗杆区间突破,24,内,-0.498,-1.71,296,526
15MIN,D 无旗杆区间突破,24,外,0.306,1.09,175,380
30MIN,A H2/L2,12,内,-0.185,-0.78,525,208
30MIN,A H2/L2,12,外,0.032,0.13,321,178
30MIN,A H2/L2,24,内,-0.183,-0.53,525,208
30MIN,A H2/L2,24,外,-0.412,-1.2,321,178
30MIN,B 三推楔形反转,12,内,0.339,1.18,258,145
30MIN,B 三推楔形反转,12,外,-0.234,-0.72,150,121
30MIN,B 三推楔形反转,24,内,0.396,1.03,258,145
30MIN,B 三推楔形反转,24,外,-0.445,-1.06,150,121
30MIN,D 无旗杆区间突破,12,内,-0.784,-2.73,173,226
30MIN,D 无旗杆区间突破,12,外,-0.64,-2.13,74,196
30MIN,D 无旗杆区间突破,24,内,-1.485,-3.37,173,226
30MIN,D 无旗杆区间突破,24,外,-0.98,-1.72,74,196
1H,A H2/L2,12,内,0.276,1.03,295,119
1H,A H2/L2,12,外,-0.593,-1.79,161,96
1H,A H2/L2,24,内,0.253,0.66,295,119
1H,A H2/L2,24,外,-0.839,-1.87,161,96
1H,B 三推楔形反转,12,内,-0.242,-0.55,168,61
1H,B 三推楔形反转,12,外,0.251,0.53,88,50
1H,B 三推楔形反转,24,内,-0.305,-0.56,168,61
1H,B 三推楔形反转,24,外,0.304,0.51,88,50
1H,D 无旗杆区间突破,12,内,-1.392,-2.1,50,78
1H,D 无旗杆区间突破,12,外,0.539,0.88,21,63
1H,D 无旗杆区间突破,24,内,-1.137,-1.24,50,78
1H,D 无旗杆区间突破,24,外,-0.66,-0.84,21,63
