方案,选中,夏普内,夏普外,毛利/笔ATR5 内,外,成本/笔ATR5,次数内,次数外,美元净利内,美元净利外,去漂移外
基础=TSMomentumVolScaled · T0 立即入场,,0.81,0.39,0.6285,0.367,0.0397,1607,913,416.0,1118.0,1083.0
基础=TrendEfficiencyVolume · T0 立即入场,,0.76,0.87,0.3662,0.5157,0.0394,2288,1288,79.0,1493.0,1478.0
基础=VWAPDeviation · T0 立即入场,,0.78,0.91,0.4887,0.6104,0.0396,1870,1113,249.0,1153.0,1142.0
基础=MTFTrendResonance · T0 立即入场,,0.78,0.05,0.5825,0.1102,0.0398,1673,1012,250.0,406.0,310.0
基础=等权组合 · T0 立即入场,,0.82,0.57,0.5618,0.4664,0.0402,1836,1054,332.0,703.0,679.0
基础=等权组合 · T1 等待 k=0.5 W=6,,0.82,0.68,0.5748,0.5269,0.0402,1830,1054,368.0,1024.0,1001.0
基础=等权组合 · T1 等待 k=0.5 W=12,,0.79,0.79,0.5753,0.5927,0.0401,1813,1047,387.0,1253.0,1230.0
基础=等权组合 · T1 等待 k=1.0 W=6,,0.82,0.68,0.5786,0.5231,0.0402,1830,1054,367.0,1012.0,989.0
基础=等权组合 · T1 等待 k=1.0 W=12,,0.82,0.81,0.6072,0.5925,0.0401,1812,1047,416.0,1203.0,1180.0
基础=等权组合 · T2 过滤 k=1.0 W=12,★,1.03,0.27,2.0889,0.6003,0.0406,245,146,274.0,283.0,292.0
