规则,夏普内,夏普外,美元内,美元外,笔数外,胜率外,均盈/均亏外,最大单笔亏外,回撤外$,偏度外,选中
E0 信号出场,0.51,1.04,123,2018,1162,0.45,+18.0/-11.6,-222.2,-402,1.06,
E1 信号+移动止损 k=2,0.27,0.59,-283,282,1162,0.4,+10.3/-6.3,-142.6,-438,2.15,
E1 信号+移动止损 k=3,0.53,0.91,21,847,1162,0.41,+14.2/-8.7,-108.0,-561,1.87,
E1 信号+移动止损 k=4,0.72,1.02,411,1842,1162,0.43,+18.0/-10.6,-102.6,-523,1.58,
E2 信号+固定止损 k=1.5,0.33,0.94,-196,1257,1162,0.33,+19.0/-7.5,-116.0,-532,2.61,
E2 信号+固定止损 k=2.5,0.66,1.13,343,1613,1162,0.42,+17.9/-10.2,-108.6,-624,1.81,
E3 只用移动止损 k=3,0.55,0.91,34,874,1155,0.42,+14.5/-8.9,-108.0,-588,1.83,
E3 只用移动止损 k=4,0.88,0.85,620,1654,1144,0.44,+18.2/-11.4,-102.6,-508,1.43,★
E4 信号+固定止盈 k=3,0.17,0.84,-331,1251,1162,0.51,+13.8/-12.1,-222.2,-286,-0.66,
E4 信号+固定止盈 k=5,0.4,0.87,-25,1280,1162,0.47,+16.0/-11.7,-222.2,-402,0.02,
