规则,夏普内,夏普外,美元内,美元外,点差外,过夜费外,开平次数外,在场外,回撤外$,选中
strict exit=0.3,0.62,0.59,696,1140,152,8,760,0.341,-619,★
strict exit=0.0,0.59,0.57,642,1145,152,8,759,0.344,-619,
strict exit=0.6,0.62,0.56,680,1091,152,8,761,0.337,-619,
state exit=0.3,0.41,0.48,456,1266,217,18,1084,0.534,-571,
state exit=0.0,0.31,0.45,267,1290,238,20,1192,0.606,-638,
state exit=0.6,0.52,0.49,653,1272,197,13,983,0.465,-543,
overnight exit=0.3,0.22,0.39,-575,678,21,665,107,0.583,-874,
overnight exit=0.0,0.12,0.4,-810,816,18,750,88,0.662,-858,
overnight exit=0.6,0.31,0.4,-313,795,26,581,130,0.508,-743,
state exit=0.3 + 移动止损 2×日ATR,0.56,0.75,708,1742,190,17,949,0.463,-428,
state exit=0.3 + 移动止损 3×日ATR,0.43,0.55,468,1382,216,18,1079,0.532,-571,
