结构,版本,轮次,触发率,R/轮内,R/轮外,R/轮近3年,t(全),逐年>0,当前成本ATR,美元内/外,多/空美元(外)
L 锁仓后砍亏损腿 k=1,单边等价,8116,1.0,0.0124,-0.0645,-0.0132,-0.46,0.33,0.022,+189/-503,-318/-185
L 锁仓后砍亏损腿 k=1,锁仓,8116,1.0,-0.1435,-0.1463,-0.0707,-3.22,0.11,0.043,-740/-1200,-318/-185
L 锁仓后砍亏损腿 k=2,单边等价,8116,0.92,0.0119,-0.0372,-0.0342,-0.22,0.39,0.022,-111/+114,+236/-122
L 锁仓后砍亏损腿 k=2,锁仓,8116,0.92,-0.1545,-0.1263,-0.0975,-3.49,0.17,0.043,-1102/-655,+236/-122
L 锁仓后砍亏损腿 k=3,单边等价,8116,0.71,-0.0259,-0.0751,-0.1112,-1.3,0.44,0.022,-244/-434,+107/-541
L 锁仓后砍亏损腿 k=3,锁仓,8116,0.71,-0.2223,-0.1813,-0.1869,-5.68,0.17,0.043,-1414/-1352,+107/-541
T 两头吃波动 k=1,单边等价,8116,1.0,-0.4187,-0.1824,-0.1869,-9.02,0.11,0.022,-2569/-1315,-648/-667
T 两头吃波动 k=1,锁仓,8116,1.0,-0.5746,-0.2642,-0.2444,-12.53,0.06,0.043,-3498/-2012,-648/-667
T 两头吃波动 k=2,单边等价,8116,0.92,-0.3365,-0.1769,-0.1573,-7.3,0.06,0.022,-1925/-1811,-690/-1121
T 两头吃波动 k=2,锁仓,8116,0.92,-0.5029,-0.266,-0.2205,-10.93,0.06,0.043,-2917/-2580,-690/-1121
T 两头吃波动 k=3,单边等价,8116,0.71,-0.2136,-0.0982,-0.0788,-4.85,0.06,0.022,-1208/-930,-153/-776
T 两头吃波动 k=3,锁仓,8116,0.71,-0.41,-0.2044,-0.1544,-9.5,0.06,0.043,-2377/-1848,-153/-776
