频率,窗口,段,n,每笔ATR,t,当前成本ATR,扣成本每笔ATR,美元,多/空美元,多/空ATR,逐年>0
15MIN,结算 12:30~13:30（主）,内,2767,0.0272,0.98,0.0217,0.0055,-347,-81/-267,+0.063/-0.012,0.82
15MIN,结算 12:30~13:30（主）,外,1720,0.0028,0.12,0.0217,-0.0189,-245,-363/+118,-0.026/+0.039,0.43
15MIN,结算 12:30~13:30（主）,近3年,769,0.0076,0.2,0.0217,-0.0141,-86,-248/+162,-0.032/+0.061,0.5
15MIN,对照 10:30~11:30,内,2816,0.0583,1.6,0.0217,0.0366,-190,-70/-120,+0.082/+0.033,0.82
15MIN,对照 10:30~11:30,外,1737,0.0084,0.21,0.0217,-0.0133,-167,+120/-287,+0.023/-0.010,0.71
15MIN,对照 10:30~11:30,近3年,772,0.0596,0.93,0.0217,0.0379,111,+211/-100,+0.062/+0.057,1.0
15MIN,对照 14:30~15:30,内,2672,0.0597,2.64,0.0217,0.038,-143,-153/+10,+0.027/+0.096,0.73
15MIN,对照 14:30~15:30,外,1684,-0.0181,-0.64,0.0217,-0.0398,-260,-118/-142,-0.032/-0.001,0.43
15MIN,对照 14:30~15:30,近3年,748,0.0122,0.28,0.0217,-0.0095,56,-12/+68,-0.021/+0.059,0.75
30MIN,结算 12:30~13:30（主）,内,2784,0.0224,1.05,0.0151,0.0073,-351,-97/-254,+0.046/-0.003,0.82
30MIN,结算 12:30~13:30（主）,外,1720,0.0049,0.27,0.0151,-0.0102,-245,-363/+118,-0.015/+0.029,0.43
30MIN,结算 12:30~13:30（主）,近3年,769,0.0102,0.36,0.0151,-0.0049,-86,-248/+162,-0.016/+0.046,0.5
30MIN,对照 10:30~11:30,内,2835,0.0473,1.7,0.0151,0.0321,-171,-65/-106,+0.065/+0.029,0.82
30MIN,对照 10:30~11:30,外,1737,0.0091,0.29,0.0151,-0.0061,-167,+120/-287,+0.020/-0.006,0.71
30MIN,对照 10:30~11:30,近3年,772,0.0451,0.95,0.0151,0.03,111,+211/-100,+0.049/+0.040,1.0
30MIN,对照 14:30~15:30,内,2753,0.0442,2.63,0.0151,0.0291,-152,-157/+5,+0.021/+0.071,0.82
30MIN,对照 14:30~15:30,外,1684,-0.0128,-0.6,0.0151,-0.028,-260,-118/-142,-0.021/-0.002,0.43
30MIN,对照 14:30~15:30,近3年,748,0.0119,0.36,0.0151,-0.0032,56,-12/+68,-0.012/+0.045,0.75
