频率,成本,形态,h,段,n,收益ATR,t
5MIN,0.039,H2 第二次入场,3,内,21171,-0.038,-4.08
5MIN,0.039,H2 第二次入场,3,外,12279,0.002,0.14
5MIN,0.039,H2 第二次入场,3,近3年,5619,-0.01,-0.62
5MIN,0.039,H1 第一次入场（对照）,3,内,37236,-0.022,-3.03
5MIN,0.039,H1 第一次入场（对照）,3,外,22588,0.002,0.27
5MIN,0.039,H1 第一次入场（对照）,3,近3年,10301,0.013,1.03
5MIN,0.039,旗形突破,3,内,883,-0.042,-0.84
5MIN,0.039,旗形突破,3,外,506,-0.058,-0.94
5MIN,0.039,旗形突破,3,近3年,234,-0.002,-0.02
5MIN,0.039,无旗杆区间突破（对照）,3,内,11306,0.008,0.61
5MIN,0.039,无旗杆区间突破（对照）,3,外,7624,-0.019,-1.67
5MIN,0.039,无旗杆区间突破（对照）,3,近3年,2984,0.018,0.88
5MIN,0.039,H2 第二次入场,6,内,21171,-0.043,-3.16
5MIN,0.039,H2 第二次入场,6,外,12279,-0.006,-0.36
5MIN,0.039,H2 第二次入场,6,近3年,5619,0.001,0.05
5MIN,0.039,H1 第一次入场（对照）,6,内,37236,-0.034,-3.32
5MIN,0.039,H1 第一次入场（对照）,6,外,22588,-0.017,-1.45
5MIN,0.039,H1 第一次入场（对照）,6,近3年,10301,0.001,0.07
5MIN,0.039,旗形突破,6,内,883,-0.036,-0.52
5MIN,0.039,旗形突破,6,外,506,-0.027,-0.32
5MIN,0.039,旗形突破,6,近3年,234,-0.014,-0.11
5MIN,0.039,无旗杆区间突破（对照）,6,内,11306,0.009,0.5
5MIN,0.039,无旗杆区间突破（对照）,6,外,7623,-0.015,-0.84
5MIN,0.039,无旗杆区间突破（对照）,6,近3年,2983,0.043,1.29
5MIN,0.039,H2 第二次入场,12,内,21171,-0.053,-2.71
5MIN,0.039,H2 第二次入场,12,外,12279,-0.004,-0.19
5MIN,0.039,H2 第二次入场,12,近3年,5619,-0.014,-0.4
5MIN,0.039,H1 第一次入场（对照）,12,内,37236,-0.053,-3.66
5MIN,0.039,H1 第一次入场（对照）,12,外,22588,-0.038,-2.14
5MIN,0.039,H1 第一次入场（对照）,12,近3年,10301,-0.019,-0.74
5MIN,0.039,旗形突破,12,内,883,0.003,0.03
5MIN,0.039,旗形突破,12,外,506,-0.028,-0.22
5MIN,0.039,旗形突破,12,近3年,234,0.041,0.23
5MIN,0.039,无旗杆区间突破（对照）,12,内,11306,-0.059,-2.31
5MIN,0.039,无旗杆区间突破（对照）,12,外,7623,0.016,0.68
5MIN,0.039,无旗杆区间突破（对照）,12,近3年,2983,0.089,2.18
5MIN,0.039,H2 第二次入场,24,内,21171,-0.011,-0.4
5MIN,0.039,H2 第二次入场,24,外,12279,-0.045,-1.36
5MIN,0.039,H2 第二次入场,24,近3年,5619,-0.03,-0.61
5MIN,0.039,H1 第一次入场（对照）,24,内,37236,-0.04,-1.92
5MIN,0.039,H1 第一次入场（对照）,24,外,22588,-0.045,-1.77
5MIN,0.039,H1 第一次入场（对照）,24,近3年,10301,-0.042,-1.15
5MIN,0.039,旗形突破,24,内,883,0.091,0.71
5MIN,0.039,旗形突破,24,外,506,-0.076,-0.47
5MIN,0.039,旗形突破,24,近3年,234,-0.004,-0.02
5MIN,0.039,无旗杆区间突破（对照）,24,内,11306,-0.14,-3.74
5MIN,0.039,无旗杆区间突破（对照）,24,外,7623,0.016,0.46
5MIN,0.039,无旗杆区间突破（对照）,24,近3年,2983,0.101,1.65
15MIN,0.022,H2 第二次入场,3,内,7553,0.018,1.19
15MIN,0.022,H2 第二次入场,3,外,4377,0.01,0.54
15MIN,0.022,H2 第二次入场,3,近3年,1963,0.018,0.65
15MIN,0.022,H1 第一次入场（对照）,3,内,13059,0.004,0.34
15MIN,0.022,H1 第一次入场（对照）,3,外,7548,0.015,1.09
15MIN,0.022,H1 第一次入场（对照）,3,近3年,3365,0.026,1.25
15MIN,0.022,旗形突破,3,内,391,-0.123,-1.94
15MIN,0.022,旗形突破,3,外,237,-0.062,-0.96
15MIN,0.022,旗形突破,3,近3年,100,-0.155,-1.73
15MIN,0.022,无旗杆区间突破（对照）,3,内,3938,0.012,0.52
15MIN,0.022,无旗杆区间突破（对照）,3,外,2238,-0.031,-1.37
15MIN,0.022,无旗杆区间突破（对照）,3,近3年,854,-0.008,-0.21
15MIN,0.022,H2 第二次入场,6,内,7553,0.007,0.33
15MIN,0.022,H2 第二次入场,6,外,4377,0.0,0.01
15MIN,0.022,H2 第二次入场,6,近3年,1963,0.027,0.68
15MIN,0.022,H1 第一次入场（对照）,6,内,13059,0.017,1.0
15MIN,0.022,H1 第一次入场（对照）,6,外,7548,-0.001,-0.06
15MIN,0.022,H1 第一次入场（对照）,6,近3年,3365,0.016,0.54
15MIN,0.022,旗形突破,6,内,391,-0.287,-3.07
15MIN,0.022,旗形突破,6,外,237,-0.176,-1.73
15MIN,0.022,旗形突破,6,近3年,100,-0.263,-1.85
15MIN,0.022,无旗杆区间突破（对照）,6,内,3938,-0.026,-0.78
15MIN,0.022,无旗杆区间突破（对照）,6,外,2238,-0.031,-0.9
15MIN,0.022,无旗杆区间突破（对照）,6,近3年,854,-0.074,-1.19
15MIN,0.022,H2 第二次入场,12,内,7553,0.036,1.12
15MIN,0.022,H2 第二次入场,12,外,4377,0.043,1.13
15MIN,0.022,H2 第二次入场,12,近3年,1963,0.065,1.12
15MIN,0.022,H1 第一次入场（对照）,12,内,13059,0.03,1.21
15MIN,0.022,H1 第一次入场（对照）,12,外,7548,0.004,0.13
15MIN,0.022,H1 第一次入场（对照）,12,近3年,3365,0.007,0.17
15MIN,0.022,旗形突破,12,内,391,-0.133,-1.0
15MIN,0.022,旗形突破,12,外,237,-0.05,-0.3
15MIN,0.022,旗形突破,12,近3年,100,0.098,0.38
15MIN,0.022,无旗杆区间突破（对照）,12,内,3938,-0.054,-1.27
15MIN,0.022,无旗杆区间突破（对照）,12,外,2238,-0.062,-1.25
15MIN,0.022,无旗杆区间突破（对照）,12,近3年,854,-0.037,-0.42
15MIN,0.022,H2 第二次入场,24,内,7553,0.13,2.77
15MIN,0.022,H2 第二次入场,24,外,4377,0.071,1.27
15MIN,0.022,H2 第二次入场,24,近3年,1963,0.114,1.37
15MIN,0.022,H1 第一次入场（对照）,24,内,13059,0.125,3.46
15MIN,0.022,H1 第一次入场（对照）,24,外,7547,0.006,0.15
15MIN,0.022,H1 第一次入场（对照）,24,近3年,3364,0.022,0.35
15MIN,0.022,旗形突破,24,内,391,-0.276,-1.62
15MIN,0.022,旗形突破,24,外,237,-0.279,-1.06
15MIN,0.022,旗形突破,24,近3年,100,0.009,0.02
15MIN,0.022,无旗杆区间突破（对照）,24,内,3938,-0.127,-2.13
15MIN,0.022,无旗杆区间突破（对照）,24,外,2238,-0.042,-0.63
15MIN,0.022,无旗杆区间突破（对照）,24,近3年,854,-0.038,-0.31
30MIN,0.015,H2 第二次入场,3,内,3884,-0.019,-0.91
30MIN,0.015,H2 第二次入场,3,外,2270,0.011,0.43
30MIN,0.015,H2 第二次入场,3,近3年,1033,0.011,0.29
30MIN,0.015,H1 第一次入场（对照）,3,内,6596,-0.011,-0.66
30MIN,0.015,H1 第一次入场（对照）,3,外,3834,0.022,1.1
30MIN,0.015,H1 第一次入场（对照）,3,近3年,1700,0.065,2.11
30MIN,0.015,旗形突破,3,内,228,-0.242,-3.01
30MIN,0.015,旗形突破,3,外,144,-0.078,-0.56
30MIN,0.015,旗形突破,3,近3年,69,-0.191,-1.03
30MIN,0.015,无旗杆区间突破（对照）,3,内,1925,0.009,0.28
30MIN,0.015,无旗杆区间突破（对照）,3,外,966,-0.014,-0.4
30MIN,0.015,无旗杆区间突破（对照）,3,近3年,352,0.001,0.01
30MIN,0.015,H2 第二次入场,6,内,3884,0.007,0.23
30MIN,0.015,H2 第二次入场,6,外,2270,0.053,1.4
30MIN,0.015,H2 第二次入场,6,近3年,1033,0.1,1.8
30MIN,0.015,H1 第一次入场（对照）,6,内,6596,-0.002,-0.1
30MIN,0.015,H1 第一次入场（对照）,6,外,3834,0.048,1.63
30MIN,0.015,H1 第一次入场（对照）,6,近3年,1700,0.073,1.67
30MIN,0.015,旗形突破,6,内,228,-0.206,-1.9
30MIN,0.015,旗形突破,6,外,144,-0.276,-1.9
30MIN,0.015,旗形突破,6,近3年,69,-0.351,-1.6
30MIN,0.015,无旗杆区间突破（对照）,6,内,1925,-0.041,-0.99
30MIN,0.015,无旗杆区间突破（对照）,6,外,966,-0.032,-0.65
30MIN,0.015,无旗杆区间突破（对照）,6,近3年,352,0.032,0.33
30MIN,0.015,H2 第二次入场,12,内,3884,0.044,1.03
30MIN,0.015,H2 第二次入场,12,外,2270,0.099,1.9
30MIN,0.015,H2 第二次入场,12,近3年,1033,0.185,2.38
30MIN,0.015,H1 第一次入场（对照）,12,内,6596,0.027,0.75
30MIN,0.015,H1 第一次入场（对照）,12,外,3834,0.077,1.86
30MIN,0.015,H1 第一次入场（对照）,12,近3年,1700,0.125,2.05
30MIN,0.015,旗形突破,12,内,228,-0.226,-1.61
30MIN,0.015,旗形突破,12,外,144,-0.367,-1.67
30MIN,0.015,旗形突破,12,近3年,69,-0.411,-1.51
30MIN,0.015,无旗杆区间突破（对照）,12,内,1925,-0.045,-0.73
30MIN,0.015,无旗杆区间突破（对照）,12,外,966,-0.053,-0.72
30MIN,0.015,无旗杆区间突破（对照）,12,近3年,352,0.029,0.22
30MIN,0.015,H2 第二次入场,24,内,3884,0.087,1.44
30MIN,0.015,H2 第二次入场,24,外,2270,0.212,2.88
30MIN,0.015,H2 第二次入场,24,近3年,1033,0.344,3.2
30MIN,0.015,H1 第一次入场（对照）,24,内,6596,0.075,1.53
30MIN,0.015,H1 第一次入场（对照）,24,外,3834,0.156,2.78
30MIN,0.015,H1 第一次入场（对照）,24,近3年,1700,0.241,2.9
30MIN,0.015,旗形突破,24,内,228,0.244,1.13
30MIN,0.015,旗形突破,24,外,144,-0.297,-0.91
30MIN,0.015,旗形突破,24,近3年,69,-0.365,-0.85
30MIN,0.015,无旗杆区间突破（对照）,24,内,1925,-0.006,-0.06
30MIN,0.015,无旗杆区间突破（对照）,24,外,966,0.133,1.08
30MIN,0.015,无旗杆区间突破（对照）,24,近3年,352,0.126,0.63
1H,0.01,H2 第二次入场,3,内,2109,0.043,1.63
1H,0.01,H2 第二次入场,3,外,1172,0.02,0.6
1H,0.01,H2 第二次入场,3,近3年,530,0.029,0.58
1H,0.01,H1 第一次入场（对照）,3,内,3388,0.017,0.77
1H,0.01,H1 第一次入场（对照）,3,外,1985,0.009,0.31
1H,0.01,H1 第一次入场（对照）,3,近3年,901,0.036,0.84
1H,0.01,旗形突破,3,内,187,-0.276,-3.43
1H,0.01,旗形突破,3,外,108,-0.048,-0.51
1H,0.01,旗形突破,3,近3年,42,0.319,2.0
1H,0.01,无旗杆区间突破（对照）,3,内,659,0.079,1.35
1H,0.01,无旗杆区间突破（对照）,3,外,314,0.171,2.27
1H,0.01,无旗杆区间突破（对照）,3,近3年,119,0.317,2.29
1H,0.01,H2 第二次入场,6,内,2109,0.063,1.71
1H,0.01,H2 第二次入场,6,外,1172,0.081,1.73
1H,0.01,H2 第二次入场,6,近3年,530,0.072,1.08
1H,0.01,H1 第一次入场（对照）,6,内,3388,0.026,0.82
1H,0.01,H1 第一次入场（对照）,6,外,1985,0.069,1.82
1H,0.01,H1 第一次入场（对照）,6,近3年,901,0.095,1.78
1H,0.01,旗形突破,6,内,187,-0.3,-2.49
1H,0.01,旗形突破,6,外,108,0.076,0.62
1H,0.01,旗形突破,6,近3年,42,0.486,2.18
1H,0.01,无旗杆区间突破（对照）,6,内,659,0.129,1.4
1H,0.01,无旗杆区间突破（对照）,6,外,314,0.203,1.79
1H,0.01,无旗杆区间突破（对照）,6,近3年,119,0.225,1.11
1H,0.01,H2 第二次入场,12,内,2109,0.067,1.14
1H,0.01,H2 第二次入场,12,外,1172,0.08,1.16
1H,0.01,H2 第二次入场,12,近3年,530,0.112,1.13
1H,0.01,H1 第一次入场（对照）,12,内,3388,0.045,1.0
1H,0.01,H1 第一次入场（对照）,12,外,1985,0.106,1.93
1H,0.01,H1 第一次入场（对照）,12,近3年,901,0.158,2.05
1H,0.01,旗形突破,12,内,187,-0.232,-1.11
1H,0.01,旗形突破,12,外,108,0.054,0.19
1H,0.01,旗形突破,12,近3年,42,0.802,2.04
1H,0.01,无旗杆区间突破（对照）,12,内,659,0.202,1.45
1H,0.01,无旗杆区间突破（对照）,12,外,314,0.469,2.74
1H,0.01,无旗杆区间突破（对照）,12,近3年,119,0.372,1.32
1H,0.01,H2 第二次入场,24,内,2109,-0.087,-1.06
1H,0.01,H2 第二次入场,24,外,1172,0.035,0.34
1H,0.01,H2 第二次入场,24,近3年,530,0.049,0.33
1H,0.01,H1 第一次入场（对照）,24,内,3388,-0.016,-0.24
1H,0.01,H1 第一次入场（对照）,24,外,1985,0.032,0.4
1H,0.01,H1 第一次入场（对照）,24,近3年,901,0.059,0.5
1H,0.01,旗形突破,24,内,187,0.008,0.03
1H,0.01,旗形突破,24,外,108,-0.019,-0.06
1H,0.01,旗形突破,24,近3年,42,0.72,1.57
1H,0.01,无旗杆区间突破（对照）,24,内,659,0.165,0.9
1H,0.01,无旗杆区间突破（对照）,24,外,314,0.752,3.28
1H,0.01,无旗杆区间突破（对照）,24,近3年,119,0.744,1.87
4H,0.005,H2 第二次入场,3,内,632,-0.058,-1.02
4H,0.005,H2 第二次入场,3,外,340,0.012,0.15
4H,0.005,H2 第二次入场,3,近3年,158,0.206,1.61
4H,0.005,H1 第一次入场（对照）,3,内,1034,-0.018,-0.44
4H,0.005,H1 第一次入场（对照）,3,外,582,-0.004,-0.06
4H,0.005,H1 第一次入场（对照）,3,近3年,261,0.049,0.52
4H,0.005,旗形突破,3,内,53,-0.017,-0.07
4H,0.005,旗形突破,3,外,18,0.025,0.08
4H,0.005,无旗杆区间突破（对照）,3,内,45,0.222,0.91
4H,0.005,无旗杆区间突破（对照）,3,外,20,0.028,0.08
4H,0.005,H2 第二次入场,6,内,632,-0.017,-0.21
4H,0.005,H2 第二次入场,6,外,340,0.002,0.02
4H,0.005,H2 第二次入场,6,近3年,158,0.209,1.32
4H,0.005,H1 第一次入场（对照）,6,内,1034,-0.062,-1.08
4H,0.005,H1 第一次入场（对照）,6,外,581,0.077,0.98
4H,0.005,H1 第一次入场（对照）,6,近3年,260,0.224,1.8
4H,0.005,旗形突破,6,内,53,0.144,0.4
4H,0.005,旗形突破,6,外,18,0.156,0.46
4H,0.005,无旗杆区间突破（对照）,6,内,45,-0.2,-0.58
4H,0.005,无旗杆区间突破（对照）,6,外,20,0.118,0.25
4H,0.005,H2 第二次入场,12,内,632,0.108,0.94
4H,0.005,H2 第二次入场,12,外,340,0.094,0.64
4H,0.005,H2 第二次入场,12,近3年,158,0.531,2.42
4H,0.005,H1 第一次入场（对照）,12,内,1034,-0.063,-0.73
4H,0.005,H1 第一次入场（对照）,12,外,581,0.152,1.41
4H,0.005,H1 第一次入场（对照）,12,近3年,260,0.395,2.34
4H,0.005,旗形突破,12,内,53,0.173,0.33
4H,0.005,旗形突破,12,外,18,-0.004,-0.01
4H,0.005,无旗杆区间突破（对照）,12,内,45,-0.337,-0.65
4H,0.005,无旗杆区间突破（对照）,12,外,20,0.515,0.82
4H,0.005,H2 第二次入场,24,内,632,0.22,1.38
4H,0.005,H2 第二次入场,24,外,340,0.202,0.96
4H,0.005,H2 第二次入场,24,近3年,158,0.468,1.45
4H,0.005,H1 第一次入场（对照）,24,内,1034,0.046,0.37
4H,0.005,H1 第一次入场（对照）,24,外,581,0.29,1.82
4H,0.005,H1 第一次入场（对照）,24,近3年,260,0.47,1.96
4H,0.005,旗形突破,24,内,53,-0.322,-0.57
4H,0.005,旗形突破,24,外,18,-0.127,-0.14
4H,0.005,无旗杆区间突破（对照）,24,内,45,-0.259,-0.44
4H,0.005,无旗杆区间突破（对照）,24,外,20,-0.257,-0.26
